英文词条,中文参考译法,词性,领域,适用法域,类型,英文释义,中文辅助说明,使用语境,同义词或变体,常见搭配,权威来源,条目ID,数据许可,审核状态,词典基线,源词目ID,来源对齐状态,交叉参照目标
a aver et tener,持有并享有；“to have and to hold”（古法语）,phrase,"property,legal_history",HISTORICAL,phrase,"An old Law French conveyancing phrase meaning “to have and to hold,” traditionally associated with the habendum portion of a deed.",历史上的财产让与用语，常与契据中的 habendum clause（持有条款）联系。现代美国法律文件一般不会把它作为日常表达使用。,Historical conveyancing and deed language,to have and to hold; habendum,habendum clause,"Black's Law Dictionary (8th ed., 2004), p. 3",blacks-a-aver-et-tener,CC-BY-4.0,blacks_baseline_review,Black's,,inherited_citation_not_rechecked,
a coelo usque ad centrum,自天空直至地心（历史格言）,phrase,"property,legal_latin",LEGAL-LATIN; HISTORICAL,cross_reference,"See cuius est solum, eius est usque ad coelum et ad inferos.",保留来源的参照关系；参照目标是否已编写另行统计。,property; legal latin; cross-reference lookup,,,"Oxford Dictionary of Law (10th ed., 2022), headword 'a coelo usque ad centrum', entry acref-9780192897497-e-61; cross-reference checked against supplied EPUB",oxford10-61-s1,CC-BY-4.0,historical_reference_review,Oxford,acref-9780192897497-e-61,black_alignment_pending,"cuius est solum, eius est usque ad coelum et ad inferos"
a posteriori,后验的；基于经验的,adverb phrase,"jurisprudence,legal_latin",LEGAL-LATIN,term,Reasoning from observation or established experience rather than solely from prior conceptual premises.,与 a priori 相对。,jurisprudence; legal latin; a posteriori reasoning,,a posteriori reasoning,"Oxford Dictionary of Law (10th ed., 2022), headword 'a posteriori', entry acref-9780192897497-e-223; source headword/sense checked against supplied EPUB; independent OpenLegalLexicon explanation",oxford10-223-s1,CC-BY-4.0,baseline_concept_review,Oxford,acref-9780192897497-e-223,black_alignment_pending,
a priori,先验的；基于先在前提的,adverb phrase,"jurisprudence,legal_latin",LEGAL-LATIN,term,Reasoning from conceptual premises rather than deriving the conclusion from observation.,与 a posteriori 相对。,jurisprudence; legal latin; a priori reasoning,,a priori reasoning,"Oxford Dictionary of Law (10th ed., 2022), headword 'a priori', entry acref-9780192897497-e-243; source headword/sense checked against supplied EPUB; independent OpenLegalLexicon explanation",oxford10-243-s1,CC-BY-4.0,baseline_concept_review,Oxford,acref-9780192897497-e-243,black_alignment_pending,
AAU,主张使用修正（AAU）,abbreviation,trademark,US-FEDERAL,abbreviation,"A U.S. trademark-practice abbreviation for an amendment to allege use. In a Section 1(b) intent-to-use application, the filing is used to assert actual use of the mark in commerce before the application is approved for publication.",美国商标申请中的缩写。意向使用（intent-to-use）申请人在商标获准公告前已经实际投入商业使用时，可通过 AAU 主张使用；公告后通常改用 Statement of Use。,U.S. trademark prosecution,Amendment to Allege Use; allegation of use,file an AAU; withdraw an AAU,"Black's Law Dictionary (8th ed., 2004), p. 3; USPTO, Intent-to-Use (ITU) basis / Allegation of Use",blacks-aau,CC-BY-4.0,blacks_baseline_review,Black's,,inherited_citation_not_rechecked,
AB,适任水手（AB，缩写）,abbreviation,maritime,US-MARITIME,abbreviation,"An abbreviation referring to an able-bodied seaman, a maritime occupational classification.",Black's 将该缩写交叉参照至 able-bodied seaman。这里的 AB 是海事人员类别缩写，不应与其他领域同形缩写混淆。,Maritime employment and seafarer terminology,able-bodied seaman,AB seaman,"Black's Law Dictionary (8th ed., 2004), p. 3",blacks-ab-seaman,CC-BY-4.0,blacks_baseline_review,Black's,,inherited_citation_not_rechecked,able-bodied seaman
ab,从；由；因（拉丁介词）,preposition,legal_latin,LEGAL-LATIN,term,"A Latin preposition appearing in legal phrases and citations, generally conveying the sense of “from,” “by,” or “of,” depending on context.",属于法律拉丁语基础介词，本身通常不是独立实体法概念；应结合其所在拉丁短语理解。,Legal Latin,a; abs,Latin legal phrases,"Black's Law Dictionary (8th ed., 2004), p. 3",blacks-ab-latin,CC-BY-4.0,blacks_baseline_review,Black's,,inherited_citation_not_rechecked,
ab actis,书记员；档案官（罗马法旧语）,noun,"roman_law,legal_history",ROMAN-LAW-HISTORICAL,term,"In Roman-law usage, an official responsible for maintaining public or judicial records, comparable in function to a clerk or notary.",罗马法和古代行政司法制度中的职务称谓，主要用于法律史阅读；不对应现代美国法院中的单一正式职位。,Roman law and legal history,court clerk; notary,,"Black's Law Dictionary (8th ed., 2004), p. 3",blacks-ab-actis,CC-BY-4.0,blacks_baseline_review,Black's,,inherited_citation_not_rechecked,
ab agendo,不能行为；不能处理事务（拉丁旧语）,adjective phrase,"legal_latin,capacity",ROMAN-LAW-HISTORICAL,term,A Latin expression describing a person who is unable to act or to conduct business because of incapacity.,属于历史法律拉丁语。它表达的是不能处理事务的状态，不宜直接等同于现代美国法中某一种特定的 incapacity 法定标准。,Legal Latin and historical capacity doctrine,incapacitated,,"Black's Law Dictionary (8th ed., 2004), p. 3",blacks-ab-agendo,CC-BY-4.0,blacks_baseline_review,Black's,,inherited_citation_not_rechecked,
ab ante,事先；提前,phrase,legal_latin,LEGAL-LATIN,term,Beforehand or in advance of the relevant event.,法律拉丁语旧用。,legal latin; agreement ab ante,,agreement ab ante,"Black's Law Dictionary (2nd ed., 1910), headword 'ab ante'; OpenJurist transcription https://openjurist.org/law-dictionary/blacks-1910/ab-ante; historical baseline; independent OpenLegalLexicon explanation",blacks1910-ab-ante-s1,CC-BY-4.0,baseline_concept_review,Black's,blacks-1910:ab-ante,blacks_only_against_oxford10_index,
ab antecedente,预先；在前,phrase,legal_latin,LEGAL-LATIN,term,In advance of the matter being considered.,与现代术语的独立制度含义区分。,legal latin; ab antecedente,,ab antecedente,"Black's Law Dictionary (2nd ed., 1910), headword 'ab antecedente'; OpenJurist transcription https://openjurist.org/law-dictionary/blacks-1910/ab-antecedente; historical baseline; independent OpenLegalLexicon explanation",blacks1910-ab-antecedente-s1,CC-BY-4.0,baseline_concept_review,Black's,blacks-1910:ab-antecedente,blacks_only_against_oxford10_index,
ab antiquo,自古以来；古老地,phrase,legal_latin,LEGAL-LATIN,term,From ancient times or of longstanding origin.,不自动满足现代法定时效。,legal latin; right claimed ab antiquo,,right claimed ab antiquo,"Black's Law Dictionary (2nd ed., 1910), headword 'ab antiquo'; OpenJurist transcription https://openjurist.org/law-dictionary/blacks-1910/ab-antiquo; historical baseline; independent OpenLegalLexicon explanation",blacks1910-ab-antiquo-s1,CC-BY-4.0,baseline_concept_review,Black's,blacks-1910:ab-antiquo,blacks_only_against_oxford10_index,
ab initio,自始；从开始时,adverb phrase,legal_latin,LEGAL-LATIN,latin_reference,"From the outset of the relevant act, status, or period.",与可撤销交易的撤销效果分别判断。,legal latin; void ab initio,,void ab initio,"Oxford Dictionary of Law (10th ed., 2022), headword 'ab initio', entry acref-9780192897497-e-6; source headword/sense checked against supplied EPUB; independent OpenLegalLexicon explanation",oxford-ab-initio,CC-BY-4.0,baseline_concept_review,Oxford,acref-9780192897497-e-6,black_alignment_pending,
ab intestato,无遗嘱继承地,adverb phrase,"succession,legal_latin",LEGAL-LATIN,term,Through succession following death without an effective will governing the relevant property.,不是对任何无效遗嘱后果的完整解释。,succession; legal latin; succession ab intestato,,succession ab intestato,"Oxford Dictionary of Law (10th ed., 2022), headword 'ab intestato', entry acref-9780192897497-e-4358; source headword/sense checked against supplied EPUB; independent OpenLegalLexicon explanation",oxford-ab-intestato,CC-BY-4.0,baseline_concept_review,Oxford,acref-9780192897497-e-4358,black_alignment_pending,
ABA,美国律师协会；美国银行家协会（ABA）,abbreviation,"institutions,legal_abbreviations",US,abbreviation,An abbreviation that commonly denotes the American Bar Association in legal contexts and may also denote the American Bankers Association in banking contexts.,在美国法律材料中 ABA 通常首先指 American Bar Association；在银行业资料中也可能指 American Bankers Association，需按语境判断。,U.S. legal and banking institutions,American Bar Association; American Bankers Association,ABA Model Rules; ABA standards,"Black's Law Dictionary (8th ed., 2004), p. 3",blacks-aba,CC-BY-4.0,blacks_baseline_review,Black's,,inherited_citation_not_rechecked,
abacinate,以高热致盲（古语）,verb,legal_history,HISTORICAL,term,An archaic verb describing the act of blinding a person by exposing the eyes to intense heat from heated metal.,历史性刑罚或暴力描述用语，并非现代美国法中常用的罪名或法定术语，保留主要用于阅读旧法律文献。,Historical legal vocabulary,,,"Black's Law Dictionary (8th ed., 2004), p. 3",blacks-abacinate,CC-BY-4.0,blacks_baseline_review,Black's,,inherited_citation_not_rechecked,
abaction,盗赶牲畜；牲畜盗窃（古语）,noun,"criminal,legal_history",HISTORICAL,cross_reference,See abigeatus.,Black's 本词条主要作交叉参照。现代美国刑法通常按 theft、larceny 或州法特定 livestock-theft 规则处理，不使用 abaction 作为常见罪名。,Historical criminal-law vocabulary,abigeatus,,"Black's Law Dictionary (8th ed., 2004), p. 3",blacks-abaction,CC-BY-4.0,blacks_baseline_review,Black's,,inherited_citation_not_rechecked,abigeatus
abactor,盗牲畜者（古语）,noun,"criminal,legal_history",HISTORICAL,cross_reference,See abigeus.,历史用语。现代案件应按具体州法的盗窃、牲畜盗窃等规范判断。,Historical criminal-law vocabulary,abigeus,,"Black's Law Dictionary (8th ed., 2004), p. 3",blacks-abactor,CC-BY-4.0,blacks_baseline_review,Black's,,inherited_citation_not_rechecked,abigeus
abalienation,财产权利让与；转让（大陆法／罗马法旧语）,noun,"property,roman_law",CIVIL-LAW-HISTORICAL,term,"In civil-law and Roman-law usage, the transfer or alienation of title or another interest in property from one person to another.",主要是法律史和大陆法传统中的用语；现代美国财产法通常使用 alienation、transfer、conveyance 等表达。,Property law and legal history,alienation; transfer; conveyance,alienate property,"Black's Law Dictionary (8th ed., 2004), p. 3",blacks-abalienation,CC-BY-4.0,blacks_baseline_review,Black's,,inherited_citation_not_rechecked,
abamita,远祖辈姑姨；高辈旁系女性亲属（罗马法旧称）,noun,"family,roman_law,legal_history",ROMAN-LAW-HISTORICAL,term,"A Roman and civil-law kinship term for a very remote aunt in the ascending collateral line, traditionally rendered in English as a great-great-great-aunt.",属于罗马法亲属称谓，现代美国亲属法和继承法中几乎不作为日常术语使用；中文以帮助理解亲属层级为主，不强求一一对应传统称谓。,Roman-law kinship terminology,,,"Black's Law Dictionary (8th ed., 2004), p. 4",blacks-abamita,CC-BY-4.0,blacks_baseline_review,Black's,,inherited_citation_not_rechecked,
abandon,放弃；舍弃,noun,property,COMMON-LAW,term,To intentionally relinquish a relevant right or property interest.,不是单纯遗失或暂时不使用。,property; abandon a right,,abandon a right,"Black's Law Dictionary (2nd ed., 1910), headword 'abandon'; OpenJurist transcription https://openjurist.org/law-dictionary/blacks-1910/abandon; historical baseline; independent OpenLegalLexicon explanation",blacks1910-abandon-s1,CC-BY-4.0,baseline_concept_review,Black's,blacks-1910:abandon,blacks_only_against_oxford10_index,
abandonee,接受委付者,noun,marine_insurance,HISTORICAL,term,The person to whom property or an insured interest is relinquished through abandonment.,历史保险语境；现代法律效果需另查。,marine insurance; marine insurance abandonee,,marine insurance abandonee,"Black's Law Dictionary (2nd ed., 1910), headword 'abandonee'; OpenJurist transcription https://openjurist.org/law-dictionary/blacks-1910/abandonee; historical baseline; independent OpenLegalLexicon explanation",blacks1910-abandonee-s1,CC-BY-4.0,historical_reference_review,Black's,blacks-1910:abandonee,blacks_only_against_oxford10_index,
abandonment,放弃财产权利,noun,property,COMMON-LAW,term,Intentional relinquishment of an ownership interest or other proprietary right.,遗失不当然构成放弃。,property; abandonment of property,,abandonment of property,"Oxford Dictionary of Law (10th ed., 2022), headword 'abandonment', entry acref-9780192897497-e-1; source headword/sense checked against supplied EPUB; independent OpenLegalLexicon explanation; Black's Law Dictionary (2nd ed., 1910), abandonment, property sense, https://openjurist.org/law-dictionary/blacks-1910/abandonment",oxford-abandonment,CC-BY-4.0,baseline_concept_review,Both,acref-9780192897497-e-1,both_same_sense_checked,
abandonment,保险委付,noun,marine_insurance,ENGLAND-WALES,term,Surrender of an insured interest to the insurer when a marine loss is treated as a constructive total loss.,不是一般的弃置财物；通知条件待现行法复核。,marine insurance; notice of abandonment,,notice of abandonment,"Oxford Dictionary of Law (10th ed., 2022), headword 'abandonment', entry acref-9780192897497-e-1; source headword/sense checked against supplied EPUB; independent OpenLegalLexicon explanation",oxford10-1-s2,CC-BY-4.0,needs_current_law_review,Oxford,acref-9780192897497-e-1,black_alignment_pending,
abandonment,放弃诉讼请求,noun,civil_procedure,ENGLAND-WALES,term,"Relinquishment of a civil claim or appeal, wholly or in part.",程序上应区分撤诉、撤回请求及其后果。,civil procedure; abandonment of a claim,,abandonment of a claim,"Oxford Dictionary of Law (10th ed., 2022), headword 'abandonment', entry acref-9780192897497-e-1; source headword/sense checked against supplied EPUB; independent OpenLegalLexicon explanation",oxford10-1-s3,CC-BY-4.0,needs_current_law_review,Oxford,acref-9780192897497-e-1,black_alignment_pending,
abandonment,遗弃儿童,noun,"family,criminal",ENGLAND-WALES,term,Leaving a child without the care or protection for which a parent or guardian is responsible.,具体犯罪和收养后果需另查现行法。,family; criminal; child abandonment,,child abandonment,"Oxford Dictionary of Law (10th ed., 2022), headword 'abandonment', entry acref-9780192897497-e-1; source headword/sense checked against supplied EPUB; independent OpenLegalLexicon explanation",oxford10-1-s4,CC-BY-4.0,needs_current_law_review,Oxford,acref-9780192897497-e-1,black_alignment_pending,
abatement,排除妨害,noun,"tort,property",COMMON-LAW,term,Removal or suppression of a nuisance through measures permitted by the governing law.,不意味着可以任意采取自力救济。,tort; property; abatement of nuisance,,abatement of nuisance,"Oxford Dictionary of Law (10th ed., 2022), headword 'abatement', entry acref-9780192897497-e-2; source headword/sense checked against supplied EPUB; independent OpenLegalLexicon explanation",oxford10-2-s3,CC-BY-4.0,baseline_concept_review,Oxford,acref-9780192897497-e-2,black_alignment_pending,
abatement,债务比例减偿,noun,insolvency,ENGLAND-WALES,term,Proportionate reduction of payments to creditors when available assets cannot satisfy their claims in full.,不是当然免除全部债务。,insolvency; abatement of debts,,abatement of debts,"Oxford Dictionary of Law (10th ed., 2022), headword 'abatement', entry acref-9780192897497-e-2; source headword/sense checked against supplied EPUB; independent OpenLegalLexicon explanation",oxford-abatement,CC-BY-4.0,needs_current_law_review,Oxford,acref-9780192897497-e-2,black_alignment_pending,
abatement,遗赠减缩,noun,succession,ENGLAND-WALES,term,Reduction of testamentary gifts because the distributable estate cannot satisfy all gifts in full.,应区分遗赠种类及受偿顺序。,succession; abatement of legacies,,abatement of legacies,"Oxford Dictionary of Law (10th ed., 2022), headword 'abatement', entry acref-9780192897497-e-2; source headword/sense checked against supplied EPUB; independent OpenLegalLexicon explanation",oxford10-2-s2,CC-BY-4.0,needs_current_law_review,Oxford,acref-9780192897497-e-2,black_alignment_pending,
abatement,土地交易或租金减除,noun,"property,contracts",ENGLAND-WALES,term,Reduction of rent or purchase money under the relevant property transaction or remedial rule.,与遗赠减缩及妨害排除分列。,property; contracts; abatement of rent,,abatement of rent,"Oxford Dictionary of Law (10th ed., 2022), headword 'abatement', entry acref-9780192897497-e-2; source headword/sense checked against supplied EPUB; independent OpenLegalLexicon explanation",oxford10-2-s5,CC-BY-4.0,needs_current_law_review,Oxford,acref-9780192897497-e-2,black_alignment_pending,
abatement,诉讼失效或终止（旧制）,noun,"civil_procedure,legal_history",HISTORICAL,historical_reference,Cessation of proceedings because an event or procedural defect prevents the action from continuing in its existing form.,旧普通法制度；现代程序的承继或更正规则另查。,civil procedure; legal history; abatement of an action,,abatement of an action,"Oxford Dictionary of Law (10th ed., 2022), headword 'abatement', entry acref-9780192897497-e-2; source headword/sense checked against supplied EPUB; independent OpenLegalLexicon explanation",oxford10-2-s4,CC-BY-4.0,historical_reference_review,Oxford,acref-9780192897497-e-2,black_alignment_pending,
abatement of a nuisance,排除妨害,noun phrase,"tort,property",COMMON-LAW,term,Measures legally permitted to remove or stop a nuisance.,自力救济权限不得仅凭名称推定。,tort; property; nuisance abatement,,nuisance abatement,"Black's Law Dictionary (2nd ed., 1910), headword 'abatement of a nuisance'; OpenJurist transcription https://openjurist.org/law-dictionary/blacks-1910/abatement-of-a-nuisance; historical baseline; independent OpenLegalLexicon explanation",blacks1910-abatement-of-a-nuisance-s1,CC-BY-4.0,baseline_concept_review,Black's,blacks-1910:abatement-of-a-nuisance,blacks_only_against_oxford10_index,
abatement of freehold,无权先占继承土地（旧制）,noun phrase,"property,legal_history",HISTORICAL,term,Wrongful entry by a stranger after the owner's death and before the entitled successor takes possession.,旧土地法术语。,property; legal history; abatement of freehold,,abatement of freehold,"Black's Law Dictionary (2nd ed., 1910), headword 'abatement of freehold'; OpenJurist transcription https://openjurist.org/law-dictionary/blacks-1910/abatement-of-freehold; historical baseline; independent OpenLegalLexicon explanation",blacks1910-abatement-of-freehold-s1,CC-BY-4.0,historical_reference_review,Black's,blacks-1910:abatement-of-freehold,blacks_only_against_oxford10_index,
abator,先于继承人无权占有者（旧制）,noun,"property,legal_history",HISTORICAL,term,A stranger making the historical wrongful entry known as abatement of freehold.,不是任一侵权人或妨害排除人。,property; legal history; freehold abator,,freehold abator,"Black's Law Dictionary (2nd ed., 1910), headword 'abator'; OpenJurist transcription https://openjurist.org/law-dictionary/blacks-1910/abator; historical baseline; independent OpenLegalLexicon explanation",blacks1910-abator-s1,CC-BY-4.0,historical_reference_review,Black's,blacks-1910:abator,blacks_only_against_oxford10_index,
abbreviations,缩略形式,noun,legal_language,GENERAL,term,Conventional shortened forms used in place of names or expressions.,展开取决于语境；本词目不是某一专门缩写。,legal language; legal abbreviations,,legal abbreviations,"Black's Law Dictionary (2nd ed., 1910), headword 'abbreviations'; OpenJurist transcription https://openjurist.org/law-dictionary/blacks-1910/abbreviations; historical baseline; independent OpenLegalLexicon explanation",blacks1910-abbreviations-s1,CC-BY-4.0,baseline_concept_review,Black's,blacks-1910:abbreviations,blacks_only_against_oxford10_index,
abduction,诱拐；非法带走或拘留,noun,"criminal,family",COMMON-LAW,term,"Wrongfully taking a person away or keeping that person under control, including wrongful removal or retention of a child.",与 kidnapping、false imprisonment 的范围不完全相同。,criminal; family; child abduction,,child abduction,"Oxford Dictionary of Law (10th ed., 2022), headword 'abduction', entry acref-9780192897497-e-3; source headword/sense checked against supplied EPUB; independent OpenLegalLexicon explanation",oxford-abduction,CC-BY-4.0,baseline_concept_review,Oxford,acref-9780192897497-e-3,black_alignment_pending,
abet,帮助；教唆,noun,criminal,COMMON-LAW,cross_reference,See aid and abet.,保留来源的参照关系；参照目标是否已编写另行统计。,criminal; cross-reference lookup,,,"Oxford Dictionary of Law (10th ed., 2022), headword 'abet', entry acref-9780192897497-e-4; cross-reference checked against supplied EPUB",oxford-abet,CC-BY-4.0,cross_reference_review,Oxford,acref-9780192897497-e-4,black_alignment_pending,aid and abet
ABH,实际身体伤害（缩写）,abbreviation,criminal,ENGLAND-WALES,abbreviation,Abbreviation for actual bodily harm.,缩写展开限于本法域和本语境，不能据此排除其他同形缩写。,criminal; cross-reference lookup,,,"Oxford Dictionary of Law (10th ed., 2022), headword 'ABH', entry acref-9780192897497-e-5; cross-reference checked against supplied EPUB",oxford-abh,CC-BY-4.0,needs_current_law_review,Oxford,acref-9780192897497-e-5,black_alignment_pending,actual bodily harm
abode,住所；惯常居所,noun,residence,COMMON-LAW,term,The place where a person lives for the purpose relevant to a particular legal rule.,与 domicile 不当然相同。,residence; usual place of abode,,usual place of abode,"Black's Law Dictionary (2nd ed., 1910), headword 'abode'; OpenJurist transcription https://openjurist.org/law-dictionary/blacks-1910/abode; historical baseline; independent OpenLegalLexicon explanation",blacks1910-abode-s1,CC-BY-4.0,baseline_concept_review,Black's,blacks-1910:abode,blacks_only_against_oxford10_index,
abordage,船舶碰撞（法语）,noun,"maritime,legal_history",HISTORICAL,term,A French maritime expression for collision between vessels.,仅保留历史参考义项。,maritime; legal history; abordage of vessels,,abordage of vessels,"Black's Law Dictionary (2nd ed., 1910), headword 'abordage'; OpenJurist transcription https://openjurist.org/law-dictionary/blacks-1910/abordage; historical baseline; independent OpenLegalLexicon explanation",blacks1910-abordage-s1,CC-BY-4.0,historical_reference_review,Black's,blacks-1910:abordage,blacks_only_against_oxford10_index,
abortion,人工流产；终止妊娠,noun,"medical,criminal",UK,term,"Medical termination of a pregnancy, regulated through the applicable healthcare and criminal-law framework.",各组成法域的合法条件可能不同。,medical; criminal; abortion services,,abortion services,"Oxford Dictionary of Law (10th ed., 2022), headword 'abortion', entry acref-9780192897497-e-7; source headword/sense checked against supplied EPUB; independent OpenLegalLexicon explanation",oxford-abortion,CC-BY-4.0,needs_current_law_review,Oxford,acref-9780192897497-e-7,black_alignment_pending,
abridge,删节；缩减,noun,legal_language,GENERAL,term,To shorten a text or reduce the extent of a right.,不同宾语产生不同法律语境。,legal language; abridge a right,,abridge a right,"Black's Law Dictionary (2nd ed., 1910), headword 'abridge'; OpenJurist transcription https://openjurist.org/law-dictionary/blacks-1910/abridge; historical baseline; independent OpenLegalLexicon explanation",blacks1910-abridge-s1,CC-BY-4.0,baseline_concept_review,Black's,blacks-1910:abridge,blacks_only_against_oxford10_index,
abridgment,删节本；法律摘要,noun,legal_language,GENERAL,term,A condensed work preserving selected substance from a larger text.,与版权许可及具体法定限制另行判断。,legal language; abridgment of legal materials,,abridgment of legal materials,"Black's Law Dictionary (2nd ed., 1910), headword 'abridgment'; OpenJurist transcription https://openjurist.org/law-dictionary/blacks-1910/abridgment; historical baseline; independent OpenLegalLexicon explanation",blacks1910-abridgment-s1,CC-BY-4.0,baseline_concept_review,Black's,blacks-1910:abridgment,blacks_only_against_oxford10_index,
abrogate,废除；撤销规范,noun,legislation,GENERAL,term,To remove the legal operation of a rule or enactment through a competent legal act.,区别于仅修改部分规则。,legislation; abrogate a law,,abrogate a law,"Black's Law Dictionary (2nd ed., 1910), headword 'abrogate'; OpenJurist transcription https://openjurist.org/law-dictionary/blacks-1910/abrogate; historical baseline; independent OpenLegalLexicon explanation",blacks1910-abrogate-s1,CC-BY-4.0,baseline_concept_review,Black's,blacks-1910:abrogate,blacks_only_against_oxford10_index,
abrogation,规范废除,noun,legislation,GENERAL,term,Removal of a legal rule's effect by an authorized repeal or equivalent process.,不能把不遵守规范等同合法废除。,legislation; abrogation of a rule,,abrogation of a rule,"Black's Law Dictionary (2nd ed., 1910), headword 'abrogation'; OpenJurist transcription https://openjurist.org/law-dictionary/blacks-1910/abrogation; historical baseline; independent OpenLegalLexicon explanation",blacks1910-abrogation-s1,CC-BY-4.0,baseline_concept_review,Black's,blacks-1910:abrogation,blacks_only_against_oxford10_index,
abscond,逃匿以躲避司法程序,noun,criminal_procedure,COMMON-LAW,term,To leave or conceal oneself to evade legal process or an obligation to appear.,与 Oxford absconding 的名词记录分别保留。,criminal procedure; abscond from proceedings,,abscond from proceedings,"Black's Law Dictionary (2nd ed., 1910), headword 'abscond'; OpenJurist transcription https://openjurist.org/law-dictionary/blacks-1910/abscond; historical baseline; independent OpenLegalLexicon explanation",blacks1910-abscond-s1,CC-BY-4.0,baseline_concept_review,Black's,blacks-1910:abscond,blacks_only_against_oxford10_index,
absconding,逃匿；未按规定到案,noun,criminal_procedure,ENGLAND-WALES,term,Evasion of proceedings or custody by failing to surrender or appear as required.,需区分一般离开与违反司法义务。,criminal procedure; risk of absconding,,risk of absconding,"Oxford Dictionary of Law (10th ed., 2022), headword 'absconding', entry acref-9780192897497-e-8; source headword/sense checked against supplied EPUB; independent OpenLegalLexicon explanation",oxford-absconding,CC-BY-4.0,needs_current_law_review,Oxford,acref-9780192897497-e-8,black_alignment_pending,
absence,诉讼缺席,noun,procedure,ENGLAND-WALES,term,Failure of a party or summoned witness to attend the relevant court proceeding.,不自动意味着缺席判决有效。,procedure; absence at trial,,absence at trial,"Oxford Dictionary of Law (10th ed., 2022), headword 'absence', entry acref-9780192897497-e-9; source headword/sense checked against supplied EPUB; independent OpenLegalLexicon explanation",oxford-absence,CC-BY-4.0,needs_current_law_review,Oxford,acref-9780192897497-e-9,both_different_sense_checked,
absence,离开惯常居所的状态（旧法义项）,noun,"residence,legal_history",HISTORICAL,term,Being away from the home or ordinary residence relevant to a historical legal rule.,与 Oxford 法庭缺席义项分列；旧分类不当作现行法。,residence; legal history; absence from ordinary residence,,absence from ordinary residence,"Black's Law Dictionary (2nd ed., 1910), headword 'absence'; OpenJurist transcription https://openjurist.org/law-dictionary/blacks-1910/absence; historical baseline; independent OpenLegalLexicon explanation",blacks1910-absence-s1,CC-BY-4.0,historical_reference_review,Black's,blacks-1910:absence,both_different_sense_checked,
absent parent,非同住父母一方（旧称）,noun phrase,"family,legal_history",UK,term,An older child-maintenance label for a parent who does not live with the child.,不表示丧失亲权；现代资料通常采用 non-resident parent。,family; legal history; absent parent maintenance,,absent parent maintenance,"Oxford Dictionary of Law (10th ed., 2022), headword 'absent parent', entry acref-9780192897497-e-11; source headword/sense checked against supplied EPUB; independent OpenLegalLexicon explanation",oxford-absent-parent,CC-BY-4.0,needs_current_law_review,Oxford,acref-9780192897497-e-11,black_alignment_pending,
absent-mindedness,心不在焉；注意失神,noun,criminal,ENGLAND-WALES,cross_reference,See non-insane automatism.,保留来源的参照关系；参照目标是否已编写另行统计。 此参照不表示普通注意失神当然满足免责要件。,criminal; cross-reference lookup,,,"Oxford Dictionary of Law (10th ed., 2022), headword 'absent-mindedness', entry acref-9780192897497-e-10; cross-reference checked against supplied EPUB",oxford10-10-s1,CC-BY-4.0,needs_current_law_review,Oxford,acref-9780192897497-e-10,black_alignment_pending,non-insane automatism
absente reo,被告缺席时,adverb phrase,"procedure,legal_latin",LEGAL-LATIN,term,In the absence of the accused or defendant.,仅为描述；不表示缺席审理当然合法。,procedure; legal latin; proceed absente reo,,proceed absente reo,"Oxford Dictionary of Law (10th ed., 2022), headword 'absente reo', entry acref-9780192897497-e-4359; source headword/sense checked against supplied EPUB; independent OpenLegalLexicon explanation",oxford-absente-reo,CC-BY-4.0,baseline_concept_review,Oxford,acref-9780192897497-e-4359,black_alignment_pending,
absolute,绝对的；无条件的,adjective,legal_drafting,COMMON-LAW,term,Unqualified by the condition or limitation relevant to the particular legal context.,需结合所修饰的权利、命令或产权理解。,legal drafting; absolute obligation,,absolute obligation,"Oxford Dictionary of Law (10th ed., 2022), headword 'absolute', entry acref-9780192897497-e-12; source headword/sense checked against supplied EPUB; independent OpenLegalLexicon explanation",oxford-absolute,CC-BY-4.0,baseline_concept_review,Oxford,acref-9780192897497-e-12,black_alignment_pending,
absolute assignment,绝对转让,noun phrase,"contracts,property",ENGLAND-WALES,cross_reference,See assignment.,保留来源的参照关系；参照目标是否已编写另行统计。,contracts; property; cross-reference lookup,,,"Oxford Dictionary of Law (10th ed., 2022), headword 'absolute assignment', entry acref-9780192897497-e-13; cross-reference checked against supplied EPUB",oxford-absolute-assignment,CC-BY-4.0,needs_current_law_review,Oxford,acref-9780192897497-e-13,black_alignment_pending,assignment
absolute discharge,无条件免予处罚,noun phrase,sentencing,ENGLAND-WALES,cross_reference,See discharge.,保留来源的参照关系；参照目标是否已编写另行统计。 不表示无罪。,sentencing; cross-reference lookup,,,"Oxford Dictionary of Law (10th ed., 2022), headword 'absolute discharge', entry acref-9780192897497-e-14; cross-reference checked against supplied EPUB",oxford-absolute-discharge,CC-BY-4.0,needs_current_law_review,Oxford,acref-9780192897497-e-14,black_alignment_pending,discharge
absolute privilege,绝对免责特权,noun phrase,defamation,COMMON-LAW,term,"Protection against defamation liability for statements made on specified privileged occasions, even where improper motive is alleged.",保护场合及界限依具体法域。,defamation; absolute privilege in judicial proceedings,,absolute privilege in judicial proceedings,"Oxford Dictionary of Law (10th ed., 2022), headword 'absolute privilege', entry acref-9780192897497-e-16; source headword/sense checked against supplied EPUB; independent OpenLegalLexicon explanation",oxford-absolute-privilege,CC-BY-4.0,baseline_concept_review,Oxford,acref-9780192897497-e-16,black_alignment_pending,
absolute right,绝对权利,noun phrase,human_rights,EUROPEAN-HUMAN-RIGHTS,term,A right whose protected substance is not subject to justification through ordinary public-interest balancing.,绝对性与不可克减性不是同一分类；思想自由内在领域与宗教外在表现应区分。,human rights; absolute prohibition of torture,,absolute prohibition of torture,"Oxford Dictionary of Law (10th ed., 2022), headword 'absolute right', entry acref-9780192897497-e-17; source headword/sense checked against supplied EPUB; independent OpenLegalLexicon explanation",oxford-absolute-right,CC-BY-4.0,needs_current_law_review,Oxford,acref-9780192897497-e-17,black_alignment_pending,
absolute theory of sovereign immunity,国家主权豁免绝对主义,noun phrase,public_international_law,INTERNATIONAL,term,The view that foreign states enjoy jurisdictional immunity without a sovereign-versus-commercial-activity distinction.,属于豁免理论；不代表各国现行法均采用。,public international law; absolute sovereign immunity,,absolute sovereign immunity,"Oxford Dictionary of Law (10th ed., 2022), headword 'absolute theory of sovereign immunity', entry acref-9780192897497-e-18; source headword/sense checked against supplied EPUB; independent OpenLegalLexicon explanation",oxford-absolute-sovereign-immunity,CC-BY-4.0,baseline_concept_review,Oxford,acref-9780192897497-e-18,black_alignment_pending,
absolute title,绝对产权资格,noun phrase,land_registration,ENGLAND-WALES,term,"The highest registered class of land title, subject to interests and qualifications that the registration system preserves.",不是完全不受第三方权利约束。,land registration; title absolute,,title absolute,"Oxford Dictionary of Law (10th ed., 2022), headword 'absolute title', entry acref-9780192897497-e-19; source headword/sense checked against supplied EPUB; independent OpenLegalLexicon explanation",oxford-absolute-title,CC-BY-4.0,needs_current_law_review,Oxford,acref-9780192897497-e-19,black_alignment_pending,
abstract of title,产权文件摘要,noun phrase,conveyancing,COMMON-LAW,term,A summary of documents establishing the ownership history and relevant interests in property.,尤其见于未登记土地交易。,conveyancing; deduce title by abstract,,deduce title by abstract,"Oxford Dictionary of Law (10th ed., 2022), headword 'abstract of title', entry acref-9780192897497-e-22; source headword/sense checked against supplied EPUB; independent OpenLegalLexicon explanation",oxford-abstract-title,CC-BY-4.0,baseline_concept_review,Oxford,acref-9780192897497-e-22,black_alignment_pending,
abstracting electricity,非法取用电力,noun phrase,criminal,ENGLAND-WALES,term,"Dishonest and unauthorized use, waste, or diversion of electricity as a distinct statutory offence.",不直接等同中国法盗窃罪。,criminal; dishonestly abstract electricity,,dishonestly abstract electricity,"Oxford Dictionary of Law (10th ed., 2022), headword 'abstracting electricity', entry acref-9780192897497-e-20; source headword/sense checked against supplied EPUB; independent OpenLegalLexicon explanation",oxford-abstracting-electricity,CC-BY-4.0,needs_current_law_review,Oxford,acref-9780192897497-e-20,black_alignment_pending,
abstraction of water,取水；抽取水资源,noun phrase,environmental,UK,term,"Taking water from a watercourse or other source, within a regulatory system controlling its use.",许可、豁免和主管机构按地点及现行法复核。,environmental; water abstraction licence,,water abstraction licence,"Oxford Dictionary of Law (10th ed., 2022), headword 'abstraction of water', entry acref-9780192897497-e-21; source headword/sense checked against supplied EPUB; independent OpenLegalLexicon explanation",oxford-water-abstraction,CC-BY-4.0,needs_current_law_review,Oxford,acref-9780192897497-e-21,black_alignment_pending,
abus de droit,权利滥用,noun phrase,"civil_law,eu_law",EU; CIVIL-LAW,term,Reliance on a legal right or arrangement in a manner treated as abusive under the applicable doctrine.,法语用语；不是 European Court of Justice 的缩写。,civil law; eu law; doctrine of abuse of rights,,doctrine of abuse of rights,"Oxford Dictionary of Law (10th ed., 2022), headword 'abus de droit', entry acref-9780192897497-e-4820; source headword/sense checked against supplied EPUB; independent OpenLegalLexicon explanation",oxford-abus-de-droit,CC-BY-4.0,needs_current_law_review,Oxford,acref-9780192897497-e-4820,black_alignment_pending,
abuse of a dominant position,滥用市场支配地位,noun phrase,competition,EU,term,Conduct by a dominant undertaking that abuses its market power under the applicable competition prohibition.,支配地位本身与滥用行为须区分。,competition; exclusionary abuse,,exclusionary abuse,"Oxford Dictionary of Law (10th ed., 2022), headword 'abuse of a dominant position', entry acref-9780192897497-e-23; source headword/sense checked against supplied EPUB; independent OpenLegalLexicon explanation",oxford-abuse-dominant-position,CC-BY-4.0,needs_current_law_review,Oxford,acref-9780192897497-e-23,black_alignment_pending,
abuse of a dominant position,滥用市场支配地位,noun phrase,competition,UK,term,Abusive conduct by a dominant undertaking assessed under the UK competition-law framework.,与 EU 义项分别保留，现行适用范围需复核。,competition; Chapter II prohibition,,Chapter II prohibition,"Oxford Dictionary of Law (10th ed., 2022), headword 'abuse of a dominant position', entry acref-9780192897497-e-23; source headword/sense checked against supplied EPUB; independent OpenLegalLexicon explanation",oxford10-23-s2,CC-BY-4.0,needs_current_law_review,Oxford,acref-9780192897497-e-23,black_alignment_pending,
abuse of a position of trust,利用信任地位实施性侵害,noun phrase,criminal,ENGLAND-WALES,term,Sexual conduct prohibited because the offender occupies a legally specified position of trust toward a young person.,不是一般违背信赖；法定职位及年龄条件需复核。,criminal; position-of-trust offence,,position-of-trust offence,"Oxford Dictionary of Law (10th ed., 2022), headword 'abuse of a position of trust', entry acref-9780192897497-e-24; source headword/sense checked against supplied EPUB; independent OpenLegalLexicon explanation",oxford-abuse-position-trust,CC-BY-4.0,needs_current_law_review,Oxford,acref-9780192897497-e-24,black_alignment_pending,
abuse of process,滥用司法程序侵权,noun phrase,tort,COMMON-LAW,term,Misuse of legal process for a collateral purpose that causes legally actionable harm.,与 malicious prosecution 的构成要求不同。,tort; claim for abuse of process,,claim for abuse of process,"Oxford Dictionary of Law (10th ed., 2022), headword 'abuse of process', entry acref-9780192897497-e-25; source headword/sense checked against supplied EPUB; independent OpenLegalLexicon explanation",oxford10-25-s2,CC-BY-4.0,baseline_concept_review,Oxford,acref-9780192897497-e-25,black_alignment_pending,
abuse of process,滥用诉讼程序（程序控制）,noun phrase,procedure,ENGLAND-WALES,term,Use of court procedure in a manner that undermines fair adjudication or the proper administration of justice.,法院中止或驳回的条件需结合判例。,procedure; stay for abuse of process,,stay for abuse of process,"Oxford Dictionary of Law (10th ed., 2022), headword 'abuse of process', entry acref-9780192897497-e-25; source headword/sense checked against supplied EPUB; independent OpenLegalLexicon explanation",oxford-abuse-process,CC-BY-4.0,needs_current_law_review,Oxford,acref-9780192897497-e-25,black_alignment_pending,
abusive behaviour,辱骂或滋扰行为,noun phrase,criminal,ENGLAND-WALES,cross_reference,See threatening behaviour.,保留来源的参照关系；参照目标是否已编写另行统计。,criminal; cross-reference lookup,,,"Oxford Dictionary of Law (10th ed., 2022), headword 'abusive behaviour', entry acref-9780192897497-e-26; cross-reference checked against supplied EPUB",oxford-abusive-behaviour,CC-BY-4.0,needs_current_law_review,Oxford,acref-9780192897497-e-26,black_alignment_pending,threatening behaviour
abutter,相邻不动产所有人,noun,property,COMMON-LAW,term,An owner of land or premises adjoining another property.,不等同于所有相邻权人。,property; abutting owner,,abutting owner,"Oxford Dictionary of Law (10th ed., 2022), headword 'abutter', entry acref-9780192897497-e-4360; source headword/sense checked against supplied EPUB; independent OpenLegalLexicon explanation",oxford-abutter,CC-BY-4.0,baseline_concept_review,Oxford,acref-9780192897497-e-4360,black_alignment_pending,
ABWOR,代理性法律援助,abbreviation,legal_aid,UK,abbreviation,An abbreviation for assistance by way of representation in legal-aid terminology.,适用项目及是否沿用该名称需现行法复核。,legal aid; ABWOR assistance,,ABWOR assistance,"Oxford Dictionary of Law (10th ed., 2022), headword 'ABWOR', entry acref-9780192897497-e-27; source headword/sense checked against supplied EPUB; independent OpenLegalLexicon explanation",oxford-abwor,CC-BY-4.0,needs_current_law_review,Oxford,acref-9780192897497-e-27,black_alignment_pending,
ACAS,咨询、调解与仲裁局（缩写）,abbreviation,employment,UK,abbreviation,Abbreviation for Advisory Conciliation and Arbitration Service.,缩写展开限于本法域和本语境，不能据此排除其他同形缩写。,employment; cross-reference lookup,,,"Oxford Dictionary of Law (10th ed., 2022), headword 'ACAS', entry acref-9780192897497-e-28; cross-reference checked against supplied EPUB",oxford10-28-s1,CC-BY-4.0,needs_current_law_review,Oxford,acref-9780192897497-e-28,black_alignment_pending,Advisory Conciliation and Arbitration Service
acceleration,未来财产利益提前生效,noun,"property,trusts",COMMON-LAW,term,An earlier entitlement to possession of a future interest when an intervening interest ends or falls away.,此处是财产法义项，不是贷款加速到期。,property; trusts; acceleration of a remainder,,acceleration of a remainder,"Oxford Dictionary of Law (10th ed., 2022), headword 'acceleration', entry acref-9780192897497-e-29; source headword/sense checked against supplied EPUB; independent OpenLegalLexicon explanation",oxford10-29-s1,CC-BY-4.0,baseline_concept_review,Oxford,acref-9780192897497-e-29,black_alignment_pending,
acceptance,承诺,noun,contracts,COMMON-LAW,term,Assent to an offer that can form a contract when the applicable formation requirements are met.,与收货、汇票承兑分别理解。,contracts; acceptance of an offer,,acceptance of an offer,"Oxford Dictionary of Law (10th ed., 2022), headword 'acceptance', entry acref-9780192897497-e-30; source headword/sense checked against supplied EPUB; independent OpenLegalLexicon explanation",oxford10-30-s1,CC-BY-4.0,baseline_concept_review,Oxford,acref-9780192897497-e-30,black_alignment_pending,
acceptance of a bill,汇票承兑,noun phrase,negotiable_instruments,UK,term,The drawee's signed undertaking on a bill of exchange to comply with its payment direction.,形式和责任按票据法复核。,negotiable instruments; accept a bill of exchange,,accept a bill of exchange,"Oxford Dictionary of Law (10th ed., 2022), headword 'acceptance of a bill', entry acref-9780192897497-e-31; source headword/sense checked against supplied EPUB; independent OpenLegalLexicon explanation",oxford10-31-s1,CC-BY-4.0,needs_current_law_review,Oxford,acref-9780192897497-e-31,black_alignment_pending,
acceptance supra protest,参加承兑；为信誉承兑,noun phrase,negotiable_instruments,UK,term,Acceptance of a protested bill by another person to protect the credit of a party liable on the bill.,亦称 acceptance for honour；不要等同普通承兑。,negotiable instruments; acceptance for honour,acceptance for honour,acceptance for honour,"Oxford Dictionary of Law (10th ed., 2022), headword 'acceptance supra protest', entry acref-9780192897497-e-32; source headword/sense checked against supplied EPUB; independent OpenLegalLexicon explanation",oxford10-32-s1,CC-BY-4.0,needs_current_law_review,Oxford,acref-9780192897497-e-32,black_alignment_pending,
access land,公众可进入的土地,noun phrase,"environmental,land",ENGLAND-WALES,term,Land designated for public access for outdoor recreation under the relevant statutory scheme.,访问权的用途限制及排除规则另查。,environmental; land; open-access land,,open-access land,"Oxford Dictionary of Law (10th ed., 2022), headword 'access land', entry acref-9780192897497-e-35; source headword/sense checked against supplied EPUB; independent OpenLegalLexicon explanation",oxford10-35-s1,CC-BY-4.0,needs_current_law_review,Oxford,acref-9780192897497-e-35,black_alignment_pending,
access to neighbouring land,为维护而进入相邻土地,noun phrase,property,ENGLAND-WALES,term,Court-authorized access to neighbouring land for necessary preservation or maintenance of the applicant's property.,不是无条件自动进入权。,property; access order,,access order,"Oxford Dictionary of Law (10th ed., 2022), headword 'access to neighbouring land', entry acref-9780192897497-e-4617; source headword/sense checked against supplied EPUB; independent OpenLegalLexicon explanation",oxford10-4617-s1,CC-BY-4.0,needs_current_law_review,Oxford,acref-9780192897497-e-4617,black_alignment_pending,
accession,添附及孳息归属,noun,property,COMMON-LAW,term,Acquisition of additions or products that become legally attached to an existing property interest.,与中国法添附分类不必完全一致。,property; accession to property,,accession to property,"Oxford Dictionary of Law (10th ed., 2022), headword 'accession', entry acref-9780192897497-e-34; source headword/sense checked against supplied EPUB; independent OpenLegalLexicon explanation",oxford10-34-s3,CC-BY-4.0,baseline_concept_review,Oxford,acref-9780192897497-e-34,black_alignment_pending,
accession,加入条约,noun,treaties,INTERNATIONAL,term,A state's consent to become bound by a treaty through the accession procedure specified for that treaty.,区别于签署、批准及国家继承。,treaties; instrument of accession,,instrument of accession,"Oxford Dictionary of Law (10th ed., 2022), headword 'accession', entry acref-9780192897497-e-34; source headword/sense checked against supplied EPUB; independent OpenLegalLexicon explanation",oxford10-34-s1,CC-BY-4.0,baseline_concept_review,Oxford,acref-9780192897497-e-34,black_alignment_pending,
accession,君主即位,noun,constitutional,UK,term,Succession to the office of sovereign upon the predecessor's death or abdication.,即位与加冕不是同一事件。,constitutional; accession to the throne,,accession to the throne,"Oxford Dictionary of Law (10th ed., 2022), headword 'accession', entry acref-9780192897497-e-34; source headword/sense checked against supplied EPUB; independent OpenLegalLexicon explanation",oxford10-34-s2,CC-BY-4.0,needs_current_law_review,Oxford,acref-9780192897497-e-34,black_alignment_pending,
accessory,犯罪帮助人；从犯,noun,criminal,ENGLAND-WALES,term,"A secondary participant who assists, encourages, counsels, or procures the commission of an offence.",不直接等同中国法从犯的量刑分类。,criminal; accessory liability,,accessory liability,"Oxford Dictionary of Law (10th ed., 2022), headword 'accessory', entry acref-9780192897497-e-36; source headword/sense checked against supplied EPUB; independent OpenLegalLexicon explanation",oxford10-36-s1,CC-BY-4.0,needs_current_law_review,Oxford,acref-9780192897497-e-36,black_alignment_pending,
accessory,协助罪犯逃避追诉者,noun,criminal,ENGLAND-WALES,term,A person who knowingly assists an offender with the intention of impeding apprehension or prosecution.,与犯罪实施前或实施中的帮助分别处理。,criminal; assisting an offender,,assisting an offender,"Oxford Dictionary of Law (10th ed., 2022), headword 'accessory', entry acref-9780192897497-e-36; source headword/sense checked against supplied EPUB; independent OpenLegalLexicon explanation",oxford10-36-s2,CC-BY-4.0,needs_current_law_review,Oxford,acref-9780192897497-e-36,black_alignment_pending,
accessory liability in breach of trust,协助违反信托的责任,noun phrase,"trusts,equity",COMMON-LAW,term,Liability of a non-trustee for dishonest assistance in a trustee's breach of duty.,不以收到信托财产为必要前提；区别于 knowing receipt。,trusts; equity; dishonest assistance,,dishonest assistance,"Oxford Dictionary of Law (10th ed., 2022), headword 'accessory liability in breach of trust', entry acref-9780192897497-e-37; source headword/sense checked against supplied EPUB; independent OpenLegalLexicon explanation",oxford10-37-s1,CC-BY-4.0,baseline_concept_review,Oxford,acref-9780192897497-e-37,black_alignment_pending,
accident,意外事故,noun,"tort,criminal",COMMON-LAW,cross_reference,See fatal accidents; mistake; road traffic accidents.,保留来源的参照关系；参照目标是否已编写另行统计。,tort; criminal; cross-reference lookup,,,"Oxford Dictionary of Law (10th ed., 2022), headword 'accident', entry acref-9780192897497-e-38; cross-reference checked against supplied EPUB",oxford10-38-s1,CC-BY-4.0,cross_reference_review,Oxford,acref-9780192897497-e-38,black_alignment_pending,fatal accidents; mistake; road traffic accidents
accomenda,共同收益的海上委托贸易契约,noun,"maritime,legal_history",HISTORICAL,historical_reference,A trading arrangement entrusting goods to a shipmaster for sale on a shared-account basis.,主要用于历史海商文献。,maritime; legal history; accomenda contract,,accomenda contract,"Oxford Dictionary of Law (10th ed., 2022), headword 'accomenda', entry acref-9780192897497-e-40; source headword/sense checked against supplied EPUB; independent OpenLegalLexicon explanation",oxford10-40-s1,CC-BY-4.0,historical_reference_review,Oxford,acref-9780192897497-e-40,black_alignment_pending,
accommodation bill,融通汇票,noun phrase,negotiable_instruments,UK,term,A bill signed or accepted to lend a person's credit to another without that signer receiving value.,无对价不当然排除对持票人的责任。,negotiable instruments; accommodation party,,accommodation party,"Oxford Dictionary of Law (10th ed., 2022), headword 'accommodation bill', entry acref-9780192897497-e-41; source headword/sense checked against supplied EPUB; independent OpenLegalLexicon explanation",oxford10-41-s1,CC-BY-4.0,needs_current_law_review,Oxford,acref-9780192897497-e-41,black_alignment_pending,
accomplice,共犯,noun,criminal,COMMON-LAW,term,A person participating in an offence as a principal or secondary party.,具体范围及证人证言规则依适用法。,criminal; accomplice evidence,,accomplice evidence,"Oxford Dictionary of Law (10th ed., 2022), headword 'accomplice', entry acref-9780192897497-e-42; source headword/sense checked against supplied EPUB; independent OpenLegalLexicon explanation",oxford10-42-s1,CC-BY-4.0,baseline_concept_review,Oxford,acref-9780192897497-e-42,black_alignment_pending,
accord and satisfaction,和解协议及其履行,noun phrase,contracts,COMMON-LAW,term,Discharge of an existing obligation through an agreed substitute performance and the legally sufficient satisfaction supporting it.,应区分 accord 与 satisfaction。,contracts; discharge by accord and satisfaction,,discharge by accord and satisfaction,"Oxford Dictionary of Law (10th ed., 2022), headword 'accord and satisfaction', entry acref-9780192897497-e-43; source headword/sense checked against supplied EPUB; independent OpenLegalLexicon explanation",oxford10-43-s1,CC-BY-4.0,baseline_concept_review,Oxford,acref-9780192897497-e-43,black_alignment_pending,
accord and satisfaction,接受补救提议后的诽谤和解,noun phrase,defamation,ENGLAND-WALES,term,Settlement of a defamation dispute through acceptance of an apology or offer of amends under the relevant rules.,不是所有道歉都自动产生终止诉讼效果。,defamation; accepted offer of amends,,accepted offer of amends,"Oxford Dictionary of Law (10th ed., 2022), headword 'accord and satisfaction', entry acref-9780192897497-e-43; source headword/sense checked against supplied EPUB; independent OpenLegalLexicon explanation",oxford10-43-s2,CC-BY-4.0,needs_current_law_review,Oxford,acref-9780192897497-e-43,black_alignment_pending,
account,交账；账目说明救济,noun,equity,COMMON-LAW,term,"A requirement to explain receipts, dealings, and amounts due within a relationship carrying an accounting obligation.",不是普通银行账户义项。,equity; render an account,,render an account,"Oxford Dictionary of Law (10th ed., 2022), headword 'account', entry acref-9780192897497-e-44; source headword/sense checked against supplied EPUB; independent OpenLegalLexicon explanation",oxford10-44-s1,CC-BY-4.0,baseline_concept_review,Oxford,acref-9780192897497-e-44,black_alignment_pending,
account monitoring order,账户监控令,noun phrase,criminal_investigation,UK,term,A judicial order requiring a financial institution to supply specified account information for an investigation.,权限、期间和程序保障依现行法。,criminal investigation; apply for an account monitoring order,,apply for an account monitoring order,"Oxford Dictionary of Law (10th ed., 2022), headword 'account monitoring order', entry acref-9780192897497-e-48; source headword/sense checked against supplied EPUB; independent OpenLegalLexicon explanation",oxford10-48-s1,CC-BY-4.0,needs_current_law_review,Oxford,acref-9780192897497-e-48,black_alignment_pending,
account of profits,利润返还救济,noun phrase,"equity,intellectual_property",COMMON-LAW,term,A remedy requiring a wrongdoer to surrender profits attributable to the relevant wrong.,区别于按原告损失计算的 damages。,equity; intellectual property; claim an account of profits,,claim an account of profits,"Oxford Dictionary of Law (10th ed., 2022), headword 'account of profits', entry acref-9780192897497-e-49; source headword/sense checked against supplied EPUB; independent OpenLegalLexicon explanation",oxford10-49-s1,CC-BY-4.0,baseline_concept_review,Oxford,acref-9780192897497-e-49,black_alignment_pending,
accounting period,会计期间；税务核算期间,noun phrase,"company,tax",UK,term,The period by reference to which accounts or taxable company profits are measured.,公司会计期间与公司税期间可能不同。,company; tax; corporation tax accounting period,,corporation tax accounting period,"Oxford Dictionary of Law (10th ed., 2022), headword 'accounting period', entry acref-9780192897497-e-45; source headword/sense checked against supplied EPUB; independent OpenLegalLexicon explanation",oxford10-45-s1,CC-BY-4.0,needs_current_law_review,Oxford,acref-9780192897497-e-45,black_alignment_pending,
accounting practice,会计处理惯例,noun phrase,"accounting,company",UK,term,The conventions and methods used to recognize and measure transactions in an enterprise's accounts.,不是 GAAP 的缩写；适用准则需复核。,accounting; company; generally accepted accounting practice,,generally accepted accounting practice,"Oxford Dictionary of Law (10th ed., 2022), headword 'accounting practice', entry acref-9780192897497-e-46; source headword/sense checked against supplied EPUB; independent OpenLegalLexicon explanation",oxford10-46-s1,CC-BY-4.0,needs_current_law_review,Oxford,acref-9780192897497-e-46,black_alignment_pending,
accounting records,会计记录,noun phrase,"company,accounting",UK,cross_reference,See books of account.,保留来源的参照关系；参照目标是否已编写另行统计。,company; accounting; cross-reference lookup,,,"Oxford Dictionary of Law (10th ed., 2022), headword 'accounting records', entry acref-9780192897497-e-47; cross-reference checked against supplied EPUB",oxford10-47-s1,CC-BY-4.0,needs_current_law_review,Oxford,acref-9780192897497-e-47,black_alignment_pending,books of account
accounts,财务报表；账目,noun,"company,accounting",UK,term,Financial statements describing an entity's performance and financial position for a reporting period.,不是单一银行账户。,company; accounting; annual accounts,,annual accounts,"Oxford Dictionary of Law (10th ed., 2022), headword 'accounts', entry acref-9780192897497-e-50; source headword/sense checked against supplied EPUB; independent OpenLegalLexicon explanation",oxford10-50-s1,CC-BY-4.0,needs_current_law_review,Oxford,acref-9780192897497-e-50,black_alignment_pending,
accreditation,外交认证；递交国书,noun,diplomatic_law,INTERNATIONAL,term,Recognition of a diplomatic representative by the receiving state through the credentials process.,此处为外交义项。,diplomatic law; diplomatic accreditation,,diplomatic accreditation,"Oxford Dictionary of Law (10th ed., 2022), headword 'accreditation', entry acref-9780192897497-e-51; source headword/sense checked against supplied EPUB; independent OpenLegalLexicon explanation",oxford10-51-s1,CC-BY-4.0,baseline_concept_review,Oxford,acref-9780192897497-e-51,black_alignment_pending,
accretion,土地渐增；冲积添附过程,noun,"property,public_international_law",COMMON-LAW; INTERNATIONAL,term,"Gradual natural addition to land, especially through deposits or changes along a water boundary.",与突然发生的 avulsion 区分。,property; public international law; accretion of land,,accretion of land,"Oxford Dictionary of Law (10th ed., 2022), headword 'accretion', entry acref-9780192897497-e-52; source headword/sense checked against supplied EPUB; independent OpenLegalLexicon explanation",oxford10-52-s1,CC-BY-4.0,baseline_concept_review,Oxford,acref-9780192897497-e-52,black_alignment_pending,
accrue,权利或诉因发生,verb,"limitation,procedure",COMMON-LAW,term,To arise as a claim or entitlement that the law recognizes as enforceable.,诉因发生时间与损害发现时间可能不同。,limitation; procedure; cause of action accrues,,cause of action accrues,"Oxford Dictionary of Law (10th ed., 2022), headword 'accrue', entry acref-9780192897497-e-4618; source headword/sense checked against supplied EPUB; independent OpenLegalLexicon explanation",oxford10-4618-s1,CC-BY-4.0,baseline_concept_review,Oxford,acref-9780192897497-e-4618,black_alignment_pending,
accruer,失效赠与的增归条款,noun,succession,COMMON-LAW,term,A will provision adding a failed gift to another effective gift or beneficiary's share.,依遗嘱文本理解，不是一般应计收入。,succession; clause of accruer,,clause of accruer,"Oxford Dictionary of Law (10th ed., 2022), headword 'accruer', entry acref-9780192897497-e-53; source headword/sense checked against supplied EPUB; independent OpenLegalLexicon explanation",oxford10-53-s1,CC-BY-4.0,baseline_concept_review,Oxford,acref-9780192897497-e-53,black_alignment_pending,
accumulation,信托收益转入本金,noun,trusts,ENGLAND-WALES,term,Retention and addition of trust income to capital rather than current distribution to beneficiaries.,允许期间及适用例外需现行法复核。,trusts; accumulation of income,,accumulation of income,"Oxford Dictionary of Law (10th ed., 2022), headword 'accumulation', entry acref-9780192897497-e-54; source headword/sense checked against supplied EPUB; independent OpenLegalLexicon explanation",oxford10-54-s1,CC-BY-4.0,needs_current_law_review,Oxford,acref-9780192897497-e-54,black_alignment_pending,
accusare nemo se debet,任何人无须自证其罪,phrase,legal_latin,LEGAL-LATIN,latin_reference,A maxim expressing the principle against requiring a person to accuse themselves.,具体拒绝自证其罪权的范围依适用法。,legal latin; privilege against self-incrimination,,privilege against self-incrimination,"Oxford Dictionary of Law (10th ed., 2022), headword 'accusare nemo se debet', entry acref-9780192897497-e-56; source headword/sense checked against supplied EPUB; independent OpenLegalLexicon explanation",oxford10-56-s1,CC-BY-4.0,baseline_concept_review,Oxford,acref-9780192897497-e-56,black_alignment_pending,
accusatorial procedure,控辩对抗式程序,noun phrase,criminal_procedure,COMMON-LAW,term,A process in which prosecution and defence present opposing cases to an impartial adjudicator.,不意味着法官完全没有程序管理职责。,criminal procedure; accusatorial system,,accusatorial system,"Oxford Dictionary of Law (10th ed., 2022), headword 'accusatorial procedure', entry acref-9780192897497-e-57; source headword/sense checked against supplied EPUB; independent OpenLegalLexicon explanation",oxford10-57-s1,CC-BY-4.0,baseline_concept_review,Oxford,acref-9780192897497-e-57,black_alignment_pending,
acid attacks,酸液等腐蚀性物质袭击,noun phrase,criminal,ENGLAND-WALES,term,"Attacks involving corrosive substances, addressed through offences defined by the applicable criminal law.",具体法定行为及主观要素需复核。,criminal; corrosive-substance attack,,corrosive-substance attack,"Oxford Dictionary of Law (10th ed., 2022), headword 'acid attacks', entry acref-9780192897497-e-4935; source headword/sense checked against supplied EPUB; independent OpenLegalLexicon explanation",oxford10-4935-s1,CC-BY-4.0,needs_current_law_review,Oxford,acref-9780192897497-e-4935,black_alignment_pending,
acknowledgment,签名确认,noun,documents,COMMON-LAW,term,Confirmation by a document's signer that the signature is their own.,区别于承认债务和 acknowledgment of service。,documents; acknowledgment of signature,,acknowledgment of signature,"Oxford Dictionary of Law (10th ed., 2022), headword 'acknowledgment', entry acref-9780192897497-e-58; source headword/sense checked against supplied EPUB; independent OpenLegalLexicon explanation",oxford10-58-s2,CC-BY-4.0,baseline_concept_review,Oxford,acref-9780192897497-e-58,black_alignment_pending,
acknowledgment,债务承认,noun,"limitation,contracts",ENGLAND-WALES,term,Recognition by a debtor that a debt or claim exists.,对时效的影响及形式要求需现行法复核。,limitation; contracts; acknowledgment of debt,,acknowledgment of debt,"Oxford Dictionary of Law (10th ed., 2022), headword 'acknowledgment', entry acref-9780192897497-e-58; source headword/sense checked against supplied EPUB; independent OpenLegalLexicon explanation",oxford10-58-s1,CC-BY-4.0,needs_current_law_review,Oxford,acref-9780192897497-e-58,black_alignment_pending,
acknowledgment and undertaking,查阅产权文件的确认与保管承诺,noun phrase,conveyancing,ENGLAND-WALES,term,A deed arrangement allowing another person access to retained title documents and promising their safe custody.,用于产权文件由他人持有的情形。,conveyancing; acknowledgment for production,,acknowledgment for production,"Oxford Dictionary of Law (10th ed., 2022), headword 'acknowledgment and undertaking', entry acref-9780192897497-e-59; source headword/sense checked against supplied EPUB; independent OpenLegalLexicon explanation",oxford10-59-s1,CC-BY-4.0,needs_current_law_review,Oxford,acref-9780192897497-e-59,black_alignment_pending,
acknowledgment of service,送达应诉确认,noun phrase,civil_procedure,ENGLAND-WALES,term,A procedural filing recording the defendant's response to service of a claim.,不是 Civil Procedure Rules 的缩写；期限和后果待复核。,civil procedure; file an acknowledgment of service,,file an acknowledgment of service,"Oxford Dictionary of Law (10th ed., 2022), headword 'acknowledgment of service', entry acref-9780192897497-e-60; source headword/sense checked against supplied EPUB; independent OpenLegalLexicon explanation",oxford10-60-s1,CC-BY-4.0,needs_current_law_review,Oxford,acref-9780192897497-e-60,black_alignment_pending,
ACP Group,非洲、加勒比和太平洋国家集团（缩写）,abbreviation,international_organizations,INTERNATIONAL,abbreviation,"Abbreviation for African, Caribbean, Pacific Group.",缩写展开限于本法域和本语境，不能据此排除其他同形缩写。,international organizations; cross-reference lookup,,,"Oxford Dictionary of Law (10th ed., 2022), headword 'ACP Group', entry acref-9780192897497-e-62; cross-reference checked against supplied EPUB",oxford10-62-s1,CC-BY-4.0,cross_reference_review,Oxford,acref-9780192897497-e-62,black_alignment_pending,"African, Caribbean, Pacific Group"
acquiescence,默许；默认同意,noun,equity,COMMON-LAW,term,Acceptance inferred from conduct or inaction in circumstances supporting consent to another's position or conduct.,知情或沉默本身不必然等于同意。,equity; acquiescence in a breach,,acquiescence in a breach,"Oxford Dictionary of Law (10th ed., 2022), headword 'acquiescence', entry acref-9780192897497-e-63; source headword/sense checked against supplied EPUB; independent OpenLegalLexicon explanation",oxford10-63-s1,CC-BY-4.0,baseline_concept_review,Oxford,acref-9780192897497-e-63,black_alignment_pending,
acquired rights,已取得权利（劳动关系转移语境）,noun phrase,employment,UK,cross_reference,See relevant transfer.,保留来源的参照关系；参照目标是否已编写另行统计。,employment; cross-reference lookup,,,"Oxford Dictionary of Law (10th ed., 2022), headword 'acquired rights', entry acref-9780192897497-e-64; cross-reference checked against supplied EPUB",oxford10-64-s1,CC-BY-4.0,needs_current_law_review,Oxford,acref-9780192897497-e-64,black_alignment_pending,relevant transfer
acquis communautaire,欧盟共同体既有法体系,noun phrase,eu_law,EU,term,"The accumulated body of EU rules, principles, and obligations relevant to membership and integration.",法语用语；其范围随欧盟法发展。,eu law; adoption of the acquis,,adoption of the acquis,"Oxford Dictionary of Law (10th ed., 2022), headword 'acquis communautaire', entry acref-9780192897497-e-65; source headword/sense checked against supplied EPUB; independent OpenLegalLexicon explanation",oxford10-65-s1,CC-BY-4.0,needs_current_law_review,Oxford,acref-9780192897497-e-65,black_alignment_pending,
acquisition of control,控制权收购,noun phrase,"m_and_a,company",INTERNATIONAL_TRANSACTIONAL,term,A transaction or series of arrangements through which an acquirer obtains the ability to direct or materially influence the management or major decisions of a target company.,强调取得控制能力；控制可能来自股权、表决权、协议安排或其他机制，具体标准取决于适用法。,M&A and control transactions,change of control,acquire control; control transaction,项目既有跨境交易实务编审；待美国法/美国交易实务权威来源复核,ma-acquisition-control,CC-BY-4.0,migration_review,Legacy,,legacy_pending_alignment,
acquittal,无罪裁判,noun,criminal_procedure,COMMON-LAW,term,A determination that the defendant is not guilty of the offence charged.,重审限制和例外依适用法。,criminal procedure; verdict of acquittal,,verdict of acquittal,"Oxford Dictionary of Law (10th ed., 2022), headword 'acquittal', entry acref-9780192897497-e-66; source headword/sense checked against supplied EPUB; independent OpenLegalLexicon explanation",oxford10-66-s1,CC-BY-4.0,baseline_concept_review,Oxford,acref-9780192897497-e-66,black_alignment_pending,
act in pais,法院记录之外的行为,noun phrase,legal_history,HISTORICAL,historical_reference,An act occurring outside court rather than as a matter of judicial record.,旧法语用语。,legal history; act in pais,,act in pais,"Oxford Dictionary of Law (10th ed., 2022), headword 'act in pais', entry acref-9780192897497-e-67; source headword/sense checked against supplied EPUB; independent OpenLegalLexicon explanation",oxford10-67-s1,CC-BY-4.0,historical_reference_review,Oxford,acref-9780192897497-e-67,black_alignment_pending,
act of a stranger,不受控制第三人的行为,noun phrase,tort,COMMON-LAW,term,An independent third party's act invoked to contest liability for damage attributed to the defendant.,是否构成抗辩及可预见性要求依具体规则。,tort; stranger's act defence,,stranger's act defence,"Oxford Dictionary of Law (10th ed., 2022), headword 'act of a stranger', entry acref-9780192897497-e-4365; source headword/sense checked against supplied EPUB; independent OpenLegalLexicon explanation",oxford10-4365-s1,CC-BY-4.0,baseline_concept_review,Oxford,acref-9780192897497-e-4365,black_alignment_pending,
act of God,不可合理预见或防范的自然事件,noun phrase,"contracts,tort",COMMON-LAW,term,An exceptional natural event invoked under a contract or liability rule to explain nonperformance or damage.,不等同所有 force majeure，也不直接等同中国法不可抗力。,contracts; tort; act of God defence,,act of God defence,"Oxford Dictionary of Law (10th ed., 2022), headword 'act of God', entry acref-9780192897497-e-72; source headword/sense checked against supplied EPUB; independent OpenLegalLexicon explanation",oxford10-72-s1,CC-BY-4.0,baseline_concept_review,Oxford,acref-9780192897497-e-72,black_alignment_pending,
Act of Parliament,议会制定法,noun phrase,constitutional,UK,term,Primary legislation enacted through the constitutionally prescribed parliamentary process.,应区分 delegated legislation 和地方议会立法。,constitutional; enact an Act of Parliament,,enact an Act of Parliament,"Oxford Dictionary of Law (10th ed., 2022), headword 'Act of Parliament', entry acref-9780192897497-e-73; source headword/sense checked against supplied EPUB; independent OpenLegalLexicon explanation",oxford10-73-s1,CC-BY-4.0,needs_current_law_review,Oxford,acref-9780192897497-e-73,black_alignment_pending,
act of state,国家行为原则（英国法）,noun phrase,public_law,ENGLAND-WALES,term,"A doctrine limiting domestic adjudication of specified sovereign acts, with scope depending on the type of act and claim.",国内 Crown act of state 与外国国家行为规则仍须区分复核。,public law; foreign act of state,,foreign act of state,"Oxford Dictionary of Law (10th ed., 2022), headword 'act of state', entry acref-9780192897497-e-74; source headword/sense checked against supplied EPUB; independent OpenLegalLexicon explanation",oxford10-74-s1,CC-BY-4.0,needs_current_law_review,Oxford,acref-9780192897497-e-74,black_alignment_pending,
act of state,国家行为原则（美国法）,noun phrase,public_law,US,term,A doctrine concerning domestic judicial examination of the validity of a foreign sovereign's public acts within its territory.,与主权豁免及政治问题原则不同。,public law; act of state doctrine,,act of state doctrine,"Oxford Dictionary of Law (10th ed., 2022), act of state, entry acref-9780192897497-e-74, US doctrine discussion (Underhill v Hernandez); independent OpenLegalLexicon explanation",oxford10-74-s2,CC-BY-4.0,needs_current_law_review,Oxford,acref-9780192897497-e-74,black_alignment_pending,
acte clair,法律问题明确原则,noun phrase,eu_law,EU,term,The doctrine allowing a final-instance national court to dispense with an EU-law reference where the answer meets the required standard of clarity.,不是只要本国法官认为清楚即可。,eu law; acte clair exception,,acte clair exception,"Oxford Dictionary of Law (10th ed., 2022), headword 'acte clair', entry acref-9780192897497-e-4362; source headword/sense checked against supplied EPUB; independent OpenLegalLexicon explanation",oxford10-4362-s1,CC-BY-4.0,needs_current_law_review,Oxford,acref-9780192897497-e-4362,black_alignment_pending,
actio personalis moritur cum persona,人身诉权随当事人死亡而消灭（历史原则）,phrase,"legal_latin,legal_history",HISTORICAL; LEGAL-LATIN,term,A historical maxim treating certain personal claims as extinguished on the death of a relevant party.,现代诉权存续通常受成文法调整；不可直接套用。,legal latin; legal history; survival of personal actions,,survival of personal actions,"Oxford Dictionary of Law (10th ed., 2022), headword 'actio personalis moritur cum persona', entry acref-9780192897497-e-4363; source headword/sense checked against supplied EPUB; independent OpenLegalLexicon explanation",oxford10-4363-s1,CC-BY-4.0,historical_reference_review,Oxford,acref-9780192897497-e-4363,black_alignment_pending,
actio popularis,为共同体公共利益提起的诉讼,noun phrase,public_international_law,INTERNATIONAL,term,An action seeking to vindicate a community-wide legal interest rather than a specially individualized injury.,国际法上是否具有诉权须依管辖依据判断。,public international law; actio popularis standing,,actio popularis standing,"Oxford Dictionary of Law (10th ed., 2022), headword 'actio popularis', entry acref-9780192897497-e-4619; source headword/sense checked against supplied EPUB; independent OpenLegalLexicon explanation",oxford10-4619-s1,CC-BY-4.0,needs_current_law_review,Oxford,acref-9780192897497-e-4619,black_alignment_pending,
actio quanti minoris,瑕疵减价之诉,noun phrase,"roman_law,contracts",ROMAN-LAW-HISTORICAL,historical_reference,An action seeking a proportionate price reduction for a defect in the thing sold.,现代消费者救济不得仅凭旧术语推断。,roman law; contracts; price-reduction action,,price-reduction action,"Oxford Dictionary of Law (10th ed., 2022), headword 'actio quanti minoris', entry acref-9780192897497-e-4364; source headword/sense checked against supplied EPUB; independent OpenLegalLexicon explanation",oxford10-4364-s1,CC-BY-4.0,historical_reference_review,Oxford,acref-9780192897497-e-4364,black_alignment_pending,
action,民事诉讼,noun,civil_procedure,COMMON-LAW,term,A court proceeding brought to enforce a civil right or obtain a civil remedy.,此义项不是一般的行为。,civil procedure; bring an action,,bring an action,"Oxford Dictionary of Law (10th ed., 2022), headword 'action', entry acref-9780192897497-e-68; source headword/sense checked against supplied EPUB; independent OpenLegalLexicon explanation",oxford10-68-s1,CC-BY-4.0,baseline_concept_review,Oxford,acref-9780192897497-e-68,black_alignment_pending,
active trust,积极信托；负有主动职责的信托,noun phrase,trusts,COMMON-LAW,term,A trust requiring the trustee to perform substantive duties beyond merely holding and transferring the property.,与 bare trust 区分。,trusts; active trustee duties,,active trustee duties,"Oxford Dictionary of Law (10th ed., 2022), headword 'active trust', entry acref-9780192897497-e-70; source headword/sense checked against supplied EPUB; independent OpenLegalLexicon explanation",oxford10-70-s1,CC-BY-4.0,baseline_concept_review,Oxford,acref-9780192897497-e-70,black_alignment_pending,
Activities of Transnational Corporations Treaty,跨国公司活动与人权条约议题,noun phrase,business_human_rights,INTERNATIONAL,term,A proposed international instrument addressing business-related human-rights abuses and access to remedies.,此为谈判议题名称；不得当作已生效条约。,business human rights; binding instrument negotiations,,binding instrument negotiations,"Oxford Dictionary of Law (10th ed., 2022), headword 'Activities of Transnational Corporations Treaty', entry acref-9780192897497-e-4936; source headword/sense checked against supplied EPUB; independent OpenLegalLexicon explanation",oxford10-4936-s1,CC-BY-4.0,needs_current_law_review,Oxford,acref-9780192897497-e-4936,black_alignment_pending,
activity directions and conditions,子女安排中的活动指令与条件,noun phrase,family,ENGLAND-WALES,term,Requirements attached to child-arrangements proceedings for participation in activities supporting a child's family relationships.,适用对象及法院权限需复核。,family; child-arrangements activity direction,,child-arrangements activity direction,"Oxford Dictionary of Law (10th ed., 2022), headword 'activity directions and conditions', entry acref-9780192897497-e-4821; source headword/sense checked against supplied EPUB; independent OpenLegalLexicon explanation",oxford10-4821-s1,CC-BY-4.0,needs_current_law_review,Oxford,acref-9780192897497-e-4821,black_alignment_pending,
activity requirement,活动履行要求,noun phrase,sentencing,ENGLAND-WALES,term,A sentencing requirement directing a young offender to undertake a specified rehabilitative or constructive activity.,须与成人社区刑罚中的不同要求区分。,sentencing; youth rehabilitation activity,,youth rehabilitation activity,"Oxford Dictionary of Law (10th ed., 2022), headword 'activity requirement', entry acref-9780192897497-e-71; source headword/sense checked against supplied EPUB; independent OpenLegalLexicon explanation",oxford10-71-s1,CC-BY-4.0,needs_current_law_review,Oxford,acref-9780192897497-e-71,black_alignment_pending,
actual bodily harm,实际身体伤害,noun phrase,criminal,ENGLAND-WALES,term,Harm exceeding the trivial threshold used in the offence of assault occasioning actual bodily harm.,可能涉及医学认可的精神损伤；不是中国法轻伤鉴定等级。,criminal; assault occasioning ABH,ABH,assault occasioning ABH,"Oxford Dictionary of Law (10th ed., 2022), headword 'actual bodily harm', entry acref-9780192897497-e-75; source headword/sense checked against supplied EPUB; independent OpenLegalLexicon explanation",oxford10-75-s1,CC-BY-4.0,needs_current_law_review,Oxford,acref-9780192897497-e-75,black_alignment_pending,
actual military service,实际军役,noun phrase,succession,ENGLAND-WALES,cross_reference,See privileged will.,保留来源的参照关系；参照目标是否已编写另行统计。,succession; cross-reference lookup,,,"Oxford Dictionary of Law (10th ed., 2022), headword 'actual military service', entry acref-9780192897497-e-76; cross-reference checked against supplied EPUB",oxford10-76-s1,CC-BY-4.0,needs_current_law_review,Oxford,acref-9780192897497-e-76,black_alignment_pending,privileged will
actual notice,实际知悉,noun phrase,"property,equity",COMMON-LAW,term,Direct knowledge of a fact or competing interest relevant to a person's legal position.,区别于 constructive notice 和 imputed notice。,property; equity; actual notice of an interest,,actual notice of an interest,"Oxford Dictionary of Law (10th ed., 2022), headword 'actual notice', entry acref-9780192897497-e-77; source headword/sense checked against supplied EPUB; independent OpenLegalLexicon explanation",oxford10-77-s1,CC-BY-4.0,baseline_concept_review,Oxford,acref-9780192897497-e-77,black_alignment_pending,
actual total loss,实际全损,noun phrase,marine_insurance,UK,term,"A loss in which the insured subject is destroyed, loses its insured character, or is irretrievably lost to the insured.",区别于 constructive total loss。,marine insurance; actual total loss of cargo,,actual total loss of cargo,"Oxford Dictionary of Law (10th ed., 2022), headword 'actual total loss', entry acref-9780192897497-e-78; source headword/sense checked against supplied EPUB; independent OpenLegalLexicon explanation",oxford10-78-s1,CC-BY-4.0,needs_current_law_review,Oxford,acref-9780192897497-e-78,black_alignment_pending,
actus non facit reum nisi mens sit rea,有行为而无必要罪过通常不成立犯罪,phrase,"legal_latin,criminal",LEGAL-LATIN; COMMON-LAW,term,A maxim linking criminal liability to both the external elements and the required mental element of the offence.,有严格责任等例外；不是所有犯罪都要求同一种故意。,legal latin; criminal; actus reus and mens rea,,actus reus and mens rea,"Oxford Dictionary of Law (10th ed., 2022), headword 'actus non facit reum nisi mens sit rea', entry acref-9780192897497-e-80; source headword/sense checked against supplied EPUB; independent OpenLegalLexicon explanation",oxford10-80-s1,CC-BY-4.0,baseline_concept_review,Oxford,acref-9780192897497-e-80,black_alignment_pending,
actus reus,犯罪的外在构成要素,noun phrase,criminal,COMMON-LAW,term,"The conduct, circumstances, results, or state of affairs constituting an offence apart from its mental element.",不应仅译为单一犯罪行为；可包含不作为。,criminal; prove the actus reus,,prove the actus reus,"Oxford Dictionary of Law (10th ed., 2022), headword 'actus reus', entry acref-9780192897497-e-79; source headword/sense checked against supplied EPUB; independent OpenLegalLexicon explanation",oxford10-79-s1,CC-BY-4.0,baseline_concept_review,Oxford,acref-9780192897497-e-79,black_alignment_pending,
ad colligenda bona,为收集及保全遗产而授权,phrase,"succession,legal_latin",ENGLAND-WALES; LEGAL-LATIN,term,A limited estate-administration grant directed to collecting and preserving specified assets pending fuller representation.,不是全面分配遗产的授权。,succession; legal latin; grant ad colligenda bona,,grant ad colligenda bona,"Oxford Dictionary of Law (10th ed., 2022), headword 'ad colligenda bona', entry acref-9780192897497-e-81; source headword/sense checked against supplied EPUB; independent OpenLegalLexicon explanation",oxford10-81-s1,CC-BY-4.0,needs_current_law_review,Oxford,acref-9780192897497-e-81,black_alignment_pending,
ad hoc,为特定事项而设,adverb phrase,legal_latin,LEGAL-LATIN,latin_reference,Created or used for a particular purpose or occasion.,常修饰 tribunal、committee 等。,legal latin; ad hoc tribunal,,ad hoc tribunal,"Oxford Dictionary of Law (10th ed., 2022), headword 'ad hoc', entry acref-9780192897497-e-4620; source headword/sense checked against supplied EPUB; independent OpenLegalLexicon explanation",oxford10-4620-s1,CC-BY-4.0,baseline_concept_review,Oxford,acref-9780192897497-e-4620,black_alignment_pending,
ad idem,意思一致,adverb phrase,"contracts,legal_latin",LEGAL-LATIN; COMMON-LAW,term,In agreement on the matter relevant to the transaction.,不意味着一切合同争议均采用主观意思判断。,contracts; legal latin; consensus ad idem,,consensus ad idem,"Oxford Dictionary of Law (10th ed., 2022), headword 'ad idem', entry acref-9780192897497-e-86; source headword/sense checked against supplied EPUB; independent OpenLegalLexicon explanation",oxford10-86-s1,CC-BY-4.0,baseline_concept_review,Oxford,acref-9780192897497-e-86,black_alignment_pending,
ad litem,就特定诉讼而言,adverb phrase,"procedure,legal_latin",LEGAL-LATIN,term,Relating to an appointment or authority confined to particular litigation.,guardian ad litem、administrator ad litem 的角色须分别理解。,procedure; legal latin; appointment ad litem,,appointment ad litem,"Oxford Dictionary of Law (10th ed., 2022), headword 'ad litem', entry acref-9780192897497-e-93; source headword/sense checked against supplied EPUB; independent OpenLegalLexicon explanation",oxford10-93-s1,CC-BY-4.0,baseline_concept_review,Oxford,acref-9780192897497-e-93,black_alignment_pending,
ad referendum,待批准；待确认,adverb phrase,"treaties,legal_latin",LEGAL-LATIN; INTERNATIONAL,term,Subject to referral for approval or confirmation before becoming final.,签署 ad referendum 的效力依程序及授权判断。,treaties; legal latin; signature ad referendum,,signature ad referendum,"Oxford Dictionary of Law (10th ed., 2022), headword 'ad referendum', entry acref-9780192897497-e-119; source headword/sense checked against supplied EPUB; independent OpenLegalLexicon explanation",oxford10-119-s1,CC-BY-4.0,baseline_concept_review,Oxford,acref-9780192897497-e-119,black_alignment_pending,
ad valorem,从价；按价值比例,adverb phrase,"tax,legal_latin",LEGAL-LATIN,term,Calculated by reference to the value of the property or transaction concerned.,区别于按数量或固定金额征收。,tax; legal latin; ad valorem duty,,ad valorem duty,"Oxford Dictionary of Law (10th ed., 2022), headword 'ad valorem', entry acref-9780192897497-e-4621; source headword/sense checked against supplied EPUB; independent OpenLegalLexicon explanation",oxford10-4621-s1,CC-BY-4.0,baseline_concept_review,Oxford,acref-9780192897497-e-4621,black_alignment_pending,
ad vitam aut culpam,终身任职但可因过错去职,adverb phrase,"legal_latin,legal_history",LEGAL-LATIN; HISTORICAL,term,A tenure formula linking continuation in office to life or the absence of disqualifying misconduct.,不能据此推断任何现行司法任期。,legal latin; legal history; tenure ad vitam aut culpam,,tenure ad vitam aut culpam,"Oxford Dictionary of Law (10th ed., 2022), headword 'ad vitam aut culpam', entry acref-9780192897497-e-4622; source headword/sense checked against supplied EPUB; independent OpenLegalLexicon explanation",oxford10-4622-s1,CC-BY-4.0,historical_reference_review,Oxford,acref-9780192897497-e-4622,black_alignment_pending,
additional voluntary contribution,养老金额外自愿缴款,noun phrase,pensions,UK,term,An optional contribution intended to supplement benefits from a pension arrangement.,税务待遇、项目类型及监管规则待复核。,pensions; pension AVC,AVC,pension AVC,"Oxford Dictionary of Law (10th ed., 2022), headword 'additional voluntary contribution', entry acref-9780192897497-e-82; source headword/sense checked against supplied EPUB; independent OpenLegalLexicon explanation",oxford10-82-s1,CC-BY-4.0,needs_current_law_review,Oxford,acref-9780192897497-e-82,black_alignment_pending,
address for service,送达地址,noun phrase,procedure,ENGLAND-WALES,term,The nominated address at which procedural documents may be served on a party under the governing rules.,有效送达方式与地址规则分别判断。,procedure; nominate an address for service,,nominate an address for service,"Oxford Dictionary of Law (10th ed., 2022), headword 'address for service', entry acref-9780192897497-e-83; source headword/sense checked against supplied EPUB; independent OpenLegalLexicon explanation",oxford10-83-s1,CC-BY-4.0,needs_current_law_review,Oxford,acref-9780192897497-e-83,black_alignment_pending,
adduce,提出作为证据,verb,evidence,COMMON-LAW,term,To present material for consideration as evidence in a proceeding.,与 assert 或 allege 区分。,evidence; adduce evidence,,adduce evidence,"Oxford Dictionary of Law (10th ed., 2022), headword 'adduce', entry acref-9780192897497-e-84; source headword/sense checked against supplied EPUB; independent OpenLegalLexicon explanation",oxford10-84-s1,CC-BY-4.0,baseline_concept_review,Oxford,acref-9780192897497-e-84,black_alignment_pending,
ademption,特定遗赠失效或减缩,noun,succession,COMMON-LAW,term,Failure or reduction of a testamentary gift because its subject is no longer available or the gift has been legally satisfied in advance.,因财产灭失、处分与生前给付形成的规则需分别判断。,succession; ademption of a specific legacy,,ademption of a specific legacy,"Oxford Dictionary of Law (10th ed., 2022), headword 'ademption', entry acref-9780192897497-e-85; source headword/sense checked against supplied EPUB; independent OpenLegalLexicon explanation",oxford10-85-s1,CC-BY-4.0,baseline_concept_review,Oxford,acref-9780192897497-e-85,black_alignment_pending,
adhesion contract,附合合同；格式合同,noun phrase,contracts,COMMON-LAW,cross_reference,See standard-form contract.,保留来源的参照关系；参照目标是否已编写另行统计。,contracts; cross-reference lookup,,,"Oxford Dictionary of Law (10th ed., 2022), headword 'adhesion contract', entry acref-9780192897497-e-4822; cross-reference checked against supplied EPUB",oxford10-4822-s1,CC-BY-4.0,cross_reference_review,Oxford,acref-9780192897497-e-4822,black_alignment_pending,standard-form contract
ADIZ,防空识别区（缩写）,abbreviation,aviation,INTERNATIONAL,abbreviation,Abbreviation for Air Defence Identification Zone.,缩写展开限于本法域和本语境，不能据此排除其他同形缩写。,aviation; cross-reference lookup,,,"Oxford Dictionary of Law (10th ed., 2022), headword 'ADIZ', entry acref-9780192897497-e-87; cross-reference checked against supplied EPUB",oxford10-87-s1,CC-BY-4.0,cross_reference_review,Oxford,acref-9780192897497-e-87,black_alignment_pending,Air Defence Identification Zone
adjective law,程序法,noun phrase,jurisprudence,COMMON-LAW,term,Law governing the procedure through which substantive rights and obligations are asserted and adjudicated.,与 substantive law 相对。,jurisprudence; adjective and substantive law,,adjective and substantive law,"Oxford Dictionary of Law (10th ed., 2022), headword 'adjective law', entry acref-9780192897497-e-88; source headword/sense checked against supplied EPUB; independent OpenLegalLexicon explanation",oxford10-88-s1,CC-BY-4.0,baseline_concept_review,Oxford,acref-9780192897497-e-88,black_alignment_pending,
adjournment,延期审理；休庭,noun,procedure,COMMON-LAW,term,Postponement or interruption of a hearing until another time.,区别于诉讼终止。,procedure; grant an adjournment,,grant an adjournment,"Oxford Dictionary of Law (10th ed., 2022), headword 'adjournment', entry acref-9780192897497-e-89; source headword/sense checked against supplied EPUB; independent OpenLegalLexicon explanation",oxford10-89-s1,CC-BY-4.0,baseline_concept_review,Oxford,acref-9780192897497-e-89,black_alignment_pending,
adjudication,裁判；正式决定,noun,procedure,COMMON-LAW,term,"Authoritative determination of a dispute or issue by a court, tribunal, or other legally empowered decision-maker.",具体语境也可涉及法定建设工程 adjudication。,procedure; adjudication of a claim,,adjudication of a claim,"Oxford Dictionary of Law (10th ed., 2022), headword 'adjudication', entry acref-9780192897497-e-90; source headword/sense checked against supplied EPUB; independent OpenLegalLexicon explanation",oxford10-90-s1,CC-BY-4.0,baseline_concept_review,Oxford,acref-9780192897497-e-90,black_alignment_pending,
adjudication order,破产宣告令（旧称）,noun phrase,"insolvency,legal_history",HISTORICAL,historical_reference,An older order formally adjudging a debtor bankrupt.,英国现代名称及程序应查 bankruptcy order。,insolvency; legal history; order of adjudication,,order of adjudication,"Oxford Dictionary of Law (10th ed., 2022), headword 'adjudication order', entry acref-9780192897497-e-91; source headword/sense checked against supplied EPUB; independent OpenLegalLexicon explanation",oxford10-91-s1,CC-BY-4.0,historical_reference_review,Oxford,acref-9780192897497-e-91,black_alignment_pending,
adjustment,保险损失核定,noun,insurance,COMMON-LAW,term,Assessment of the amount payable for an insured loss.,不是任意修改保单。,insurance; loss adjustment,,loss adjustment,"Oxford Dictionary of Law (10th ed., 2022), headword 'adjustment', entry acref-9780192897497-e-92; source headword/sense checked against supplied EPUB; independent OpenLegalLexicon explanation",oxford10-92-s1,CC-BY-4.0,baseline_concept_review,Oxford,acref-9780192897497-e-92,black_alignment_pending,
adjustment,共同海损理算,noun,maritime,INTERNATIONAL_TRANSACTIONAL,term,Calculation and allocation of contributions and entitlements following a general-average event.,受适用规则及合同约定影响。,maritime; general-average adjustment,,general-average adjustment,"Oxford Dictionary of Law (10th ed., 2022), headword 'adjustment', entry acref-9780192897497-e-92; source headword/sense checked against supplied EPUB; independent OpenLegalLexicon explanation",oxford10-92-s2,CC-BY-4.0,baseline_concept_review,Oxford,acref-9780192897497-e-92,black_alignment_pending,
administration,遗产管理,noun,succession,ENGLAND-WALES,term,"Collection, payment of liabilities, and distribution of a deceased person's estate through personal representatives.",与公司 administration 分列。,succession; administration of an estate,,administration of an estate,"Oxford Dictionary of Law (10th ed., 2022), headword 'administration', entry acref-9780192897497-e-94; source headword/sense checked against supplied EPUB; independent OpenLegalLexicon explanation",oxford10-94-s2,CC-BY-4.0,needs_current_law_review,Oxford,acref-9780192897497-e-94,black_alignment_pending,
administration,遗产管理授权授予,noun,"succession,procedure",ENGLAND-WALES,term,The grant of authority to administer an estate where no executor is acting under the will.,授权授予与日常管理过程分列。,succession; procedure; grant of letters of administration,,grant of letters of administration,"Oxford Dictionary of Law (10th ed., 2022), headword 'administration', entry acref-9780192897497-e-94; source headword/sense checked against supplied EPUB; independent OpenLegalLexicon explanation",oxford10-94-s3,CC-BY-4.0,needs_current_law_review,Oxford,acref-9780192897497-e-94,black_alignment_pending,
administration,信托或受保护财产事务管理,noun,"trusts,capacity",ENGLAND-WALES,term,Performance of legally imposed management duties relating to property held for a protected person or insolvency estate.,旧版能力用语及现代授权体系需复核。,trusts; capacity; administration of trust property,,administration of trust property,"Oxford Dictionary of Law (10th ed., 2022), headword 'administration', entry acref-9780192897497-e-94; source headword/sense checked against supplied EPUB; independent OpenLegalLexicon explanation",oxford10-94-s4,CC-BY-4.0,needs_current_law_review,Oxford,acref-9780192897497-e-94,black_alignment_pending,
administration,公司破产管理程序,noun,insolvency,UK,term,A statutory process placing a company's affairs under an insolvency practitioner to pursue the applicable rescue or creditor objectives.,与清算及普通公司管理不同。,insolvency; enter administration,,enter administration,"Oxford Dictionary of Law (10th ed., 2022), headword 'administration', entry acref-9780192897497-e-94; source headword/sense checked against supplied EPUB; independent OpenLegalLexicon explanation",oxford10-94-s1,CC-BY-4.0,needs_current_law_review,Oxford,acref-9780192897497-e-94,black_alignment_pending,
administration action,法院主持遗产管理之诉,noun phrase,"succession,procedure",ENGLAND-WALES,term,Proceedings seeking court supervision or assumption of the administration of a deceased person's estate.,代表人权限受法院命令及程序规则约束。,succession; procedure; estate administration action,,estate administration action,"Oxford Dictionary of Law (10th ed., 2022), headword 'administration action', entry acref-9780192897497-e-95; source headword/sense checked against supplied EPUB; independent OpenLegalLexicon explanation",oxford10-95-s1,CC-BY-4.0,needs_current_law_review,Oxford,acref-9780192897497-e-95,black_alignment_pending,
administration bond,遗产管理担保,noun phrase,succession,ENGLAND-WALES,term,Security protecting an estate against loss caused by an administrator's improper handling of it.,不是行政机关发行的债券。,succession; administrator's bond,,administrator's bond,"Oxford Dictionary of Law (10th ed., 2022), headword 'administration bond', entry acref-9780192897497-e-96; source headword/sense checked against supplied EPUB; independent OpenLegalLexicon explanation",oxford10-96-s1,CC-BY-4.0,needs_current_law_review,Oxford,acref-9780192897497-e-96,black_alignment_pending,
administration of poison,施用毒物,noun phrase,criminal,ENGLAND-WALES,cross_reference,See poison.,保留来源的参照关系；参照目标是否已编写另行统计。,criminal; cross-reference lookup,,,"Oxford Dictionary of Law (10th ed., 2022), headword 'administration of poison', entry acref-9780192897497-e-97; cross-reference checked against supplied EPUB",oxford10-97-s1,CC-BY-4.0,needs_current_law_review,Oxford,acref-9780192897497-e-97,black_alignment_pending,poison
administration order,债务人分期清偿管理令,noun phrase,debt_enforcement,ENGLAND-WALES,term,A court order organizing payment of a judgment debtor's multiple debts under a collective instalment arrangement.,门槛及对个别执行的影响待复核。,debt enforcement; county court administration order,,county court administration order,"Oxford Dictionary of Law (10th ed., 2022), headword 'administration order', entry acref-9780192897497-e-98; source headword/sense checked against supplied EPUB; independent OpenLegalLexicon explanation",oxford10-98-s1,CC-BY-4.0,needs_current_law_review,Oxford,acref-9780192897497-e-98,black_alignment_pending,
administration order,公司破产管理令,noun phrase,insolvency,UK,term,A judicial order placing a company into statutory administration.,与法院外任命管理人的路径区分。,insolvency; company administration order,,company administration order,"Oxford Dictionary of Law (10th ed., 2022), headword 'administration order', entry acref-9780192897497-e-98; source headword/sense checked against supplied EPUB; independent OpenLegalLexicon explanation",oxford10-98-s2,CC-BY-4.0,needs_current_law_review,Oxford,acref-9780192897497-e-98,black_alignment_pending,
administration pending suit,诉讼期间的临时遗产管理,noun phrase,succession,ENGLAND-WALES,cross_reference,See pendente lite.,保留来源的参照关系；参照目标是否已编写另行统计。,succession; cross-reference lookup,,,"Oxford Dictionary of Law (10th ed., 2022), headword 'administration pending suit', entry acref-9780192897497-e-99; cross-reference checked against supplied EPUB",oxford10-99-s1,CC-BY-4.0,needs_current_law_review,Oxford,acref-9780192897497-e-99,black_alignment_pending,pendente lite
administration period,遗产管理期间,noun phrase,"succession,tax",ENGLAND-WALES,term,The interval during which personal representatives settle the deceased's estate before completing its distribution.,税务计算期间可能另有定义。,succession; tax; estate administration period,,estate administration period,"Oxford Dictionary of Law (10th ed., 2022), headword 'administration period', entry acref-9780192897497-e-100; source headword/sense checked against supplied EPUB; independent OpenLegalLexicon explanation",oxford10-100-s1,CC-BY-4.0,needs_current_law_review,Oxford,acref-9780192897497-e-100,black_alignment_pending,
Administrative Court,行政法院,noun phrase,judicial_institutions,ENGLAND-WALES,term,A specialist court within the King's Bench Division of the High Court dealing principally with judicial review and related public-law proceedings.,现行机构名称已对照 Judiciary 官方页面；具体程序及管辖范围仍待复核。,judicial institutions; Administrative Court judicial review,,Administrative Court judicial review,"Oxford Dictionary of Law (10th ed., 2022), headword 'Administrative Court', entry acref-9780192897497-e-4366; source headword/sense checked against supplied EPUB; independent OpenLegalLexicon explanation; Judiciary, https://www.judiciary.uk/courts-and-tribunals/high-court/administrative-court/ (checked 2026-10-02)",oxford10-4366-s1,CC-BY-4.0,needs_current_law_review,Oxford,acref-9780192897497-e-4366,black_alignment_pending,
Administrative Justice and Tribunals Council,行政司法及裁判所理事会（已撤销）,noun phrase,"legal_history,institutions",HISTORICAL,historical_reference,A former UK oversight body concerned with administrative tribunals and inquiries.,用于制度沿革，不表示现存机构。,legal history; institutions; former AJTC,,former AJTC,"Oxford Dictionary of Law (10th ed., 2022), headword 'Administrative Justice and Tribunals Council', entry acref-9780192897497-e-4367; source headword/sense checked against supplied EPUB; independent OpenLegalLexicon explanation",oxford10-4367-s1,CC-BY-4.0,historical_reference_review,Oxford,acref-9780192897497-e-4367,black_alignment_pending,
administrative law,行政法,noun phrase,public_law,COMMON-LAW,term,"Law governing public administration, including the exercise and review of powers by public authorities.",不直接等同中国行政法的制度范围。,public law; administrative-law review,,administrative-law review,"Oxford Dictionary of Law (10th ed., 2022), headword 'administrative law', entry acref-9780192897497-e-101; source headword/sense checked against supplied EPUB; independent OpenLegalLexicon explanation",oxford10-101-s1,CC-BY-4.0,baseline_concept_review,Oxford,acref-9780192897497-e-101,black_alignment_pending,
administrative letter,安慰函；支持函,noun phrase,"finance,contracts",INTERNATIONAL_TRANSACTIONAL,cross_reference,See comfort letter.,保留来源的参照关系；参照目标是否已编写另行统计。,finance; contracts; cross-reference lookup,,,"Oxford Dictionary of Law (10th ed., 2022), headword 'administrative letter', entry acref-9780192897497-e-102; cross-reference checked against supplied EPUB",oxford10-102-s1,CC-BY-4.0,cross_reference_review,Oxford,acref-9780192897497-e-102,black_alignment_pending,comfort letter
administrative powers,行政权力；行政权限,noun phrase,public_law,UK,term,Powers enabling public authorities to implement policy and perform functions within their legal authority.,权限来源、裁量边界及司法审查另查。,public law; exercise administrative powers,,exercise administrative powers,"Oxford Dictionary of Law (10th ed., 2022), headword 'administrative powers', entry acref-9780192897497-e-103; source headword/sense checked against supplied EPUB; independent OpenLegalLexicon explanation",oxford10-103-s1,CC-BY-4.0,needs_current_law_review,Oxford,acref-9780192897497-e-103,black_alignment_pending,
administrative receiver,行政接管人；企业资产接管人,noun phrase,insolvency,UK,term,A receiver appointed under specified security to control all or substantially all of a company's assets.,英国专门破产法角色，不是政府行政接管。,insolvency; appoint an administrative receiver,,appoint an administrative receiver,"Oxford Dictionary of Law (10th ed., 2022), headword 'administrative receiver', entry acref-9780192897497-e-104; source headword/sense checked against supplied EPUB; independent OpenLegalLexicon explanation",oxford10-104-s1,CC-BY-4.0,needs_current_law_review,Oxford,acref-9780192897497-e-104,black_alignment_pending,
administrative tribunal,行政裁判所,noun phrase,public_law,UK,term,A statutory adjudicative body resolving disputes under administrative or regulatory schemes.,组织地位和上诉路径依具体裁判所。,public law; administrative tribunal appeal,,administrative tribunal appeal,"Oxford Dictionary of Law (10th ed., 2022), headword 'administrative tribunal', entry acref-9780192897497-e-105; source headword/sense checked against supplied EPUB; independent OpenLegalLexicon explanation",oxford10-105-s1,CC-BY-4.0,needs_current_law_review,Oxford,acref-9780192897497-e-105,black_alignment_pending,
administrator,遗产管理人,noun,succession,ENGLAND-WALES,term,A personal representative authorized to administer an estate without acting under an effective appointment as executor.,与 executor 及公司管理人分列。,succession; letters of administration,,letters of administration,"Oxford Dictionary of Law (10th ed., 2022), headword 'administrator', entry acref-9780192897497-e-106; source headword/sense checked against supplied EPUB; independent OpenLegalLexicon explanation",oxford10-106-s1,CC-BY-4.0,needs_current_law_review,Oxford,acref-9780192897497-e-106,black_alignment_pending,
administrator,破产管理程序管理人,noun,insolvency,UK,term,The qualified practitioner responsible for a company in statutory administration.,不是泛指公司行政人员。,insolvency; company administrator,,company administrator,"Oxford Dictionary of Law (10th ed., 2022), headword 'administrator', entry acref-9780192897497-e-106; source headword/sense checked against supplied EPUB; independent OpenLegalLexicon explanation",oxford10-106-s2,CC-BY-4.0,needs_current_law_review,Oxford,acref-9780192897497-e-106,black_alignment_pending,
Admiralty Court,海事法院,noun phrase,judicial_institutions,ENGLAND-WALES,term,The High Court's specialist jurisdiction for admiralty claims involving ships and related maritime matters.,应核实现行组织名称及管辖范围。,judicial institutions; Admiralty Court claim,,Admiralty Court claim,"Oxford Dictionary of Law (10th ed., 2022), headword 'Admiralty Court', entry acref-9780192897497-e-107; source headword/sense checked against supplied EPUB; independent OpenLegalLexicon explanation",oxford10-107-s1,CC-BY-4.0,needs_current_law_review,Oxford,acref-9780192897497-e-107,black_alignment_pending,
Admiralty law,海事法,noun phrase,maritime,COMMON-LAW,cross_reference,See maritime law.,保留来源的参照关系；参照目标是否已编写另行统计。,maritime; cross-reference lookup,,,"Oxford Dictionary of Law (10th ed., 2022), headword 'Admiralty law', entry acref-9780192897497-e-4937; cross-reference checked against supplied EPUB",oxford10-4937-s1,CC-BY-4.0,cross_reference_review,Oxford,acref-9780192897497-e-4937,black_alignment_pending,maritime law
admissibility of evidence,证据可采性,noun phrase,evidence,COMMON-LAW,term,The legal conditions determining whether material may be received as evidence in proceedings.,与证明力和真实性区分。,evidence; challenge admissibility,,challenge admissibility,"Oxford Dictionary of Law (10th ed., 2022), headword 'admissibility of evidence', entry acref-9780192897497-e-108; source headword/sense checked against supplied EPUB; independent OpenLegalLexicon explanation",oxford10-108-s1,CC-BY-4.0,baseline_concept_review,Oxford,acref-9780192897497-e-108,black_alignment_pending,
admissibility of records,记录作为证据的可采性,noun phrase,evidence,ENGLAND-WALES,term,The conditions under which recorded information may be used to prove stated facts in court.,应分别处理民事、刑事及传闻规则。,evidence; admissibility of business records,,admissibility of business records,"Oxford Dictionary of Law (10th ed., 2022), headword 'admissibility of records', entry acref-9780192897497-e-109; source headword/sense checked against supplied EPUB; independent OpenLegalLexicon explanation",oxford10-109-s1,CC-BY-4.0,needs_current_law_review,Oxford,acref-9780192897497-e-109,black_alignment_pending,
admission,民事事实自认,noun,"civil_procedure,evidence",ENGLAND-WALES,term,A party's acknowledgment of a fact adverse to its position in civil proceedings.,形式自认、非形式陈述及撤回规则不同。,civil procedure; evidence; formal admission of fact,,formal admission of fact,"Oxford Dictionary of Law (10th ed., 2022), headword 'admission', entry acref-9780192897497-e-110; source headword/sense checked against supplied EPUB; independent OpenLegalLexicon explanation",oxford10-110-s1,CC-BY-4.0,needs_current_law_review,Oxford,acref-9780192897497-e-110,black_alignment_pending,
admission,刑事事实承认或认罪,noun,"criminal_procedure,evidence",ENGLAND-WALES,term,"Acknowledgment by an accused of an offence or material fact, formally in proceedings or informally in a statement.",应区分 confession、formal admission 与 guilty plea。,criminal procedure; evidence; admission under criminal procedure,,admission under criminal procedure,"Oxford Dictionary of Law (10th ed., 2022), headword 'admission', entry acref-9780192897497-e-110; source headword/sense checked against supplied EPUB; independent OpenLegalLexicon explanation",oxford10-110-s2,CC-BY-4.0,needs_current_law_review,Oxford,acref-9780192897497-e-110,black_alignment_pending,
admonition,法官训诫,noun,sentencing,UK,term,A judicial reprimand used in a criminal disposition without the ordinary further punishment associated with conviction.,该处置的效力及法域范围需复核。,sentencing; judicial admonition,,judicial admonition,"Oxford Dictionary of Law (10th ed., 2022), headword 'admonition', entry acref-9780192897497-e-111; source headword/sense checked against supplied EPUB; independent OpenLegalLexicon explanation",oxford10-111-s1,CC-BY-4.0,needs_current_law_review,Oxford,acref-9780192897497-e-111,black_alignment_pending,
adoption,法院采用国际法规则,noun,public_international_law,ENGLAND-WALES,term,Reliance by a domestic court on an international-law rule accepted into domestic law through the applicable legal method.,不等同 treaty adoption；国内法冲突及纳入方式另查。,public international law; adoption of international law,,adoption of international law,"Oxford Dictionary of Law (10th ed., 2022), headword 'adoption', entry acref-9780192897497-e-112; source headword/sense checked against supplied EPUB; independent OpenLegalLexicon explanation",oxford10-112-s2,CC-BY-4.0,needs_current_law_review,Oxford,acref-9780192897497-e-112,black_alignment_pending,
adoption,收养,noun,family,UK,term,A legal process creating a parent-child relationship and reallocating parental status and responsibilities.,原家庭关系的法律后果按适用法判断。,family; adoption order,,adoption order,"Oxford Dictionary of Law (10th ed., 2022), headword 'adoption', entry acref-9780192897497-e-112; source headword/sense checked against supplied EPUB; independent OpenLegalLexicon explanation",oxford10-112-s1,CC-BY-4.0,needs_current_law_review,Oxford,acref-9780192897497-e-112,black_alignment_pending,
adoption,地方机关选择实施授权立法,noun,local_government,UK,term,A local body's decision to bring an optional statutory scheme into operation within its area.,适用对象与程序依据需现行法复核。,local government; adoption of an optional Act,,adoption of an optional Act,"Oxford Dictionary of Law (10th ed., 2022), headword 'adoption', entry acref-9780192897497-e-112; source headword/sense checked against supplied EPUB; independent OpenLegalLexicon explanation",oxford10-112-s3,CC-BY-4.0,needs_current_law_review,Oxford,acref-9780192897497-e-112,black_alignment_pending,
adoption agency,收养机构,noun phrase,family,UK,term,A body authorized to assess adopters and arrange or approve adoption placements.,资格及监管体系按具体组成法域复核。,family; approved adoption agency,,approved adoption agency,"Oxford Dictionary of Law (10th ed., 2022), headword 'adoption agency', entry acref-9780192897497-e-113; source headword/sense checked against supplied EPUB; independent OpenLegalLexicon explanation",oxford10-113-s1,CC-BY-4.0,needs_current_law_review,Oxford,acref-9780192897497-e-113,black_alignment_pending,
adoption leave,收养假,noun phrase,employment,UK,term,Employment leave available in connection with placement of a child for adoption.,不等于领取收养福利；资格和期限待复核。,employment; statutory adoption leave,,statutory adoption leave,"Oxford Dictionary of Law (10th ed., 2022), headword 'adoption leave', entry acref-9780192897497-e-114; source headword/sense checked against supplied EPUB; independent OpenLegalLexicon explanation",oxford10-114-s1,CC-BY-4.0,needs_current_law_review,Oxford,acref-9780192897497-e-114,black_alignment_pending,
adoption service,收养服务,noun phrase,family,UK,term,"The support and arrangements that competent bodies provide for children, adopters, and families in adoption.",法定服务范围另查。,family; adoption support services,,adoption support services,"Oxford Dictionary of Law (10th ed., 2022), headword 'adoption service', entry acref-9780192897497-e-115; source headword/sense checked against supplied EPUB; independent OpenLegalLexicon explanation",oxford10-115-s1,CC-BY-4.0,needs_current_law_review,Oxford,acref-9780192897497-e-115,black_alignment_pending,
adoption society,收养团体,noun phrase,family,UK,term,A voluntary organization operating within the approval and regulatory framework for arranging adoptions.,不是未经许可即可中介收养。,family; registered adoption society,,registered adoption society,"Oxford Dictionary of Law (10th ed., 2022), headword 'adoption society', entry acref-9780192897497-e-116; source headword/sense checked against supplied EPUB; independent OpenLegalLexicon explanation",oxford10-116-s1,CC-BY-4.0,needs_current_law_review,Oxford,acref-9780192897497-e-116,black_alignment_pending,
adoptive relationship,收养形成的亲属关系,noun phrase,family,UK,term,The legal family relationship resulting from an adoption.,婚姻禁限及姻亲规则不能仅凭普通亲属称谓推断。,family; adoptive parent,,adoptive parent,"Oxford Dictionary of Law (10th ed., 2022), headword 'adoptive relationship', entry acref-9780192897497-e-117; source headword/sense checked against supplied EPUB; independent OpenLegalLexicon explanation",oxford10-117-s1,CC-BY-4.0,needs_current_law_review,Oxford,acref-9780192897497-e-117,black_alignment_pending,
ADR,替代性争议解决（缩写）,abbreviation,dispute_resolution,INTERNATIONAL_TRANSACTIONAL,abbreviation,Abbreviation for alternative dispute resolution.,缩写展开限于本法域和本语境，不能据此排除其他同形缩写。,dispute resolution; cross-reference lookup,,,"Oxford Dictionary of Law (10th ed., 2022), headword 'ADR', entry acref-9780192897497-e-118; cross-reference checked against supplied EPUB",oxford10-118-s1,CC-BY-4.0,cross_reference_review,Oxford,acref-9780192897497-e-118,black_alignment_pending,alternative dispute resolution
adulteration,食品掺杂；掺假,noun,food_regulation,UK,term,Mixing substances into food in a manner relevant to statutory safety or composition requirements.,有害掺杂与其他不符合标准的行为分别判断。,food regulation; food adulteration,,food adulteration,"Oxford Dictionary of Law (10th ed., 2022), headword 'adulteration', entry acref-9780192897497-e-120; source headword/sense checked against supplied EPUB; independent OpenLegalLexicon explanation",oxford10-120-s1,CC-BY-4.0,needs_current_law_review,Oxford,acref-9780192897497-e-120,black_alignment_pending,
adultery,婚外性行为（特定法律用语）,noun,family,ENGLAND-WALES,term,A historically defined category of extramarital sexual intercourse in matrimonial law.,不能沿用旧版内容推断现行离婚条件。,family; allegation of adultery,,allegation of adultery,"Oxford Dictionary of Law (10th ed., 2022), headword 'adultery', entry acref-9780192897497-e-121; source headword/sense checked against supplied EPUB; independent OpenLegalLexicon explanation",oxford10-121-s1,CC-BY-4.0,needs_current_law_review,Oxford,acref-9780192897497-e-121,black_alignment_pending,
advance decision,预先医疗决定,noun phrase,"medical,capacity",ENGLAND-WALES,term,A decision made with capacity refusing specified treatment for a future time when the person lacks capacity to decide.,英国专门制度；有效性及维持生命治疗要求待复核。,medical; capacity; advance decision to refuse treatment,,advance decision to refuse treatment,"Oxford Dictionary of Law (10th ed., 2022), headword 'advance decision', entry acref-9780192897497-e-4368; source headword/sense checked against supplied EPUB; independent OpenLegalLexicon explanation",oxford10-4368-s1,CC-BY-4.0,needs_current_law_review,Oxford,acref-9780192897497-e-4368,black_alignment_pending,
advance indication of sentence,预先量刑提示,noun phrase,criminal_procedure,ENGLAND-WALES,term,A judge's indication of the sentence that would follow a guilty plea under the applicable procedure.,不得当作所有法院均可自由承诺的量刑结果。,criminal procedure; Goodyear indication,,Goodyear indication,"Oxford Dictionary of Law (10th ed., 2022), headword 'advance indication of sentence', entry acref-9780192897497-e-4938; source headword/sense checked against supplied EPUB; independent OpenLegalLexicon explanation",oxford10-4938-s1,CC-BY-4.0,needs_current_law_review,Oxford,acref-9780192897497-e-4938,black_alignment_pending,
advance information,刑事案件初始披露资料（旧称）,noun phrase,criminal_procedure,ENGLAND-WALES,cross_reference,See Initial Details of the Prosecution Case.,保留来源的参照关系；参照目标是否已编写另行统计。,criminal procedure; cross-reference lookup,,,"Oxford Dictionary of Law (10th ed., 2022), headword 'advance information', entry acref-9780192897497-e-122; cross-reference checked against supplied EPUB",oxford10-122-s1,CC-BY-4.0,needs_current_law_review,Oxford,acref-9780192897497-e-122,black_alignment_pending,Initial Details of the Prosecution Case
advancement,信托本金预支,noun,trusts,ENGLAND-WALES,term,Application of trust capital for a beneficiary's benefit before the ordinary time for receiving it.,原书比例限制可能过时，需查现行成文法。,trusts; power of advancement,,power of advancement,"Oxford Dictionary of Law (10th ed., 2022), headword 'advancement', entry acref-9780192897497-e-123; source headword/sense checked against supplied EPUB; independent OpenLegalLexicon explanation",oxford10-123-s1,CC-BY-4.0,needs_current_law_review,Oxford,acref-9780192897497-e-123,black_alignment_pending,
advancement,赠与推定,noun,equity,ENGLAND-WALES,term,A presumption that a transfer in certain relationships was intended as a gift rather than held for the transferor.,与信托本金预支不同；适用范围待复核。,equity; presumption of advancement,,presumption of advancement,"Oxford Dictionary of Law (10th ed., 2022), headword 'advancement', entry acref-9780192897497-e-123; source headword/sense checked against supplied EPUB; independent OpenLegalLexicon explanation",oxford10-123-s2,CC-BY-4.0,needs_current_law_review,Oxford,acref-9780192897497-e-123,black_alignment_pending,
adversary procedure,控辩对抗式程序,noun phrase,criminal_procedure,COMMON-LAW,cross_reference,See accusatorial procedure.,保留来源的参照关系；参照目标是否已编写另行统计。,criminal procedure; cross-reference lookup,,,"Oxford Dictionary of Law (10th ed., 2022), headword 'adversary procedure', entry acref-9780192897497-e-124; cross-reference checked against supplied EPUB",oxford10-124-s1,CC-BY-4.0,cross_reference_review,Oxford,acref-9780192897497-e-124,black_alignment_pending,accusatorial procedure
adverse inference,不利推论,noun phrase,"criminal_procedure,evidence",ENGLAND-WALES,term,"An evidential inference against an accused drawn in circumstances permitted by law, including specified failures to explain matters.",沉默并非自动证明有罪；程序保障待复核。,criminal procedure; evidence; draw an adverse inference,,draw an adverse inference,"Oxford Dictionary of Law (10th ed., 2022), headword 'adverse inference', entry acref-9780192897497-e-4369; source headword/sense checked against supplied EPUB; independent OpenLegalLexicon explanation",oxford10-4369-s1,CC-BY-4.0,needs_current_law_review,Oxford,acref-9780192897497-e-4369,black_alignment_pending,
adverse occupation,排斥权利人的占用,noun phrase,property,ENGLAND-WALES,term,Occupation by a trespasser excluding the owner or lawful occupier.,不当然构成 adverse possession 或取得产权。,property; adverse occupation of premises,,adverse occupation of premises,"Oxford Dictionary of Law (10th ed., 2022), headword 'adverse occupation', entry acref-9780192897497-e-125; source headword/sense checked against supplied EPUB; independent OpenLegalLexicon explanation",oxford10-125-s1,CC-BY-4.0,needs_current_law_review,Oxford,acref-9780192897497-e-125,black_alignment_pending,
adverse possession,逆权占有,noun phrase,property,ENGLAND-WALES,term,"Possession of land without the paper owner's permission, with the requisite intention, potentially affecting title under the applicable regime.",登记与未登记土地的制度不同。,property; claim adverse possession,,claim adverse possession,"Oxford Dictionary of Law (10th ed., 2022), headword 'adverse possession', entry acref-9780192897497-e-126; source headword/sense checked against supplied EPUB; independent OpenLegalLexicon explanation",oxford10-126-s1,CC-BY-4.0,needs_current_law_review,Oxford,acref-9780192897497-e-126,black_alignment_pending,
adverse witness,作不利证言的己方证人,noun phrase,evidence,COMMON-LAW,term,A witness whose evidence is unfavourable to the party that called them.,并非自动成为 hostile witness。,evidence; adverse witness evidence,,adverse witness evidence,"Oxford Dictionary of Law (10th ed., 2022), headword 'adverse witness', entry acref-9780192897497-e-127; source headword/sense checked against supplied EPUB; independent OpenLegalLexicon explanation",oxford10-127-s1,CC-BY-4.0,baseline_concept_review,Oxford,acref-9780192897497-e-127,black_alignment_pending,
advice on evidence,证据意见书,noun phrase,legal_practice,ENGLAND-WALES,term,Counsel's advice identifying evidential issues and the material needed to prove or resist a case.,常见于出庭律师与委托事务律师协作。,legal practice; counsel's advice on evidence,,counsel's advice on evidence,"Oxford Dictionary of Law (10th ed., 2022), headword 'advice on evidence', entry acref-9780192897497-e-128; source headword/sense checked against supplied EPUB; independent OpenLegalLexicon explanation",oxford10-128-s1,CC-BY-4.0,needs_current_law_review,Oxford,acref-9780192897497-e-128,black_alignment_pending,
Advisory Conciliation and Arbitration Service,咨询、调解与仲裁局,noun phrase,"employment,institutions",UK,term,The statutory employment-relations service commonly known as ACAS.,现行职责、程序和适用地区需复核。,employment; institutions; ACAS early conciliation,ACAS,ACAS early conciliation,"Oxford Dictionary of Law (10th ed., 2022), headword 'Advisory Conciliation and Arbitration Service', entry acref-9780192897497-e-4939; source headword/sense checked against supplied EPUB; independent OpenLegalLexicon explanation",oxford10-4939-s1,CC-BY-4.0,needs_current_law_review,Oxford,acref-9780192897497-e-4939,black_alignment_pending,
advisory jurisdiction,咨询意见管辖权,noun phrase,public_international_law,INTERNATIONAL,term,Authority of an international court to deliver legal opinions at the request of bodies entitled to seek them.,区别于争讼管辖；请求主体有权限限制。,public international law; ICJ advisory jurisdiction,,ICJ advisory jurisdiction,"Oxford Dictionary of Law (10th ed., 2022), headword 'advisory jurisdiction', entry acref-9780192897497-e-129; source headword/sense checked against supplied EPUB; independent OpenLegalLexicon explanation",oxford10-129-s1,CC-BY-4.0,needs_current_law_review,Oxford,acref-9780192897497-e-129,black_alignment_pending,
advocacy qualification,出庭辩护资格,noun phrase,legal_profession,ENGLAND-WALES,term,A qualification or authorization supporting rights of audience in specified courts.,现代授权体系及资格名称待复核。,legal profession; higher rights of audience,,higher rights of audience,"Oxford Dictionary of Law (10th ed., 2022), headword 'advocacy qualification', entry acref-9780192897497-e-130; source headword/sense checked against supplied EPUB; independent OpenLegalLexicon explanation",oxford10-130-s1,CC-BY-4.0,needs_current_law_review,Oxford,acref-9780192897497-e-130,black_alignment_pending,
advocate,出庭代理人；辩护人,noun,legal_profession,COMMON-LAW,term,A person authorized to present another's case before a court or tribunal.,是否必须是律师依程序及法域。,legal profession; act as an advocate,,act as an advocate,"Oxford Dictionary of Law (10th ed., 2022), headword 'advocate', entry acref-9780192897497-e-131; source headword/sense checked against supplied EPUB; independent OpenLegalLexicon explanation",oxford10-131-s1,CC-BY-4.0,baseline_concept_review,Oxford,acref-9780192897497-e-131,black_alignment_pending,
advocate,苏格兰出庭律师,noun,legal_profession,SCOTLAND,term,A lawyer admitted to the Scottish profession of advocates.,与英格兰 barrister 分属不同职业制度。,legal profession; Faculty of Advocates,,Faculty of Advocates,"Oxford Dictionary of Law (10th ed., 2022), headword 'advocate', entry acref-9780192897497-e-131; source headword/sense checked against supplied EPUB; independent OpenLegalLexicon explanation",oxford10-131-s2,CC-BY-4.0,needs_current_law_review,Oxford,acref-9780192897497-e-131,black_alignment_pending,
Advocates-General,欧盟法院总法律顾问,noun,"eu_law,institutions",EU,term,Independent officers assisting the Court of Justice through reasoned opinions on cases allocated to them.,其意见不是法院最终判决。,eu law; institutions; opinion of the Advocate General,,opinion of the Advocate General,"Oxford Dictionary of Law (10th ed., 2022), headword 'Advocates-General', entry acref-9780192897497-e-132; source headword/sense checked against supplied EPUB; independent OpenLegalLexicon explanation",oxford10-132-s1,CC-BY-4.0,needs_current_law_review,Oxford,acref-9780192897497-e-132,black_alignment_pending,
advowson,教职提名权,noun,"ecclesiastical,property",ENGLAND-WALES,term,A patron's right to present a candidate for an ecclesiastical benefice.,历史财产权制度；现代限制待复核。,ecclesiastical; property; patronage of an advowson,,patronage of an advowson,"Oxford Dictionary of Law (10th ed., 2022), headword 'advowson', entry acref-9780192897497-e-133; source headword/sense checked against supplied EPUB; independent OpenLegalLexicon explanation",oxford10-133-s1,CC-BY-4.0,needs_current_law_review,Oxford,acref-9780192897497-e-133,black_alignment_pending,
aequitas est quasi aequalitas,衡平近于平等（格言）,phrase,"equity,legal_latin",LEGAL-LATIN,cross_reference,See equality is equity.,保留来源的参照关系；参照目标是否已编写另行统计。,equity; legal latin; cross-reference lookup,,,"Oxford Dictionary of Law (10th ed., 2022), headword 'aequitas est quasi aequalitas', entry acref-9780192897497-e-134; cross-reference checked against supplied EPUB",oxford10-134-s1,CC-BY-4.0,cross_reference_review,Oxford,acref-9780192897497-e-134,black_alignment_pending,equality is equity
affidavit,宣誓书；经宣誓的书面证言,noun,evidence,COMMON-LAW,term,A written statement confirmed by oath or affirmation before a person authorized to administer it.,与一般 witness statement 的形式区别另查。,evidence; swear an affidavit,,swear an affidavit,"Oxford Dictionary of Law (10th ed., 2022), headword 'affidavit', entry acref-9780192897497-e-135; source headword/sense checked against supplied EPUB; independent OpenLegalLexicon explanation",oxford10-135-s1,CC-BY-4.0,baseline_concept_review,Oxford,acref-9780192897497-e-135,black_alignment_pending,
affiliation order,非婚生子女父亲抚养令（旧制）,noun phrase,"family,legal_history",HISTORICAL,historical_reference,A former order requiring an alleged father to contribute to the maintenance of a child born outside marriage.,历史术语；不能据此提起现行程序。,family; legal history; affiliation proceedings,,affiliation proceedings,"Oxford Dictionary of Law (10th ed., 2022), headword 'affiliation order', entry acref-9780192897497-e-136; source headword/sense checked against supplied EPUB; independent OpenLegalLexicon explanation",oxford10-136-s1,CC-BY-4.0,historical_reference_review,Oxford,acref-9780192897497-e-136,black_alignment_pending,
affinity,姻亲关系,noun,family,COMMON-LAW,term,Relationship arising through marriage between a spouse and the other spouse's relatives.,禁婚亲等和持续效力依适用法。,family; relationship by affinity,,relationship by affinity,"Oxford Dictionary of Law (10th ed., 2022), headword 'affinity', entry acref-9780192897497-e-137; source headword/sense checked against supplied EPUB; independent OpenLegalLexicon explanation",oxford10-137-s1,CC-BY-4.0,baseline_concept_review,Oxford,acref-9780192897497-e-137,black_alignment_pending,
affirm,维持原判,verb,appeals,COMMON-LAW,term,To uphold the decision of a lower court on review or appeal.,不是重新作出完全相同事实认定的必然表述。,appeals; affirm the judgment,,affirm the judgment,"Oxford Dictionary of Law (10th ed., 2022), headword 'affirm', entry acref-9780192897497-e-138; source headword/sense checked against supplied EPUB; independent OpenLegalLexicon explanation",oxford10-138-s1,CC-BY-4.0,baseline_concept_review,Oxford,acref-9780192897497-e-138,black_alignment_pending,
affirm,庄严确认代替宣誓,verb,evidence,COMMON-LAW,term,To solemnly confirm the truth of evidence through an authorized affirmation rather than a religious oath.,与 appellate affirm 分列。,evidence; solemnly affirm,,solemnly affirm,"Oxford Dictionary of Law (10th ed., 2022), headword 'affirm', entry acref-9780192897497-e-138; source headword/sense checked against supplied EPUB; independent OpenLegalLexicon explanation",oxford10-138-s2,CC-BY-4.0,baseline_concept_review,Oxford,acref-9780192897497-e-138,black_alignment_pending,
affirm,确认继续履行合同,verb,contracts,COMMON-LAW,term,To elect to keep a contract operative despite a ground for rescission or termination.,是否有效通常涉及知情和选择行为。,contracts; affirm a voidable contract,,affirm a voidable contract,"Oxford Dictionary of Law (10th ed., 2022), headword 'affirm', entry acref-9780192897497-e-138; source headword/sense checked against supplied EPUB; independent OpenLegalLexicon explanation",oxford10-138-s3,CC-BY-4.0,baseline_concept_review,Oxford,acref-9780192897497-e-138,black_alignment_pending,
affirmative resolution,肯定性决议程序,noun phrase,constitutional,UK,cross_reference,See delegated legislation.,保留来源的参照关系；参照目标是否已编写另行统计。,constitutional; cross-reference lookup,,,"Oxford Dictionary of Law (10th ed., 2022), headword 'affirmative resolution', entry acref-9780192897497-e-139; cross-reference checked against supplied EPUB",oxford10-139-s1,CC-BY-4.0,needs_current_law_review,Oxford,acref-9780192897497-e-139,black_alignment_pending,delegated legislation
affray,暴力滋扰罪,noun,criminal,ENGLAND-WALES,term,Use or threat of unlawful violence meeting the statutory test of alarming a person of reasonable firmness.,与 riot、violent disorder 及一般 assault 区分。,criminal; offence of affray,,offence of affray,"Oxford Dictionary of Law (10th ed., 2022), headword 'affray', entry acref-9780192897497-e-140; source headword/sense checked against supplied EPUB; independent OpenLegalLexicon explanation",oxford10-140-s1,CC-BY-4.0,needs_current_law_review,Oxford,acref-9780192897497-e-140,black_alignment_pending,
affreightment,海上货物运输契约,noun,maritime,INTERNATIONAL_TRANSACTIONAL,term,An agreement for carriage of goods by sea in return for freight.,可通过租船合同或其他运输文件安排。,maritime; contract of affreightment,,contract of affreightment,"Oxford Dictionary of Law (10th ed., 2022), headword 'affreightment', entry acref-9780192897497-e-141; source headword/sense checked against supplied EPUB; independent OpenLegalLexicon explanation",oxford10-141-s1,CC-BY-4.0,baseline_concept_review,Oxford,acref-9780192897497-e-141,black_alignment_pending,
"African, Caribbean, Pacific Group",非洲、加勒比和太平洋国家集团（旧称）,noun phrase,international_organizations,INTERNATIONAL,term,The historical grouping of states cooperating through the Georgetown framework and related external agreements.,现行组织名称和条约框架需复核。,international organizations; ACP states,,ACP states,"Oxford Dictionary of Law (10th ed., 2022), headword 'African, Caribbean, Pacific Group', entry acref-9780192897497-e-4623; source headword/sense checked against supplied EPUB; independent OpenLegalLexicon explanation",oxford10-4623-s1,CC-BY-4.0,needs_current_law_review,Oxford,acref-9780192897497-e-4623,black_alignment_pending,
AGA,获允许的租约转让保证协议（缩写）,abbreviation,property,ENGLAND-WALES,abbreviation,Abbreviation for authorized guarantee agreement.,缩写展开限于本法域和本语境，不能据此排除其他同形缩写。,property; cross-reference lookup,,,"Oxford Dictionary of Law (10th ed., 2022), headword 'AGA', entry acref-9780192897497-e-4370; cross-reference checked against supplied EPUB",oxford10-4370-s1,CC-BY-4.0,needs_current_law_review,Oxford,acref-9780192897497-e-4370,black_alignment_pending,authorized guarantee agreement
age discrimination,年龄歧视,noun phrase,"employment,equality",UK,term,Less favourable treatment or another prohibited disadvantage attributable to age under equality law.,例外及正当化标准依具体法域和场景。,employment; equality; age-discrimination claim,,age-discrimination claim,"Oxford Dictionary of Law (10th ed., 2022), headword 'age discrimination', entry acref-9780192897497-e-4371; source headword/sense checked against supplied EPUB; independent OpenLegalLexicon explanation",oxford10-4371-s1,CC-BY-4.0,needs_current_law_review,Oxford,acref-9780192897497-e-4371,black_alignment_pending,
age of consent,性同意年龄,noun phrase,criminal,UK,term,The age threshold at which consent can satisfy the relevant sexual-offence rules.,不同活动、关系及法域可能有附加条件。,criminal; statutory age of consent,,statutory age of consent,"Oxford Dictionary of Law (10th ed., 2022), headword 'age of consent', entry acref-9780192897497-e-146; source headword/sense checked against supplied EPUB; independent OpenLegalLexicon explanation",oxford10-146-s1,CC-BY-4.0,needs_current_law_review,Oxford,acref-9780192897497-e-146,black_alignment_pending,
agency,代理关系,noun,agency,COMMON-LAW,term,A relationship in which one person is authorized to affect another's legal position through dealings with third parties.,区别于中国法的全部代理制度分类。,agency; principal and agent,,principal and agent,"Oxford Dictionary of Law (10th ed., 2022), headword 'agency', entry acref-9780192897497-e-142; source headword/sense checked against supplied EPUB; independent OpenLegalLexicon explanation",oxford10-142-s1,CC-BY-4.0,baseline_concept_review,Oxford,acref-9780192897497-e-142,black_alignment_pending,
agency,代理业务,noun,commercial,COMMON-LAW,term,A business providing services as an intermediary or representative for others.,业务名称不自动证明存在特定法律授权。,commercial; agency business,,agency business,"Oxford Dictionary of Law (10th ed., 2022), headword 'agency', entry acref-9780192897497-e-142; source headword/sense checked against supplied EPUB; independent OpenLegalLexicon explanation",oxford10-142-s2,CC-BY-4.0,baseline_concept_review,Oxford,acref-9780192897497-e-142,black_alignment_pending,
agency workers,劳务机构派遣的劳动者,noun phrase,employment,UK,term,"Workers supplied by an agency to perform work for a hirer, commonly on temporary assignments.",不直接等同中国法劳务派遣资格及三性限制。,employment; agency-worker rights,,agency-worker rights,"Oxford Dictionary of Law (10th ed., 2022), headword 'agency workers', entry acref-9780192897497-e-143; source headword/sense checked against supplied EPUB; independent OpenLegalLexicon explanation",oxford10-143-s1,CC-BY-4.0,needs_current_law_review,Oxford,acref-9780192897497-e-143,black_alignment_pending,
agent,代理人,noun,agency,COMMON-LAW,term,A person authorized to act for a principal in dealings capable of affecting the principal's legal relations.,授权、显名与责任须按具体规则判断。,agency; agent's authority,,agent's authority,"Oxford Dictionary of Law (10th ed., 2022), headword 'agent', entry acref-9780192897497-e-144; source headword/sense checked against supplied EPUB; independent OpenLegalLexicon explanation",oxford10-144-s1,CC-BY-4.0,baseline_concept_review,Oxford,acref-9780192897497-e-144,black_alignment_pending,
agent provocateur,诱使他人犯罪的线人或诱导者,noun phrase,criminal,COMMON-LAW,term,A person who induces an offence that would otherwise not occur and then reports or exposes it.,与 lawful undercover activity 及 entrapment 的后果区分。,criminal; agent provocateur evidence,,agent provocateur evidence,"Oxford Dictionary of Law (10th ed., 2022), headword 'agent provocateur', entry acref-9780192897497-e-145; source headword/sense checked against supplied EPUB; independent OpenLegalLexicon explanation",oxford10-145-s1,CC-BY-4.0,baseline_concept_review,Oxford,acref-9780192897497-e-145,black_alignment_pending,
aggravated assault,加重袭击,noun phrase,criminal,COMMON-LAW,cross_reference,See assault.,保留来源的参照关系；参照目标是否已编写另行统计。,criminal; cross-reference lookup,,,"Oxford Dictionary of Law (10th ed., 2022), headword 'aggravated assault', entry acref-9780192897497-e-147; cross-reference checked against supplied EPUB",oxford10-147-s1,CC-BY-4.0,cross_reference_review,Oxford,acref-9780192897497-e-147,black_alignment_pending,assault
aggravated burglary,加重入室盗窃,noun phrase,criminal,ENGLAND-WALES,cross_reference,See burglary.,保留来源的参照关系；参照目标是否已编写另行统计。,criminal; cross-reference lookup,,,"Oxford Dictionary of Law (10th ed., 2022), headword 'aggravated burglary', entry acref-9780192897497-e-148; cross-reference checked against supplied EPUB",oxford10-148-s1,CC-BY-4.0,needs_current_law_review,Oxford,acref-9780192897497-e-148,black_alignment_pending,burglary
aggravated damages,加重补偿性损害赔偿,noun phrase,tort,COMMON-LAW,term,Compensation reflecting additional injury caused by the manner or circumstances of the defendant's wrong.,通常与惩罚性 exemplary damages 区分。,tort; award aggravated damages,,award aggravated damages,"Oxford Dictionary of Law (10th ed., 2022), headword 'aggravated damages', entry acref-9780192897497-e-149; source headword/sense checked against supplied EPUB; independent OpenLegalLexicon explanation",oxford10-149-s1,CC-BY-4.0,baseline_concept_review,Oxford,acref-9780192897497-e-149,black_alignment_pending,
aggravated trespass,加重侵入,noun phrase,"criminal,property",ENGLAND-WALES,cross_reference,See trespass.,保留来源的参照关系；参照目标是否已编写另行统计。,criminal; property; cross-reference lookup,,,"Oxford Dictionary of Law (10th ed., 2022), headword 'aggravated trespass', entry acref-9780192897497-e-150; cross-reference checked against supplied EPUB",oxford10-150-s1,CC-BY-4.0,needs_current_law_review,Oxford,acref-9780192897497-e-150,black_alignment_pending,trespass
aggravated vehicle-taking,加重非法取用车辆罪,noun phrase,criminal,ENGLAND-WALES,term,"A statutory vehicle-taking offence aggravated by specified dangerous driving, damage, or injury consequences.",不是一般车辆盗窃的统一名称。,criminal; aggravated taking without consent,,aggravated taking without consent,"Oxford Dictionary of Law (10th ed., 2022), headword 'aggravated vehicle-taking', entry acref-9780192897497-e-151; source headword/sense checked against supplied EPUB; independent OpenLegalLexicon explanation",oxford10-151-s1,CC-BY-4.0,needs_current_law_review,Oxford,acref-9780192897497-e-151,black_alignment_pending,
aggregates levy,骨料税,noun phrase,tax,UK,cross_reference,See environmental taxes.,保留来源的参照关系；参照目标是否已编写另行统计。,tax; cross-reference lookup,,,"Oxford Dictionary of Law (10th ed., 2022), headword 'aggregates levy', entry acref-9780192897497-e-152; cross-reference checked against supplied EPUB",oxford10-152-s1,CC-BY-4.0,needs_current_law_review,Oxford,acref-9780192897497-e-152,black_alignment_pending,environmental taxes
aggression,侵略,noun,public_international_law,INTERNATIONAL,term,Use of armed force by a state against another in a manner prohibited by international law.,国家侵略行为与个人侵略罪的要件不同。,public international law; crime of aggression,,crime of aggression,"Oxford Dictionary of Law (10th ed., 2022), headword 'aggression', entry acref-9780192897497-e-153; source headword/sense checked against supplied EPUB; independent OpenLegalLexicon explanation",oxford10-153-s1,CC-BY-4.0,needs_current_law_review,Oxford,acref-9780192897497-e-153,black_alignment_pending,
agreement,国际协议,noun,treaties,INTERNATIONAL,cross_reference,See treaty (international agreements).,Oxford 此词目交叉指向 treaty；不是所有 agreement 均为条约。,treaties; international agreement,,international agreement,"Oxford Dictionary of Law (10th ed., 2022), headword 'agreement', entry acref-9780192897497-e-154; source headword/sense checked against supplied EPUB; independent OpenLegalLexicon explanation",oxford10-154-s1,CC-BY-4.0,cross_reference_review,Oxford,acref-9780192897497-e-154,black_alignment_pending,treaty
agreement for a lease,租约订立协议,noun phrase,"property,contracts",ENGLAND-WALES,term,"A contract to grant or take a lease at a later stage, potentially creating equitable rights if enforceable.",与已经生效的 legal lease 区分。,property; contracts; specifically enforceable agreement for a lease,,specifically enforceable agreement for a lease,"Oxford Dictionary of Law (10th ed., 2022), headword 'agreement for a lease', entry acref-9780192897497-e-155; source headword/sense checked against supplied EPUB; independent OpenLegalLexicon explanation",oxford10-155-s1,CC-BY-4.0,needs_current_law_review,Oxford,acref-9780192897497-e-155,black_alignment_pending,
agricultural holding,农业保有地；受法定保护的农业租赁,noun phrase,"agricultural,property",ENGLAND-WALES,term,An agricultural tenancy governed by the statutory agricultural-holdings framework.,与其他农业经营租赁分别判断。,agricultural; property; agricultural holding tenancy,,agricultural holding tenancy,"Oxford Dictionary of Law (10th ed., 2022), headword 'agricultural holding', entry acref-9780192897497-e-158; source headword/sense checked against supplied EPUB; independent OpenLegalLexicon explanation",oxford10-158-s1,CC-BY-4.0,needs_current_law_review,Oxford,acref-9780192897497-e-158,black_alignment_pending,
Agricultural Land and Drainage,农业土地及排水裁判职能,noun phrase,"agricultural,tribunals",ENGLAND-WALES,term,A tribunal designation associated with agricultural tenancy and drainage disputes.,机构沿革及现行分庭名称需复核。,agricultural; tribunals; agricultural tenancy tribunal,,agricultural tenancy tribunal,"Oxford Dictionary of Law (10th ed., 2022), headword 'Agricultural Land and Drainage', entry acref-9780192897497-e-159; source headword/sense checked against supplied EPUB; independent OpenLegalLexicon explanation",oxford10-159-s1,CC-BY-4.0,needs_current_law_review,Oxford,acref-9780192897497-e-159,black_alignment_pending,
agricultural property relief,农业财产继承税减免,noun phrase,tax,UK,term,Inheritance-tax relief for qualifying agricultural property under prescribed conditions.,比例、限额和生效时间均需现行法复核。,tax; claim agricultural property relief,,claim agricultural property relief,"Oxford Dictionary of Law (10th ed., 2022), headword 'agricultural property relief', entry acref-9780192897497-e-160; source headword/sense checked against supplied EPUB; independent OpenLegalLexicon explanation",oxford10-160-s1,CC-BY-4.0,needs_current_law_review,Oxford,acref-9780192897497-e-160,black_alignment_pending,
agrément,接受国事先同意,noun,diplomatic_law,INTERNATIONAL,term,The receiving state's advance approval of a proposed diplomatic head of mission.,不是任命国单方任命的替代词。,diplomatic law; request agrément,,request agrément,"Oxford Dictionary of Law (10th ed., 2022), headword 'agrément', entry acref-9780192897497-e-156; source headword/sense checked against supplied EPUB; independent OpenLegalLexicon explanation",oxford10-156-s1,CC-BY-4.0,baseline_concept_review,Oxford,acref-9780192897497-e-156,black_alignment_pending,
aid and abet,帮助及教唆,noun phrase,criminal,COMMON-LAW,term,To assist or encourage the commission of an offence in circumstances attracting secondary criminal liability.,主观要素及实施时点应按适用法判断。,criminal; aid and abet an offence,,aid and abet an offence,"Oxford Dictionary of Law (10th ed., 2022), headword 'aid and abet', entry acref-9780192897497-e-161; source headword/sense checked against supplied EPUB; independent OpenLegalLexicon explanation",oxford10-161-s1,CC-BY-4.0,baseline_concept_review,Oxford,acref-9780192897497-e-161,black_alignment_pending,
Air Defence Identification Zone,防空识别区,noun phrase,"aviation,public_international_law",INTERNATIONAL,term,A designated area in which aircraft identification is required for a state's air-defence purposes.,不等同领空；域外要求的效力有争议。,aviation; public international law; enter an ADIZ,ADIZ,enter an ADIZ,"Oxford Dictionary of Law (10th ed., 2022), headword 'Air Defence Identification Zone', entry acref-9780192897497-e-162; source headword/sense checked against supplied EPUB; independent OpenLegalLexicon explanation",oxford10-162-s1,CC-BY-4.0,baseline_concept_review,Oxford,acref-9780192897497-e-162,black_alignment_pending,
air force law,空军军法,noun phrase,military,UK,cross_reference,See service law.,保留来源的参照关系；参照目标是否已编写另行统计。,military; cross-reference lookup,,,"Oxford Dictionary of Law (10th ed., 2022), headword 'air force law', entry acref-9780192897497-e-163; cross-reference checked against supplied EPUB",oxford10-163-s1,CC-BY-4.0,needs_current_law_review,Oxford,acref-9780192897497-e-163,black_alignment_pending,service law
air pollution,空气污染,noun phrase,environmental,UK,cross_reference,See pollution.,保留来源的参照关系；参照目标是否已编写另行统计。,environmental; cross-reference lookup,,,"Oxford Dictionary of Law (10th ed., 2022), headword 'air pollution', entry acref-9780192897497-e-164; cross-reference checked against supplied EPUB",oxford10-164-s1,CC-BY-4.0,needs_current_law_review,Oxford,acref-9780192897497-e-164,black_alignment_pending,pollution
air rage,航空旅客暴力或滋扰行为,noun phrase,"aviation,criminal",UK,term,"Violent or disruptive passenger behaviour on an aircraft, potentially engaging aviation and criminal offences.",俗称而非单一法定罪名。,aviation; criminal; unruly passenger incident,,unruly passenger incident,"Oxford Dictionary of Law (10th ed., 2022), headword 'air rage', entry acref-9780192897497-e-4940; source headword/sense checked against supplied EPUB; independent OpenLegalLexicon explanation",oxford10-4940-s1,CC-BY-4.0,needs_current_law_review,Oxford,acref-9780192897497-e-4940,black_alignment_pending,
airspace,土地上方空间权益,noun,property,ENGLAND-WALES,term,The space above land in which the landowner may hold rights needed for the ordinary use and enjoyment of the land.,不是无限向上的排他所有权。,property; rights in airspace,,rights in airspace,"Oxford Dictionary of Law (10th ed., 2022), headword 'airspace', entry acref-9780192897497-e-165; source headword/sense checked against supplied EPUB; independent OpenLegalLexicon explanation",oxford10-165-s1,CC-BY-4.0,needs_current_law_review,Oxford,acref-9780192897497-e-165,black_alignment_pending,
airspace,国家领空,noun,"public_international_law,aviation",INTERNATIONAL,term,The airspace over a state's territory in which international law recognizes territorial sovereignty.,与 ADIZ 及公海上空区分。,public international law; aviation; territorial airspace,,territorial airspace,"Oxford Dictionary of Law (10th ed., 2022), headword 'airspace', entry acref-9780192897497-e-165; source headword/sense checked against supplied EPUB; independent OpenLegalLexicon explanation",oxford10-165-s2,CC-BY-4.0,baseline_concept_review,Oxford,acref-9780192897497-e-165,black_alignment_pending,
alcohol treatment requirement,酒精依赖治疗要求,noun phrase,sentencing,ENGLAND-WALES,term,A court-imposed requirement to undergo treatment directed at alcohol dependency within a sentencing order.,资格、同意及执行条件待复核。,sentencing; community-order alcohol treatment,,community-order alcohol treatment,"Oxford Dictionary of Law (10th ed., 2022), headword 'alcohol treatment requirement', entry acref-9780192897497-e-166; source headword/sense checked against supplied EPUB; independent OpenLegalLexicon explanation",oxford10-166-s1,CC-BY-4.0,needs_current_law_review,Oxford,acref-9780192897497-e-166,black_alignment_pending,
alderman,市政参议员；资深市政议员,noun,local_government,ENGLAND-WALES,term,A municipal office or title associated with senior membership in specified local-government structures.,不同地区可能仅为荣誉称号。,local government; City of London alderman,,City of London alderman,"Oxford Dictionary of Law (10th ed., 2022), headword 'alderman', entry acref-9780192897497-e-167; source headword/sense checked against supplied EPUB; independent OpenLegalLexicon explanation",oxford10-167-s1,CC-BY-4.0,needs_current_law_review,Oxford,acref-9780192897497-e-167,black_alignment_pending,
aleatory contract,射幸合同,noun phrase,contracts,COMMON-LAW,term,A contract whose promised gains or burdens depend on an uncertain event.,不意味着任何包含商业风险的合同均属此类。,contracts; aleatory insurance contract,,aleatory insurance contract,"Oxford Dictionary of Law (10th ed., 2022), headword 'aleatory contract', entry acref-9780192897497-e-4373; source headword/sense checked against supplied EPUB; independent OpenLegalLexicon explanation",oxford10-4373-s1,CC-BY-4.0,baseline_concept_review,Oxford,acref-9780192897497-e-4373,black_alignment_pending,
alibi,不在场抗辩,noun,criminal_procedure,COMMON-LAW,term,A defence asserting that the accused was elsewhere when the alleged offence occurred.,举证和通知规则依具体程序。,criminal procedure; alibi evidence,,alibi evidence,"Oxford Dictionary of Law (10th ed., 2022), headword 'alibi', entry acref-9780192897497-e-168; source headword/sense checked against supplied EPUB; independent OpenLegalLexicon explanation",oxford10-168-s1,CC-BY-4.0,baseline_concept_review,Oxford,acref-9780192897497-e-168,black_alignment_pending,
alien,非本国国民,noun,"nationality,immigration",INTERNATIONAL,term,A person who is not a national or citizen of the state whose law is being applied.,法律定义及现代用语因法域而异。,nationality; immigration; resident alien,,resident alien,"Oxford Dictionary of Law (10th ed., 2022), headword 'alien', entry acref-9780192897497-e-169; source headword/sense checked against supplied EPUB; independent OpenLegalLexicon explanation",oxford10-169-s1,CC-BY-4.0,baseline_concept_review,Oxford,acref-9780192897497-e-169,black_alignment_pending,
alienable,可转让的,adjective,property,COMMON-LAW,term,Capable of being transferred to another person as a legal interest.,与可继承、可放弃不完全同义。,property; alienable property,,alienable property,"Oxford Dictionary of Law (10th ed., 2022), headword 'alienable', entry acref-9780192897497-e-170; source headword/sense checked against supplied EPUB; independent OpenLegalLexicon explanation",oxford10-170-s1,CC-BY-4.0,baseline_concept_review,Oxford,acref-9780192897497-e-170,black_alignment_pending,
alienation,财产权益转让,noun,property,COMMON-LAW,term,Transfer of ownership or another interest in property to another person.,不是心理学中的疏离。,property; restraint on alienation,,restraint on alienation,"Oxford Dictionary of Law (10th ed., 2022), headword 'alienation', entry acref-9780192897497-e-171; source headword/sense checked against supplied EPUB; independent OpenLegalLexicon explanation",oxford10-171-s1,CC-BY-4.0,baseline_concept_review,Oxford,acref-9780192897497-e-171,black_alignment_pending,
alieni juris,受他人法律权力支配,phrase,"roman_law,legal_latin",ROMAN-LAW-HISTORICAL,historical_reference,A status of being subject to another person's legal authority rather than legally independent.,与现代行为能力分类不能机械对应。,roman law; legal latin; alieni juris status,,alieni juris status,"Oxford Dictionary of Law (10th ed., 2022), headword 'alieni juris', entry acref-9780192897497-e-172; source headword/sense checked against supplied EPUB; independent OpenLegalLexicon explanation",oxford10-172-s1,CC-BY-4.0,historical_reference_review,Oxford,acref-9780192897497-e-172,black_alignment_pending,
Alignment Project,英国政府财政信息协调项目（历史）,noun phrase,"public_finance,legal_history",HISTORICAL,historical_reference,"A Treasury project coordinating budget, estimates, and resource-account presentations.",亦称 Clear Line of Sight Project；不是缩写。,public finance; legal history; Clear Line of Sight,Clear Line of Sight Project; CLOS,Clear Line of Sight,"Oxford Dictionary of Law (10th ed., 2022), headword 'Alignment Project', entry acref-9780192897497-e-4823; source headword/sense checked against supplied EPUB; independent OpenLegalLexicon explanation",oxford10-4823-s1,CC-BY-4.0,historical_reference_review,Oxford,acref-9780192897497-e-4823,black_alignment_pending,
alimentary trust,供养信托,noun phrase,trusts,COMMON-LAW,cross_reference,See protective trust.,保留来源的参照关系；参照目标是否已编写另行统计。,trusts; cross-reference lookup,,,"Oxford Dictionary of Law (10th ed., 2022), headword 'alimentary trust', entry acref-9780192897497-e-173; cross-reference checked against supplied EPUB",oxford10-173-s1,CC-BY-4.0,cross_reference_review,Oxford,acref-9780192897497-e-173,black_alignment_pending,protective trust
alimony,配偶扶养费（传统称谓）,noun,"family,legal_history",ENGLAND-WALES,term,An older matrimonial term for financial provision for a spouse living apart.,英国现代用语通常为 maintenance 或 financial provision；美国仍有不同现行用法。,family; legal history; spousal alimony,spousal maintenance (context-dependent),spousal alimony,"Oxford Dictionary of Law (10th ed., 2022), headword 'alimony', entry acref-9780192897497-e-174; source headword/sense checked against supplied EPUB; independent OpenLegalLexicon explanation",oxford10-174-s1,CC-BY-4.0,needs_current_law_review,Oxford,acref-9780192897497-e-174,black_alignment_pending,
aliunde,来自其他来源的,adverb,"evidence,legal_latin",LEGAL-LATIN,term,From material outside the document or source currently under examination.,常见于 evidence aliunde。,evidence; legal latin; evidence aliunde,,evidence aliunde,"Oxford Dictionary of Law (10th ed., 2022), headword 'aliunde', entry acref-9780192897497-e-4374; source headword/sense checked against supplied EPUB; independent OpenLegalLexicon explanation",oxford10-4374-s1,CC-BY-4.0,baseline_concept_review,Oxford,acref-9780192897497-e-4374,black_alignment_pending,
all-ports warning system,各出入境口岸警示机制,noun phrase,"family,policing",UK,term,A system circulating alerts at ports and airports to help prevent a child's wrongful removal.,名称、触发条件和现行机制需复核。,family; policing; port alert for child abduction,,port alert for child abduction,"Oxford Dictionary of Law (10th ed., 2022), headword 'all-ports warning system', entry acref-9780192897497-e-4376; source headword/sense checked against supplied EPUB; independent OpenLegalLexicon explanation",oxford10-4376-s1,CC-BY-4.0,needs_current_law_review,Oxford,acref-9780192897497-e-4376,black_alignment_pending,
allegation,事实主张；指控,noun,procedure,COMMON-LAW,term,"An assertion of fact advanced in a pleading, statement, affidavit, or charge.",提出主张不等于事实已被证明。,procedure; plead an allegation,,plead an allegation,"Oxford Dictionary of Law (10th ed., 2022), headword 'allegation', entry acref-9780192897497-e-175; source headword/sense checked against supplied EPUB; independent OpenLegalLexicon explanation",oxford10-175-s1,CC-BY-4.0,baseline_concept_review,Oxford,acref-9780192897497-e-175,black_alignment_pending,
allegiance,效忠义务,noun,constitutional,UK,term,The duty of loyalty owed to a sovereign or state under the relevant legal relationship.,现代国籍及居留责任不宜仅据传统表述推断。,constitutional; oath of allegiance,,oath of allegiance,"Oxford Dictionary of Law (10th ed., 2022), headword 'allegiance', entry acref-9780192897497-e-176; source headword/sense checked against supplied EPUB; independent OpenLegalLexicon explanation",oxford10-176-s1,CC-BY-4.0,needs_current_law_review,Oxford,acref-9780192897497-e-176,black_alignment_pending,
allocation,诉讼程序轨道分配,noun,civil_procedure,ENGLAND-WALES,term,Assignment of a civil case to the procedural track appropriate under the governing rules.,轨道种类和门槛可能更新。,civil procedure; allocation to a track,,allocation to a track,"Oxford Dictionary of Law (10th ed., 2022), headword 'allocation', entry acref-9780192897497-e-177; source headword/sense checked against supplied EPUB; independent OpenLegalLexicon explanation",oxford10-177-s1,CC-BY-4.0,needs_current_law_review,Oxford,acref-9780192897497-e-177,black_alignment_pending,
allocation questionnaire,诉讼轨道分配问卷（旧称）,noun phrase,"civil_procedure,legal_history",HISTORICAL,historical_reference,An older procedural questionnaire used to assist allocation of a civil claim to a track.,现代 directions questionnaire 等程序另查。,civil procedure; legal history; complete an allocation questionnaire,,complete an allocation questionnaire,"Oxford Dictionary of Law (10th ed., 2022), headword 'allocation questionnaire', entry acref-9780192897497-e-178; source headword/sense checked against supplied EPUB; independent OpenLegalLexicon explanation",oxford10-178-s1,CC-BY-4.0,historical_reference_review,Oxford,acref-9780192897497-e-178,black_alignment_pending,
allocution,判刑前陈述机会,noun,sentencing,COMMON-LAW,term,The opportunity for a convicted person to address the court before sentence or explain why judgment should not be pronounced.,形式和权利范围依具体法域。,sentencing; defendant's allocution,,defendant's allocution,"Oxford Dictionary of Law (10th ed., 2022), headword 'allocution', entry acref-9780192897497-e-4625; source headword/sense checked against supplied EPUB; independent OpenLegalLexicon explanation",oxford10-4625-s1,CC-BY-4.0,baseline_concept_review,Oxford,acref-9780192897497-e-4625,black_alignment_pending,
allograph,由相关当事人以外的人书写的文件,noun,"documents,legal_history",HISTORICAL,historical_reference,A document written by someone other than the persons to whom it relates.,与 autograph 相对；不当然意味着无效。,documents; legal history; allograph document,,allograph document,"Oxford Dictionary of Law (10th ed., 2022), headword 'allograph', entry acref-9780192897497-e-4375; source headword/sense checked against supplied EPUB; independent OpenLegalLexicon explanation",oxford10-4375-s1,CC-BY-4.0,historical_reference_review,Oxford,acref-9780192897497-e-4375,black_alignment_pending,
allotment,股份配发,noun,company,UK,term,Allocation of previously unissued shares to a person entitled to receive them.,与股份转让、发行及登记分别判断。,company; allotment of shares,,allotment of shares,"Oxford Dictionary of Law (10th ed., 2022), headword 'allotment', entry acref-9780192897497-e-179; source headword/sense checked against supplied EPUB; independent OpenLegalLexicon explanation",oxford10-179-s1,CC-BY-4.0,needs_current_law_review,Oxford,acref-9780192897497-e-179,black_alignment_pending,
alluvion,冲积形成的新增土地,noun,property,COMMON-LAW,term,Land formed by gradual deposits of soil or sediment along water.,与 accretion 的过程义项及 avulsion 区分。,property; alluvial land,,alluvial land,"Oxford Dictionary of Law (10th ed., 2022), headword 'alluvion', entry acref-9780192897497-e-180; source headword/sense checked against supplied EPUB; independent OpenLegalLexicon explanation",oxford10-180-s1,CC-BY-4.0,baseline_concept_review,Oxford,acref-9780192897497-e-180,black_alignment_pending,
alteration,法律文件修改,noun,documents,COMMON-LAW,term,"A change to a legal document whose effect depends on its timing, authorization, and required formalities.",修改遗嘱与普通合同文件适用规则不同。,documents; material alteration of a deed,,material alteration of a deed,"Oxford Dictionary of Law (10th ed., 2022), headword 'alteration', entry acref-9780192897497-e-181; source headword/sense checked against supplied EPUB; independent OpenLegalLexicon explanation",oxford10-181-s1,CC-BY-4.0,baseline_concept_review,Oxford,acref-9780192897497-e-181,black_alignment_pending,
alteration of share capital,股本变更,noun phrase,company,UK,term,"An increase, reduction, reclassification, or other legally recognized change to a company's share capital.",不要沿用旧版授权资本制度推断现行程序。,company; alteration of capital,,alteration of capital,"Oxford Dictionary of Law (10th ed., 2022), headword 'alteration of share capital', entry acref-9780192897497-e-182; source headword/sense checked against supplied EPUB; independent OpenLegalLexicon explanation",oxford10-182-s1,CC-BY-4.0,needs_current_law_review,Oxford,acref-9780192897497-e-182,black_alignment_pending,
alternative dispute resolution,替代性争议解决,noun phrase,dispute_resolution,INTERNATIONAL_TRANSACTIONAL,term,"Processes such as mediation, negotiation, or arbitration used to resolve disputes alongside or outside ordinary court adjudication.",不同程序的约束力及法院角色不同。,dispute resolution; ADR process,ADR,ADR process,"Oxford Dictionary of Law (10th ed., 2022), headword 'alternative dispute resolution', entry acref-9780192897497-e-183; source headword/sense checked against supplied EPUB; independent OpenLegalLexicon explanation",oxford10-183-s1,CC-BY-4.0,baseline_concept_review,Oxford,acref-9780192897497-e-183,black_alignment_pending,
alternative finance arrangements,替代融资安排；伊斯兰金融安排,noun phrase,"finance,tax",UK,term,Specified financial arrangements designed to accommodate non-interest-based financing within the relevant tax framework.,税法专门定义，不是任何新型融资。,finance; tax; alternative finance return,,alternative finance return,"Oxford Dictionary of Law (10th ed., 2022), headword 'alternative finance arrangements', entry acref-9780192897497-e-184; source headword/sense checked against supplied EPUB; independent OpenLegalLexicon explanation",oxford10-184-s1,CC-BY-4.0,needs_current_law_review,Oxford,acref-9780192897497-e-184,black_alignment_pending,
Alternative Investment Market,另类投资市场（AIM）,noun phrase,securities,UK,cross_reference,See Stock Exchange (AIM market context).,Oxford 此处为交叉参照；AIM 为市场简称，词目本身不是缩写。,securities; AIM admission,AIM,AIM admission,"Oxford Dictionary of Law (10th ed., 2022), headword 'Alternative Investment Market', entry acref-9780192897497-e-185; source headword/sense checked against supplied EPUB; independent OpenLegalLexicon explanation",oxford10-185-s1,CC-BY-4.0,needs_current_law_review,Oxford,acref-9780192897497-e-185,black_alignment_pending,Stock Exchange
alternative verdict,替代罪名裁决,noun phrase,criminal_procedure,ENGLAND-WALES,term,A verdict convicting of an available lesser or alternative offence rather than the offence originally charged.,须有法定或程序依据。,criminal procedure; return an alternative verdict,,return an alternative verdict,"Oxford Dictionary of Law (10th ed., 2022), headword 'alternative verdict', entry acref-9780192897497-e-186; source headword/sense checked against supplied EPUB; independent OpenLegalLexicon explanation",oxford10-186-s1,CC-BY-4.0,needs_current_law_review,Oxford,acref-9780192897497-e-186,black_alignment_pending,
ambiguity,歧义；含义不确定,noun,interpretation,COMMON-LAW,term,Uncertainty arising because language admits more than one relevant meaning.,区分文本表面歧义和结合外部事实才显现的歧义。,interpretation; latent ambiguity,,latent ambiguity,"Oxford Dictionary of Law (10th ed., 2022), headword 'ambiguity', entry acref-9780192897497-e-187; source headword/sense checked against supplied EPUB; independent OpenLegalLexicon explanation",oxford10-187-s1,CC-BY-4.0,baseline_concept_review,Oxford,acref-9780192897497-e-187,black_alignment_pending,
ambulatory,在死亡时生效且生前可变的,adjective,succession,COMMON-LAW,term,Describing a will that remains revocable and operates by reference to the testator's death.,不是一般的流动资产。,succession; ambulatory will,,ambulatory will,"Oxford Dictionary of Law (10th ed., 2022), headword 'ambulatory', entry acref-9780192897497-e-188; source headword/sense checked against supplied EPUB; independent OpenLegalLexicon explanation",oxford10-188-s1,CC-BY-4.0,baseline_concept_review,Oxford,acref-9780192897497-e-188,black_alignment_pending,
ameliorating waste,改善性损耗；改良性废损,noun phrase,property,COMMON-LAW,term,Alterations by a tenant that improve property but may still affect the landlord's protected interest.,改良不当然排除 waste 问题。,property; ameliorating waste by a tenant,,ameliorating waste by a tenant,"Oxford Dictionary of Law (10th ed., 2022), headword 'ameliorating waste', entry acref-9780192897497-e-189; source headword/sense checked against supplied EPUB; independent OpenLegalLexicon explanation",oxford10-189-s1,CC-BY-4.0,baseline_concept_review,Oxford,acref-9780192897497-e-189,black_alignment_pending,
amendment,诉讼文书修改,noun,civil_procedure,ENGLAND-WALES,term,A permitted change to a statement of case or other procedural document.,许可、同意及时效限制待复核。,civil procedure; amendment of particulars of claim,,amendment of particulars of claim,"Oxford Dictionary of Law (10th ed., 2022), headword 'amendment', entry acref-9780192897497-e-190; source headword/sense checked against supplied EPUB; independent OpenLegalLexicon explanation",oxford10-190-s2,CC-BY-4.0,needs_current_law_review,Oxford,acref-9780192897497-e-190,black_alignment_pending,
amendment,条约修正,noun,treaties,INTERNATIONAL,term,A change to treaty provisions adopted through the applicable agreement and amendment procedures.,与 modification 及 reservations 区分。,treaties; treaty amendment,,treaty amendment,"Oxford Dictionary of Law (10th ed., 2022), headword 'amendment', entry acref-9780192897497-e-190; source headword/sense checked against supplied EPUB; independent OpenLegalLexicon explanation",oxford10-190-s3,CC-BY-4.0,baseline_concept_review,Oxford,acref-9780192897497-e-190,black_alignment_pending,
amendment,立法修订,noun,legislation,UK,term,"An alteration adding to, correcting, or changing the operation of legislation.",需区分法案修正案与已生效法律修订。,legislation; statutory amendment,,statutory amendment,"Oxford Dictionary of Law (10th ed., 2022), headword 'amendment', entry acref-9780192897497-e-190; source headword/sense checked against supplied EPUB; independent OpenLegalLexicon explanation",oxford10-190-s1,CC-BY-4.0,needs_current_law_review,Oxford,acref-9780192897497-e-190,black_alignment_pending,
amerce,处以酌定罚金（古语）,verb,legal_history,HISTORICAL,historical_reference,To impose an amercement as a historical financial penalty.,区别于现代任一罚金制度的法定名称。,legal history; amerce an offender,,amerce an offender,"Oxford Dictionary of Law (10th ed., 2022), headword 'amerce', entry acref-9780192897497-e-4626; source headword/sense checked against supplied EPUB; independent OpenLegalLexicon explanation",oxford10-4626-s1,CC-BY-4.0,historical_reference_review,Oxford,acref-9780192897497-e-4626,black_alignment_pending,
AMHP,获认可精神卫生专业人员（缩写）,abbreviation,mental_health,ENGLAND-WALES,abbreviation,Abbreviation for approved mental health professional.,缩写展开限于本法域和本语境，不能据此排除其他同形缩写。,mental health; cross-reference lookup,,,"Oxford Dictionary of Law (10th ed., 2022), headword 'AMHP', entry acref-9780192897497-e-4377; cross-reference checked against supplied EPUB",oxford10-4377-s1,CC-BY-4.0,needs_current_law_review,Oxford,acref-9780192897497-e-4377,black_alignment_pending,approved mental health professional
amicus curiae,法庭之友,phrase,"procedure,legal_latin",COMMON-LAW; LEGAL-LATIN,term,A non-party assisting a court with relevant submissions or information under the applicable procedure.,不等同当事人的代理律师。,procedure; legal latin; amicus submission,,amicus submission,"Oxford Dictionary of Law (10th ed., 2022), headword 'amicus curiae', entry acref-9780192897497-e-192; source headword/sense checked against supplied EPUB; independent OpenLegalLexicon explanation",oxford10-192-s1,CC-BY-4.0,baseline_concept_review,Oxford,acref-9780192897497-e-192,black_alignment_pending,
amnesty,大赦,noun,"criminal,constitutional",INTERNATIONAL,term,A measure removing or limiting legal consequences of specified offences for a class of persons or conduct.,与个别 pardon 区分；国际犯罪限制需复核。,criminal; constitutional; amnesty law,,amnesty law,"Oxford Dictionary of Law (10th ed., 2022), headword 'amnesty', entry acref-9780192897497-e-193; source headword/sense checked against supplied EPUB; independent OpenLegalLexicon explanation",oxford10-193-s1,CC-BY-4.0,needs_current_law_review,Oxford,acref-9780192897497-e-193,black_alignment_pending,
Amsterdam Treaty,阿姆斯特丹条约,noun phrase,"eu_law,legal_history",EU,term,"The EU amending treaty signed in 1997, forming part of the development of the Union's treaty framework.",历史修约文件，不是现行条约的完整文本。,eu law; legal history; Treaty of Amsterdam,,Treaty of Amsterdam,"Oxford Dictionary of Law (10th ed., 2022), headword 'Amsterdam Treaty', entry acref-9780192897497-e-194; source headword/sense checked against supplied EPUB; independent OpenLegalLexicon explanation",oxford10-194-s1,CC-BY-4.0,needs_current_law_review,Oxford,acref-9780192897497-e-194,black_alignment_pending,
analytical jurisprudence,分析法学,noun phrase,jurisprudence,GENERAL,term,Study of legal concepts and reasoning through conceptual clarification and logical analysis.,与实证经验研究及规范性评价区分。,jurisprudence; analytical legal theory,,analytical legal theory,"Oxford Dictionary of Law (10th ed., 2022), headword 'analytical jurisprudence', entry acref-9780192897497-e-195; source headword/sense checked against supplied EPUB; independent OpenLegalLexicon explanation",oxford10-195-s1,CC-BY-4.0,baseline_concept_review,Oxford,acref-9780192897497-e-195,black_alignment_pending,
ancient lights,时效取得的采光地役权,noun phrase,property,ENGLAND-WALES,term,A traditional name for a prescriptive right to receive light through particular apertures.,时效计算和权利范围待复核。,property; easement of light,,easement of light,"Oxford Dictionary of Law (10th ed., 2022), headword 'ancient lights', entry acref-9780192897497-e-196; source headword/sense checked against supplied EPUB; independent OpenLegalLexicon explanation",oxford10-196-s1,CC-BY-4.0,needs_current_law_review,Oxford,acref-9780192897497-e-196,black_alignment_pending,
ancillary credit business,附属信贷业务,noun phrase,consumer_credit,UK,term,"Business activities connected to consumer credit, such as brokerage, debt advice, collection, or credit referencing.",旧法分类与现行金融监管权限需对照。,consumer credit; credit brokerage,,credit brokerage,"Oxford Dictionary of Law (10th ed., 2022), headword 'ancillary credit business', entry acref-9780192897497-e-197; source headword/sense checked against supplied EPUB; independent OpenLegalLexicon explanation",oxford10-197-s1,CC-BY-4.0,needs_current_law_review,Oxford,acref-9780192897497-e-197,black_alignment_pending,
ancillary probate,附属遗产认证,noun phrase,"succession,conflict_of_laws",ENGLAND-WALES,term,A local probate authorization supporting administration of assets connected with an estate principally handled abroad.,不当然承认外国授权在本地直接有效。,succession; conflict of laws; ancillary grant of probate,,ancillary grant of probate,"Oxford Dictionary of Law (10th ed., 2022), headword 'ancillary probate', entry acref-9780192897497-e-198; source headword/sense checked against supplied EPUB; independent OpenLegalLexicon explanation",oxford10-198-s1,CC-BY-4.0,needs_current_law_review,Oxford,acref-9780192897497-e-198,black_alignment_pending,
ancillary relief,附带救济；婚姻财务救济旧称,noun phrase,"family,procedure",ENGLAND-WALES,term,"Relief associated with principal proceedings, traditionally used for financial orders in matrimonial cases.",现代通常使用 financial remedies。,family; procedure; ancillary relief proceedings,financial remedies (modern terminology),ancillary relief proceedings,"Oxford Dictionary of Law (10th ed., 2022), headword 'ancillary relief', entry acref-9780192897497-e-199; source headword/sense checked against supplied EPUB; independent OpenLegalLexicon explanation",oxford10-199-s1,CC-BY-4.0,needs_current_law_review,Oxford,acref-9780192897497-e-199,black_alignment_pending,
ancillary restraint,附属限制,noun phrase,competition,EU; UK,term,A restriction linked to a principal transaction and assessed for whether it is necessary and proportionate to that transaction.,并非只要写进交易合同就获豁免。,competition; ancillary non-compete restriction,,ancillary non-compete restriction,"Oxford Dictionary of Law (10th ed., 2022), headword 'ancillary restraint', entry acref-9780192897497-e-200; source headword/sense checked against supplied EPUB; independent OpenLegalLexicon explanation",oxford10-200-s1,CC-BY-4.0,needs_current_law_review,Oxford,acref-9780192897497-e-200,black_alignment_pending,
angary,战时征用中立国财产的权利（传统）,noun,public_international_law,INTERNATIONAL,term,"A traditional belligerent claim to use neutral property for military necessity, subject to the governing international rules.",范围、补偿及现行法地位需复核。,public international law; right of angary,,right of angary,"Oxford Dictionary of Law (10th ed., 2022), headword 'angary', entry acref-9780192897497-e-201; source headword/sense checked against supplied EPUB; independent OpenLegalLexicon explanation",oxford10-201-s1,CC-BY-4.0,baseline_concept_review,Oxford,acref-9780192897497-e-201,black_alignment_pending,
animals,动物责任法中的动物类别,noun,tort,ENGLAND-WALES,term,Animals considered under the statutory scheme allocating civil liability for animal-caused damage.,危险种类分类及责任要件待复核。,tort; liability for animals,,liability for animals,"Oxford Dictionary of Law (10th ed., 2022), headword 'animals', entry acref-9780192897497-e-202; source headword/sense checked against supplied EPUB; independent OpenLegalLexicon explanation",oxford10-202-s1,CC-BY-4.0,needs_current_law_review,Oxford,acref-9780192897497-e-202,black_alignment_pending,
animus,意图；意思,noun,legal_latin,LEGAL-LATIN,latin_reference,"Intention relevant to a legal act or status, usually specified by an accompanying Latin expression.",如 animus donandi、animus furandi。,legal latin; animus possidendi,,animus possidendi,"Oxford Dictionary of Law (10th ed., 2022), headword 'animus', entry acref-9780192897497-e-203; source headword/sense checked against supplied EPUB; independent OpenLegalLexicon explanation",oxford10-203-s1,CC-BY-4.0,baseline_concept_review,Oxford,acref-9780192897497-e-203,black_alignment_pending,
animus testandi,立遗嘱的意思,phrase,"succession,legal_latin",LEGAL-LATIN,cross_reference,See testamentary intention.,保留来源的参照关系；参照目标是否已编写另行统计。,succession; legal latin; cross-reference lookup,,,"Oxford Dictionary of Law (10th ed., 2022), headword 'animus testandi', entry acref-9780192897497-e-4378; cross-reference checked against supplied EPUB",oxford10-4378-s1,CC-BY-4.0,cross_reference_review,Oxford,acref-9780192897497-e-4378,black_alignment_pending,testamentary intention
annexation,领土兼并,noun,public_international_law,INTERNATIONAL,term,A state's asserted incorporation of territory into its sovereignty.,不能把事实控制等同合法主权取得。,public international law; unlawful annexation,,unlawful annexation,"Oxford Dictionary of Law (10th ed., 2022), headword 'annexation', entry acref-9780192897497-e-204; source headword/sense checked against supplied EPUB; independent OpenLegalLexicon explanation",oxford10-204-s1,CC-BY-4.0,baseline_concept_review,Oxford,acref-9780192897497-e-204,black_alignment_pending,
annual general meeting,年度股东大会,noun phrase,company,UK,term,A yearly members' meeting required for companies within the applicable statutory category.,私人公司与公众公司的强制要求可能不同。,company; hold an AGM,AGM,hold an AGM,"Oxford Dictionary of Law (10th ed., 2022), headword 'annual general meeting', entry acref-9780192897497-e-205; source headword/sense checked against supplied EPUB; independent OpenLegalLexicon explanation",oxford10-205-s1,CC-BY-4.0,needs_current_law_review,Oxford,acref-9780192897497-e-205,black_alignment_pending,
annual return,公司年度申报（旧制）,noun phrase,"company,legal_history",UK,term,The traditional annual filing of specified company particulars with the companies registry.,Companies House 已采用 confirmation statement（官方页面确认）；这里保留历史年报义项。,company; legal history; file an annual return,,file an annual return,"Oxford Dictionary of Law (10th ed., 2022), headword 'annual return', entry acref-9780192897497-e-206; source headword/sense checked against supplied EPUB; independent OpenLegalLexicon explanation; Companies House, https://find-and-update.company-information.service.gov.uk/confirmation-statement (checked 2026-10-02)",oxford10-206-s1,CC-BY-4.0,historical_reference_review,Oxford,acref-9780192897497-e-206,black_alignment_pending,
annual value of land,土地或建筑物年租值,noun phrase,"valuation,tax",UK,term,A hypothetical annual rental value calculated on the assumptions prescribed by the relevant valuation regime.,不是实际成交租金的必然同义词。,valuation; tax; annual rental value,,annual rental value,"Oxford Dictionary of Law (10th ed., 2022), headword 'annual value of land', entry acref-9780192897497-e-207; source headword/sense checked against supplied EPUB; independent OpenLegalLexicon explanation",oxford10-207-s1,CC-BY-4.0,needs_current_law_review,Oxford,acref-9780192897497-e-207,black_alignment_pending,
annuity,年金,noun,"succession,finance",COMMON-LAW,term,An entitlement to periodic yearly payments for a stated term or life.,不同合同也可安排更频繁支付。,succession; finance; life annuity,,life annuity,"Oxford Dictionary of Law (10th ed., 2022), headword 'annuity', entry acref-9780192897497-e-208; source headword/sense checked against supplied EPUB; independent OpenLegalLexicon explanation",oxford10-208-s1,CC-BY-4.0,baseline_concept_review,Oxford,acref-9780192897497-e-208,black_alignment_pending,
annulment,婚姻或民事伴侣关系无效裁判,noun,family,ENGLAND-WALES,term,A judicial determination of nullity of a marriage or civil partnership under the applicable grounds.,void 与 voidable 的效力时间不同。,family; annulment of marriage,,annulment of marriage,"Oxford Dictionary of Law (10th ed., 2022), headword 'annulment', entry acref-9780192897497-e-209; source headword/sense checked against supplied EPUB; independent OpenLegalLexicon explanation",oxford10-209-s1,CC-BY-4.0,needs_current_law_review,Oxford,acref-9780192897497-e-209,black_alignment_pending,
annulment,撤销破产令,noun,insolvency,ENGLAND-WALES,term,A court's cancellation of a bankruptcy order on legally permitted grounds.,不是解除破产身份 discharge；既成行为效力另查。,insolvency; annulment of bankruptcy,,annulment of bankruptcy,"Oxford Dictionary of Law (10th ed., 2022), headword 'annulment', entry acref-9780192897497-e-209; source headword/sense checked against supplied EPUB; independent OpenLegalLexicon explanation",oxford10-209-s2,CC-BY-4.0,needs_current_law_review,Oxford,acref-9780192897497-e-209,black_alignment_pending,
annulment,欧盟法院撤销行为,noun,eu_law,EU,term,Judicial setting aside of a reviewable EU act through the applicable annulment procedure.,诉权、期间及审查对象需复核。,eu law; action for annulment,,action for annulment,"Oxford Dictionary of Law (10th ed., 2022), headword 'annulment', entry acref-9780192897497-e-209; source headword/sense checked against supplied EPUB; independent OpenLegalLexicon explanation",oxford10-209-s4,CC-BY-4.0,needs_current_law_review,Oxford,acref-9780192897497-e-209,black_alignment_pending,
annulment,议会否决附属立法,noun,constitutional,UK,term,Cancellation of delegated legislation through the relevant parliamentary resolution procedure.,与法院宣告无效不同。,constitutional; annulment by negative resolution,,annulment by negative resolution,"Oxford Dictionary of Law (10th ed., 2022), headword 'annulment', entry acref-9780192897497-e-209; source headword/sense checked against supplied EPUB; independent OpenLegalLexicon explanation",oxford10-209-s3,CC-BY-4.0,needs_current_law_review,Oxford,acref-9780192897497-e-209,black_alignment_pending,
annus et dies,一年零一日（旧法期限）,phrase,"legal_history,legal_latin",HISTORICAL; LEGAL-LATIN,term,A year-and-a-day period used in historical common-law rules.,其在刑事、财产制度中的现行存续不得推定。,legal history; legal latin; year and a day,,year and a day,"Oxford Dictionary of Law (10th ed., 2022), headword 'annus et dies', entry acref-9780192897497-e-210; source headword/sense checked against supplied EPUB; independent OpenLegalLexicon explanation",oxford10-210-s1,CC-BY-4.0,historical_reference_review,Oxford,acref-9780192897497-e-210,black_alignment_pending,
answer,对申请书的答辩,noun,procedure,ENGLAND-WALES,term,A respondent's formal response to a petition under the governing procedure.,不是任何问答中的回答。,procedure; file an answer to a petition,,file an answer to a petition,"Oxford Dictionary of Law (10th ed., 2022), headword 'answer', entry acref-9780192897497-e-211; source headword/sense checked against supplied EPUB; independent OpenLegalLexicon explanation",oxford10-211-s1,CC-BY-4.0,needs_current_law_review,Oxford,acref-9780192897497-e-211,black_alignment_pending,
ante litem motam,争讼发生之前,adverb phrase,"evidence,legal_latin",LEGAL-LATIN,term,Before the dispute or litigation arose.,常用于评价争议前陈述的证据意义。,evidence; legal latin; declaration ante litem motam,,declaration ante litem motam,"Oxford Dictionary of Law (10th ed., 2022), headword 'ante litem motam', entry acref-9780192897497-e-4627; source headword/sense checked against supplied EPUB; independent OpenLegalLexicon explanation",oxford10-4627-s1,CC-BY-4.0,baseline_concept_review,Oxford,acref-9780192897497-e-4627,black_alignment_pending,
antecedents,既往定罪及相关个人背景,noun,criminal_procedure,ENGLAND-WALES,term,An accused or convicted person's prior convictions or background relevant under evidential or sentencing rules.,不能当然作为证明本次有罪的依据。,criminal procedure; defendant's antecedents,,defendant's antecedents,"Oxford Dictionary of Law (10th ed., 2022), headword 'antecedents', entry acref-9780192897497-e-212; source headword/sense checked against supplied EPUB; independent OpenLegalLexicon explanation",oxford10-212-s1,CC-BY-4.0,needs_current_law_review,Oxford,acref-9780192897497-e-212,black_alignment_pending,
antenuptial agreement,婚前协议,noun phrase,family,COMMON-LAW,cross_reference,See prenuptial agreement.,保留来源的参照关系；参照目标是否已编写另行统计。,family; cross-reference lookup,,,"Oxford Dictionary of Law (10th ed., 2022), headword 'antenuptial agreement', entry acref-9780192897497-e-4628; cross-reference checked against supplied EPUB",oxford10-4628-s1,CC-BY-4.0,cross_reference_review,Oxford,acref-9780192897497-e-4628,black_alignment_pending,prenuptial agreement
antenuptial settlement,婚前财产安排,noun phrase,"family,trusts",COMMON-LAW,cross_reference,See marriage settlement.,保留来源的参照关系；参照目标是否已编写另行统计。,family; trusts; cross-reference lookup,,,"Oxford Dictionary of Law (10th ed., 2022), headword 'antenuptial settlement', entry acref-9780192897497-e-213; cross-reference checked against supplied EPUB",oxford10-213-s1,CC-BY-4.0,cross_reference_review,Oxford,acref-9780192897497-e-213,black_alignment_pending,marriage settlement
anti-avoidance provisions,反避税规定,noun phrase,tax,UK,term,Rules countering arrangements that obtain tax advantages contrary to specified statutory purposes or conditions.,须区分 GAAR、专项规则和解释原则。,tax; anti-avoidance rule,,anti-avoidance rule,"Oxford Dictionary of Law (10th ed., 2022), headword 'anti-avoidance provisions', entry acref-9780192897497-e-214; source headword/sense checked against supplied EPUB; independent OpenLegalLexicon explanation",oxford10-214-s1,CC-BY-4.0,needs_current_law_review,Oxford,acref-9780192897497-e-214,black_alignment_pending,
anticipatory breach,预期违约,noun phrase,contracts,COMMON-LAW,cross_reference,See breach of contract.,保留来源的参照关系；参照目标是否已编写另行统计。,contracts; cross-reference lookup,,,"Oxford Dictionary of Law (10th ed., 2022), headword 'anticipatory breach', entry acref-9780192897497-e-215; cross-reference checked against supplied EPUB",oxford10-215-s1,CC-BY-4.0,cross_reference_review,Oxford,acref-9780192897497-e-215,black_alignment_pending,breach of contract
anticipatory self-defence,先发自卫；预期自卫,noun phrase,public_international_law,INTERNATIONAL,term,A claimed use of force in self-defence before an anticipated attack has occurred.,合法性及迫近性标准存在争议；不等同一般预防战争。,public international law; imminent armed attack,,imminent armed attack,"Oxford Dictionary of Law (10th ed., 2022), headword 'anticipatory self-defence', entry acref-9780192897497-e-216; source headword/sense checked against supplied EPUB; independent OpenLegalLexicon explanation",oxford10-216-s1,CC-BY-4.0,needs_current_law_review,Oxford,acref-9780192897497-e-216,black_alignment_pending,
anticompetitive practice,反竞争行为,noun phrase,competition,EU; UK,term,Conduct capable of restricting competition and falling within the applicable prohibitions or control rules.,经济上的限制效果不自动等于违法。,competition; anticompetitive agreement,,anticompetitive agreement,"Oxford Dictionary of Law (10th ed., 2022), headword 'anticompetitive practice', entry acref-9780192897497-e-217; source headword/sense checked against supplied EPUB; independent OpenLegalLexicon explanation",oxford10-217-s1,CC-BY-4.0,needs_current_law_review,Oxford,acref-9780192897497-e-217,black_alignment_pending,
antidumping,反倾销,noun,trade,INTERNATIONAL,cross_reference,See dumping.,保留来源的参照关系；参照目标是否已编写另行统计。,trade; cross-reference lookup,,,"Oxford Dictionary of Law (10th ed., 2022), headword 'antidumping', entry acref-9780192897497-e-218; cross-reference checked against supplied EPUB",oxford10-218-s1,CC-BY-4.0,cross_reference_review,Oxford,acref-9780192897497-e-218,black_alignment_pending,dumping
antisocial behaviour order,反社会行为令,noun phrase,"criminal,legal_history",UK,cross_reference,See ASBO.,保留来源的参照关系；参照目标是否已编写另行统计。,criminal; legal history; cross-reference lookup,,,"Oxford Dictionary of Law (10th ed., 2022), headword 'antisocial behaviour order', entry acref-9780192897497-e-219; cross-reference checked against supplied EPUB",oxford10-219-s1,CC-BY-4.0,needs_current_law_review,Oxford,acref-9780192897497-e-219,black_alignment_pending,ASBO
antitrust law,反垄断法；竞争法,noun phrase,competition,US,cross_reference,See competition law.,保留来源的参照关系；参照目标是否已编写另行统计。 美国术语不能完全等同英国及欧盟制度。,competition; cross-reference lookup,,,"Oxford Dictionary of Law (10th ed., 2022), headword 'antitrust law', entry acref-9780192897497-e-220; cross-reference checked against supplied EPUB",oxford10-220-s1,CC-BY-4.0,needs_current_law_review,Oxford,acref-9780192897497-e-220,black_alignment_pending,competition law
Anton Piller order,安东皮勒令；诉前搜查保全令旧称,noun phrase,civil_procedure,ENGLAND-WALES,cross_reference,See search order.,保留来源的参照关系；参照目标是否已编写另行统计。,civil procedure; cross-reference lookup,,,"Oxford Dictionary of Law (10th ed., 2022), headword 'Anton Piller order', entry acref-9780192897497-e-221; cross-reference checked against supplied EPUB",oxford10-221-s1,CC-BY-4.0,needs_current_law_review,Oxford,acref-9780192897497-e-221,black_alignment_pending,search order
apology,诽谤争议中的道歉,noun,defamation,ENGLAND-WALES,term,"An expression of regret or correction relevant to settlement, statutory amends, or assessment of damages.",道歉本身不是当然的完整抗辩。,defamation; apology and offer of amends,,apology and offer of amends,"Oxford Dictionary of Law (10th ed., 2022), headword 'apology', entry acref-9780192897497-e-222; source headword/sense checked against supplied EPUB; independent OpenLegalLexicon explanation",oxford10-222-s1,CC-BY-4.0,needs_current_law_review,Oxford,acref-9780192897497-e-222,black_alignment_pending,
appeal,上诉,noun,procedure,COMMON-LAW,term,A request for a competent reviewing body to reconsider a lower decision within the available appellate powers.,review 与 rehearing 范围依制度不同。,procedure; permission to appeal,,permission to appeal,"Oxford Dictionary of Law (10th ed., 2022), headword 'appeal', entry acref-9780192897497-e-224; source headword/sense checked against supplied EPUB; independent OpenLegalLexicon explanation",oxford10-224-s1,CC-BY-4.0,baseline_concept_review,Oxford,acref-9780192897497-e-224,black_alignment_pending,
appeal in Revenue matters,税务事项上诉,noun phrase,"tax,procedure",UK,term,A challenge to a tax decision through the statutory review or tribunal appeal route.,期限、先行审查及案件管辖需复核。,tax; procedure; tax appeal to a tribunal,,tax appeal to a tribunal,"Oxford Dictionary of Law (10th ed., 2022), headword 'appeal in Revenue matters', entry acref-9780192897497-e-225; source headword/sense checked against supplied EPUB; independent OpenLegalLexicon explanation",oxford10-225-s1,CC-BY-4.0,needs_current_law_review,Oxford,acref-9780192897497-e-225,black_alignment_pending,
Appeal Tribunal,社会保障上诉裁判所（旧制）,noun phrase,"tribunals,legal_history",HISTORICAL,historical_reference,A former tribunal tier for appeals concerning social-security decisions.,现行分庭及上诉体系另查。,tribunals; legal history; social-security appeal tribunal,,social-security appeal tribunal,"Oxford Dictionary of Law (10th ed., 2022), headword 'Appeal Tribunal', entry acref-9780192897497-e-226; source headword/sense checked against supplied EPUB; independent OpenLegalLexicon explanation",oxford10-226-s1,CC-BY-4.0,historical_reference_review,Oxford,acref-9780192897497-e-226,black_alignment_pending,
appeals system,上诉体系,noun phrase,procedure,COMMON-LAW,cross_reference,See appellate jurisdiction.,保留来源的参照关系；参照目标是否已编写另行统计。,procedure; cross-reference lookup,,,"Oxford Dictionary of Law (10th ed., 2022), headword 'appeals system', entry acref-9780192897497-e-4346; cross-reference checked against supplied EPUB",oxford10-4346-s1,CC-BY-4.0,cross_reference_review,Oxford,acref-9780192897497-e-4346,black_alignment_pending,appellate jurisdiction
appellant,上诉人,noun,procedure,COMMON-LAW,term,The person bringing an appeal against a decision.,与 respondent 区分。,procedure; appellant's notice,,appellant's notice,"Oxford Dictionary of Law (10th ed., 2022), headword 'appellant', entry acref-9780192897497-e-227; source headword/sense checked against supplied EPUB; independent OpenLegalLexicon explanation",oxford10-227-s1,CC-BY-4.0,baseline_concept_review,Oxford,acref-9780192897497-e-227,black_alignment_pending,
Appellate Committee,上诉委员会（英国上议院旧制）,noun phrase,"institutions,legal_history",HISTORICAL,cross_reference,See House of Lords.,保留来源的参照关系；参照目标是否已编写另行统计。,institutions; legal history; cross-reference lookup,,,"Oxford Dictionary of Law (10th ed., 2022), headword 'Appellate Committee', entry acref-9780192897497-e-228; cross-reference checked against supplied EPUB",oxford10-228-s1,CC-BY-4.0,historical_reference_review,Oxford,acref-9780192897497-e-228,black_alignment_pending,House of Lords
appellate jurisdiction,上诉管辖权,noun phrase,procedure,COMMON-LAW,term,Authority to hear and determine challenges to decisions of another adjudicative body.,不自动包括全面重审事实。,procedure; exercise appellate jurisdiction,,exercise appellate jurisdiction,"Oxford Dictionary of Law (10th ed., 2022), headword 'appellate jurisdiction', entry acref-9780192897497-e-229; source headword/sense checked against supplied EPUB; independent OpenLegalLexicon explanation",oxford10-229-s1,CC-BY-4.0,baseline_concept_review,Oxford,acref-9780192897497-e-229,black_alignment_pending,
applicable law,适用法律,noun phrase,conflict_of_laws,INTERNATIONAL_TRANSACTIONAL,term,"The law governing a particular issue, relationship, transaction, or dispute under the relevant choice-of-law rules.",适用法律与管辖法院不同；同一争议不同问题可适用不同法。,conflict of laws; determine the applicable law,,determine the applicable law,"Oxford Dictionary of Law (10th ed., 2022), headword 'applicable law', entry acref-9780192897497-e-230; source headword/sense checked against supplied EPUB; independent OpenLegalLexicon explanation",oxford10-230-s1,CC-BY-4.0,baseline_concept_review,Oxford,acref-9780192897497-e-230,black_alignment_pending,
applicant,申请人,noun,procedure,COMMON-LAW,term,"A person seeking an order, authorization, or other formal decision by application.",不是所有程序中的原告。,procedure; applicant for relief,,applicant for relief,"Oxford Dictionary of Law (10th ed., 2022), headword 'applicant', entry acref-9780192897497-e-231; source headword/sense checked against supplied EPUB; independent OpenLegalLexicon explanation",oxford10-231-s1,CC-BY-4.0,baseline_concept_review,Oxford,acref-9780192897497-e-231,black_alignment_pending,
applying the proviso,适用上诉救济但书,noun phrase,criminal_procedure,ENGLAND-WALES,cross_reference,See proviso.,保留来源的参照关系；参照目标是否已编写另行统计。,criminal procedure; cross-reference lookup,,,"Oxford Dictionary of Law (10th ed., 2022), headword 'applying the proviso', entry acref-9780192897497-e-232; cross-reference checked against supplied EPUB",oxford10-232-s1,CC-BY-4.0,needs_current_law_review,Oxford,acref-9780192897497-e-232,black_alignment_pending,proviso
appointed day,指定生效日期,noun phrase,legislation,UK,term,The day fixed for a provision or statutory scheme to come into operation.,法案通过、御准及生效日期可不同。,legislation; appointed commencement day,,appointed commencement day,"Oxford Dictionary of Law (10th ed., 2022), headword 'appointed day', entry acref-9780192897497-e-233; source headword/sense checked against supplied EPUB; independent OpenLegalLexicon explanation",oxford10-233-s1,CC-BY-4.0,needs_current_law_review,Oxford,acref-9780192897497-e-233,black_alignment_pending,
appointee,指定受益人,noun,"trusts,property",COMMON-LAW,term,A person selected to receive property through exercise of a power of appointment.,区别于一般职位任命。,trusts; property; appointee under a power,,appointee under a power,"Oxford Dictionary of Law (10th ed., 2022), headword 'appointee', entry acref-9780192897497-e-234; source headword/sense checked against supplied EPUB; independent OpenLegalLexicon explanation",oxford10-234-s1,CC-BY-4.0,baseline_concept_review,Oxford,acref-9780192897497-e-234,black_alignment_pending,
appointee,获任命者,noun,legal_drafting,GENERAL,term,A person selected for a particular office or function.,与 power-of-appointment 的财产义项分列。,legal drafting; office appointee,,office appointee,"Oxford Dictionary of Law (10th ed., 2022), headword 'appointee', entry acref-9780192897497-e-234; source headword/sense checked against supplied EPUB; independent OpenLegalLexicon explanation",oxford10-234-s2,CC-BY-4.0,baseline_concept_review,Oxford,acref-9780192897497-e-234,black_alignment_pending,
appointment,指定权的行使,noun,"trusts,property",COMMON-LAW,cross_reference,See power of appointment.,保留来源的参照关系；参照目标是否已编写另行统计。,trusts; property; cross-reference lookup,,,"Oxford Dictionary of Law (10th ed., 2022), headword 'appointment', entry acref-9780192897497-e-235; cross-reference checked against supplied EPUB",oxford10-235-s1,CC-BY-4.0,cross_reference_review,Oxford,acref-9780192897497-e-235,black_alignment_pending,power of appointment
appointor,指定权行使人,noun,"trusts,property",COMMON-LAW,term,The person empowered to exercise a power of appointment.,不一定是财产原所有人。,trusts; property; appointor's power,,appointor's power,"Oxford Dictionary of Law (10th ed., 2022), headword 'appointor', entry acref-9780192897497-e-236; source headword/sense checked against supplied EPUB; independent OpenLegalLexicon explanation",oxford10-236-s1,CC-BY-4.0,baseline_concept_review,Oxford,acref-9780192897497-e-236,black_alignment_pending,
approbate and reprobate,不得既接受利益又否认负担,noun phrase,equity,COMMON-LAW,term,To accept an instrument or transaction for its benefits while rejecting it for associated burdens.,属于一致性或选择规则；范围依具体制度。,equity; election against approbation and reprobation,,election against approbation and reprobation,"Oxford Dictionary of Law (10th ed., 2022), headword 'approbate and reprobate', entry acref-9780192897497-e-237; source headword/sense checked against supplied EPUB; independent OpenLegalLexicon explanation",oxford10-237-s1,CC-BY-4.0,baseline_concept_review,Oxford,acref-9780192897497-e-237,black_alignment_pending,
appropriation,盗窃法上的权利承接,noun,criminal,ENGLAND-WALES,term,Assumption of an owner's rights as the relevant conduct element in theft law.,与不诚实及永久剥夺意图分别判断。,criminal; appropriation of property,,appropriation of property,"Oxford Dictionary of Law (10th ed., 2022), headword 'appropriation', entry acref-9780192897497-e-238; source headword/sense checked against supplied EPUB; independent OpenLegalLexicon explanation",oxford10-238-s2,CC-BY-4.0,needs_current_law_review,Oxford,acref-9780192897497-e-238,black_alignment_pending,
appropriation,指定遗产资产抵付受益份额,noun,succession,ENGLAND-WALES,term,Allocation of a particular estate asset in satisfaction of a beneficiary's entitlement.,同意、估值及授权要求需复核。,succession; appropriation in satisfaction of a legacy,,appropriation in satisfaction of a legacy,"Oxford Dictionary of Law (10th ed., 2022), headword 'appropriation', entry acref-9780192897497-e-238; source headword/sense checked against supplied EPUB; independent OpenLegalLexicon explanation",oxford10-238-s3,CC-BY-4.0,needs_current_law_review,Oxford,acref-9780192897497-e-238,black_alignment_pending,
appropriation,公共资金拨用,noun,public_finance,UK,term,Allocation of public funds to specified purposes under the applicable authorization.,不是侵占行为。,public finance; parliamentary appropriation,,parliamentary appropriation,"Oxford Dictionary of Law (10th ed., 2022), headword 'appropriation', entry acref-9780192897497-e-238; source headword/sense checked against supplied EPUB; independent OpenLegalLexicon explanation",oxford10-238-s1,CC-BY-4.0,needs_current_law_review,Oxford,acref-9780192897497-e-238,black_alignment_pending,
appropriation of payments,付款抵充顺序,noun phrase,"contracts,debt",COMMON-LAW,term,Allocation of a payment among multiple debts owed to the same creditor.,债务人、债权人及法律默认规则的适用顺序须区分。,contracts; debt; appropriate payment to a debt,,appropriate payment to a debt,"Oxford Dictionary of Law (10th ed., 2022), headword 'appropriation of payments', entry acref-9780192897497-e-239; source headword/sense checked against supplied EPUB; independent OpenLegalLexicon explanation",oxford10-239-s1,CC-BY-4.0,baseline_concept_review,Oxford,acref-9780192897497-e-239,black_alignment_pending,
appropriations in aid,留用部门收入（历史财政制度）,noun phrase,"public_finance,legal_history",HISTORICAL,historical_reference,Departmental receipts authorized to support expenditure rather than being paid away under the ordinary revenue treatment.,英国财政沿革用语。,public finance; legal history; appropriations-in-aid estimate,,appropriations-in-aid estimate,"Oxford Dictionary of Law (10th ed., 2022), headword 'appropriations in aid', entry acref-9780192897497-e-240; source headword/sense checked against supplied EPUB; independent OpenLegalLexicon explanation",oxford10-240-s1,CC-BY-4.0,historical_reference_review,Oxford,acref-9780192897497-e-240,black_alignment_pending,
approved clinician,获认可临床人员,noun phrase,mental_health,ENGLAND-WALES,term,A clinician approved to perform specified statutory functions in mental-health treatment.,不等同所有持执照医生。,mental health; responsible approved clinician,,responsible approved clinician,"Oxford Dictionary of Law (10th ed., 2022), headword 'approved clinician', entry acref-9780192897497-e-4380; source headword/sense checked against supplied EPUB; independent OpenLegalLexicon explanation",oxford10-4380-s1,CC-BY-4.0,needs_current_law_review,Oxford,acref-9780192897497-e-4380,black_alignment_pending,
approved mental health professional,获认可精神卫生专业人员,noun phrase,mental_health,ENGLAND-WALES,term,A professional approved to carry out specified functions under mental-health legislation.,资格、职责及法律更新需复核。,mental health; AMHP assessment,AMHP,AMHP assessment,"Oxford Dictionary of Law (10th ed., 2022), headword 'approved mental health professional', entry acref-9780192897497-e-4381; source headword/sense checked against supplied EPUB; independent OpenLegalLexicon explanation",oxford10-4381-s1,CC-BY-4.0,needs_current_law_review,Oxford,acref-9780192897497-e-4381,black_alignment_pending,
Approved Premises,核准监管住宿场所,noun phrase,"sentencing,probation",ENGLAND-WALES,term,Premises approved for accommodation and supervision of persons subject to relevant criminal-justice arrangements.,不是泛指合法房屋。,sentencing; probation; residence in Approved Premises,,residence in Approved Premises,"Oxford Dictionary of Law (10th ed., 2022), headword 'Approved Premises', entry acref-9780192897497-e-4941; source headword/sense checked against supplied EPUB; independent OpenLegalLexicon explanation",oxford10-4941-s1,CC-BY-4.0,needs_current_law_review,Oxford,acref-9780192897497-e-4941,black_alignment_pending,
approximation of laws,法律趋同；法律协调,noun phrase,eu_law,EU,term,Alignment of national laws to reduce differences affecting the operation of the EU legal and market framework.,具体协调权限与 harmonization 用语需结合条约。,eu law; approximation of national legislation,,approximation of national legislation,"Oxford Dictionary of Law (10th ed., 2022), headword 'approximation of laws', entry acref-9780192897497-e-241; source headword/sense checked against supplied EPUB; independent OpenLegalLexicon explanation",oxford10-241-s1,CC-BY-4.0,needs_current_law_review,Oxford,acref-9780192897497-e-241,black_alignment_pending,
appurtenant,附属于土地权益的,adjective,property,COMMON-LAW,term,Attached to and benefiting a particular land interest rather than existing independently of it.,常修饰 easement。,property; easement appurtenant,,easement appurtenant,"Oxford Dictionary of Law (10th ed., 2022), headword 'appurtenant', entry acref-9780192897497-e-242; source headword/sense checked against supplied EPUB; independent OpenLegalLexicon explanation",oxford10-242-s1,CC-BY-4.0,baseline_concept_review,Oxford,acref-9780192897497-e-242,black_alignment_pending,
arbitrary punishment,任意刑罚,noun phrase,criminal,COMMON-LAW,cross_reference,See punishment.,保留来源的参照关系；参照目标是否已编写另行统计。,criminal; cross-reference lookup,,,"Oxford Dictionary of Law (10th ed., 2022), headword 'arbitrary punishment', entry acref-9780192897497-e-244; cross-reference checked against supplied EPUB",oxford10-244-s1,CC-BY-4.0,cross_reference_review,Oxford,acref-9780192897497-e-244,black_alignment_pending,punishment
arbitration,仲裁,noun,dispute_resolution,INTERNATIONAL_TRANSACTIONAL,term,Resolution of a dispute by one or more arbitrators under an agreed or legally prescribed framework.,裁决效力、可仲裁性和法院监督依适用法。,dispute resolution; arbitral proceedings,,arbitral proceedings,"Oxford Dictionary of Law (10th ed., 2022), headword 'arbitration', entry acref-9780192897497-e-245; source headword/sense checked against supplied EPUB; independent OpenLegalLexicon explanation",oxford10-245-s1,CC-BY-4.0,baseline_concept_review,Oxford,acref-9780192897497-e-245,black_alignment_pending,
arbitration agreement,仲裁协议,noun phrase,dispute_resolution,INTERNATIONAL_TRANSACTIONAL,term,An agreement to submit existing or future disputes to arbitration.,与选择法院条款不同。,dispute resolution; valid arbitration agreement,,valid arbitration agreement,"Oxford Dictionary of Law (10th ed., 2022), headword 'arbitration agreement', entry acref-9780192897497-e-246; source headword/sense checked against supplied EPUB; independent OpenLegalLexicon explanation",oxford10-246-s1,CC-BY-4.0,baseline_concept_review,Oxford,acref-9780192897497-e-246,black_alignment_pending,
arbitration clause,仲裁条款,noun phrase,dispute_resolution,INTERNATIONAL_TRANSACTIONAL,term,A contractual provision recording an agreement to arbitrate defined disputes.,独立性及范围依适用法。,dispute resolution; separable arbitration clause,,separable arbitration clause,"Oxford Dictionary of Law (10th ed., 2022), headword 'arbitration clause', entry acref-9780192897497-e-247; source headword/sense checked against supplied EPUB; independent OpenLegalLexicon explanation",oxford10-247-s1,CC-BY-4.0,baseline_concept_review,Oxford,acref-9780192897497-e-247,black_alignment_pending,
archipelago,群岛,noun,law_of_the_sea,INTERNATIONAL,term,A closely related group of islands and associated waters considered as a geographical or legal unit.,群岛国及群岛基线另有法定条件。,law of the sea; archipelagic waters,,archipelagic waters,"Oxford Dictionary of Law (10th ed., 2022), headword 'archipelago', entry acref-9780192897497-e-248; source headword/sense checked against supplied EPUB; independent OpenLegalLexicon explanation",oxford10-248-s1,CC-BY-4.0,baseline_concept_review,Oxford,acref-9780192897497-e-248,black_alignment_pending,
"Area, the",国际海底区域,noun phrase,law_of_the_sea,INTERNATIONAL,cross_reference,See deep seabed area.,保留来源的参照关系；参照目标是否已编写另行统计。,law of the sea; cross-reference lookup,,,"Oxford Dictionary of Law (10th ed., 2022), headword 'Area, the', entry acref-9780192897497-e-4942; cross-reference checked against supplied EPUB",oxford10-4942-s1,CC-BY-4.0,cross_reference_review,Oxford,acref-9780192897497-e-4942,black_alignment_pending,deep seabed area
arguendo,为论证之便而假设,adverb phrase,"legal_latin,procedure",LEGAL-LATIN,term,Assuming a proposition temporarily to test an argument without admitting that it is correct.,不是诉讼中的事实自认。,legal latin; procedure; assume arguendo,,assume arguendo,"Oxford Dictionary of Law (10th ed., 2022), headword 'arguendo', entry acref-9780192897497-e-4382; source headword/sense checked against supplied EPUB; independent OpenLegalLexicon explanation",oxford10-4382-s1,CC-BY-4.0,baseline_concept_review,Oxford,acref-9780192897497-e-4382,black_alignment_pending,
argumentative affidavit,夹带论辩的宣誓书,noun phrase,"evidence,procedure",COMMON-LAW,term,An affidavit presenting argumentative submissions along with purported evidence of facts.,证据与法律论证的界限依程序规则。,evidence; procedure; argumentative affidavit evidence,,argumentative affidavit evidence,"Oxford Dictionary of Law (10th ed., 2022), headword 'argumentative affidavit', entry acref-9780192897497-e-250; source headword/sense checked against supplied EPUB; independent OpenLegalLexicon explanation",oxford10-250-s1,CC-BY-4.0,baseline_concept_review,Oxford,acref-9780192897497-e-250,black_alignment_pending,
armchair principle,遗嘱解释中的置身立遗嘱人处境原则,noun phrase,"succession,interpretation",COMMON-LAW,term,Interpretation of a will with reference to circumstances surrounding the testator when it was made.,不是不受限制地以外部证据改写遗嘱。,succession; interpretation; testator's armchair,,testator's armchair,"Oxford Dictionary of Law (10th ed., 2022), headword 'armchair principle', entry acref-9780192897497-e-251; source headword/sense checked against supplied EPUB; independent OpenLegalLexicon explanation",oxford10-251-s1,CC-BY-4.0,baseline_concept_review,Oxford,acref-9780192897497-e-251,black_alignment_pending,
arraign,提审并要求对控罪答辩,verb,criminal_procedure,COMMON-LAW,term,To put the indictment or charge formally to the accused and ask for a plea.,不是一般逮捕或传唤。,criminal procedure; arraignment on indictment,,arraignment on indictment,"Oxford Dictionary of Law (10th ed., 2022), headword 'arraign', entry acref-9780192897497-e-252; source headword/sense checked against supplied EPUB; independent OpenLegalLexicon explanation",oxford10-252-s1,CC-BY-4.0,baseline_concept_review,Oxford,acref-9780192897497-e-252,black_alignment_pending,
arrangement,国际安排,noun,treaties,INTERNATIONAL,cross_reference,See treaty.,Oxford 此义项指向 treaty。,treaties; international arrangement,,international arrangement,"Oxford Dictionary of Law (10th ed., 2022), headword 'arrangement', entry acref-9780192897497-e-253; source headword/sense checked against supplied EPUB; independent OpenLegalLexicon explanation",oxford10-253-s2,CC-BY-4.0,cross_reference_review,Oxford,acref-9780192897497-e-253,black_alignment_pending,treaty
arrangement,债务或公司重组安排,noun,"insolvency,company",UK,cross_reference,See deed of arrangement; scheme of arrangement; voluntary arrangement.,Oxford 此义项为多目标参照。,insolvency; company; scheme of arrangement,,scheme of arrangement,"Oxford Dictionary of Law (10th ed., 2022), headword 'arrangement', entry acref-9780192897497-e-253; source headword/sense checked against supplied EPUB; independent OpenLegalLexicon explanation",oxford10-253-s1,CC-BY-4.0,needs_current_law_review,Oxford,acref-9780192897497-e-253,black_alignment_pending,deed of arrangement; scheme of arrangement; voluntary arrangement
array,陪审员候选名单,noun,criminal_procedure,COMMON-LAW,cross_reference,See challenge to jury.,保留来源的参照关系；参照目标是否已编写另行统计。,criminal procedure; cross-reference lookup,,,"Oxford Dictionary of Law (10th ed., 2022), headword 'array', entry acref-9780192897497-e-254; cross-reference checked against supplied EPUB",oxford10-254-s1,CC-BY-4.0,cross_reference_review,Oxford,acref-9780192897497-e-254,black_alignment_pending,challenge to jury
arrest,逮捕；拘捕,noun,criminal_procedure,COMMON-LAW,term,Taking a person into legal custody under an applicable arrest power.,与中国法逮捕的批准制度不等同。,criminal procedure; power of arrest,,power of arrest,"Oxford Dictionary of Law (10th ed., 2022), headword 'arrest', entry acref-9780192897497-e-255; source headword/sense checked against supplied EPUB; independent OpenLegalLexicon explanation",oxford10-255-s1,CC-BY-4.0,baseline_concept_review,Oxford,acref-9780192897497-e-255,black_alignment_pending,
arrestable offence,可逮捕罪（旧分类）,noun phrase,"criminal_procedure,legal_history",HISTORICAL,historical_reference,A former England-and-Wales offence category linked to specific arrest powers.,旧分类不能用于判断现代一般逮捕权。,criminal procedure; legal history; formerly arrestable offence,,formerly arrestable offence,"Oxford Dictionary of Law (10th ed., 2022), headword 'arrestable offence', entry acref-9780192897497-e-256; source headword/sense checked against supplied EPUB; independent OpenLegalLexicon explanation",oxford10-256-s1,CC-BY-4.0,historical_reference_review,Oxford,acref-9780192897497-e-256,black_alignment_pending,
arrested development,发展停滞（旧精神卫生分类）,noun phrase,"mental_health,legal_history",HISTORICAL,historical_reference,An obsolete statutory description associated with intellectual and social-functioning impairment.,不应作为现代医学诊断或现行拘留标准。,mental health; legal history; former mental-disorder category,,former mental-disorder category,"Oxford Dictionary of Law (10th ed., 2022), headword 'arrested development', entry acref-9780192897497-e-257; source headword/sense checked against supplied EPUB; independent OpenLegalLexicon explanation",oxford10-257-s1,CC-BY-4.0,historical_reference_review,Oxford,acref-9780192897497-e-257,black_alignment_pending,
arrived ship,已抵达船舶,noun phrase,maritime,INTERNATIONAL_TRANSACTIONAL,cross_reference,See lay days.,保留来源的参照关系；参照目标是否已编写另行统计。,maritime; cross-reference lookup,,,"Oxford Dictionary of Law (10th ed., 2022), headword 'arrived ship', entry acref-9780192897497-e-258; cross-reference checked against supplied EPUB",oxford10-258-s1,CC-BY-4.0,cross_reference_review,Oxford,acref-9780192897497-e-258,black_alignment_pending,lay days
arson,纵火毁损,noun,criminal,ENGLAND-WALES,term,Criminal damage caused by fire with the mental elements required by the applicable offence.,不直接等同中国法放火罪的公共危险要件。,criminal; aggravated arson,,aggravated arson,"Oxford Dictionary of Law (10th ed., 2022), headword 'arson', entry acref-9780192897497-e-259; source headword/sense checked against supplied EPUB; independent OpenLegalLexicon explanation",oxford10-259-s1,CC-BY-4.0,needs_current_law_review,Oxford,acref-9780192897497-e-259,black_alignment_pending,
article,条款；条文,noun,legal_drafting,GENERAL,term,A numbered or otherwise distinct provision in a legal instrument.,articles 也可能泛指整套组织文件。,legal drafting; treaty article,,treaty article,"Oxford Dictionary of Law (10th ed., 2022), headword 'article', entry acref-9780192897497-e-260; source headword/sense checked against supplied EPUB; independent OpenLegalLexicon explanation",oxford10-260-s1,CC-BY-4.0,baseline_concept_review,Oxford,acref-9780192897497-e-260,black_alignment_pending,
Article 101,《欧盟运行条约》第101条,noun phrase,competition,EU,term,"The treaty provision governing agreements, decisions, and concerted practices restricting competition and its exemption conditions.",不是一切合作协议均被禁止。,competition; Article 101 TFEU,,Article 101 TFEU,"Oxford Dictionary of Law (10th ed., 2022), headword 'Article 101', entry acref-9780192897497-e-261; source headword/sense checked against supplied EPUB; independent OpenLegalLexicon explanation",oxford10-261-s1,CC-BY-4.0,needs_current_law_review,Oxford,acref-9780192897497-e-261,black_alignment_pending,
Article 102,《欧盟运行条约》第102条,noun phrase,competition,EU,term,The treaty provision prohibiting abuse of a dominant position within its market and trade scope.,不禁止支配地位本身。,competition; Article 102 TFEU,,Article 102 TFEU,"Oxford Dictionary of Law (10th ed., 2022), headword 'Article 102', entry acref-9780192897497-e-262; source headword/sense checked against supplied EPUB; independent OpenLegalLexicon explanation",oxford10-262-s1,CC-BY-4.0,needs_current_law_review,Oxford,acref-9780192897497-e-262,black_alignment_pending,
Article 267,《欧盟运行条约》第267条,noun phrase,"eu_law,procedure",EU,term,The treaty provision establishing preliminary references on EU-law interpretation and validity by national courts.,不是普通上诉程序。,eu law; procedure; Article 267 reference,,Article 267 reference,"Oxford Dictionary of Law (10th ed., 2022), headword 'Article 267', entry acref-9780192897497-e-263; source headword/sense checked against supplied EPUB; independent OpenLegalLexicon explanation",oxford10-263-s1,CC-BY-4.0,needs_current_law_review,Oxford,acref-9780192897497-e-263,black_alignment_pending,
Article 50,《欧盟条约》第50条,noun phrase,eu_law,EU,term,The Treaty on European Union provision governing a member state's withdrawal from the Union.,不得与 TFEU 同号条文混淆。,eu law; Article 50 withdrawal,,Article 50 withdrawal,"Oxford Dictionary of Law (10th ed., 2022), headword 'Article 50', entry acref-9780192897497-e-4824; source headword/sense checked against supplied EPUB; independent OpenLegalLexicon explanation",oxford10-4824-s1,CC-BY-4.0,needs_current_law_review,Oxford,acref-9780192897497-e-4824,black_alignment_pending,
articles of association,公司组织章程,noun phrase,company,UK,term,The rules forming part of a company's constitution and governing its internal management.,与 memorandum of association 及股东协议区分。,company; model articles,,model articles,"Oxford Dictionary of Law (10th ed., 2022), headword 'articles of association', entry acref-9780192897497-e-264; source headword/sense checked against supplied EPUB; independent OpenLegalLexicon explanation",oxford10-264-s1,CC-BY-4.0,needs_current_law_review,Oxford,acref-9780192897497-e-264,black_alignment_pending,
artificial insemination,人工授精,noun phrase,"family,medical",UK,cross_reference,See assisted reproduction.,保留来源的参照关系；参照目标是否已编写另行统计。,family; medical; cross-reference lookup,,,"Oxford Dictionary of Law (10th ed., 2022), headword 'artificial insemination', entry acref-9780192897497-e-265; cross-reference checked against supplied EPUB",oxford10-265-s1,CC-BY-4.0,needs_current_law_review,Oxford,acref-9780192897497-e-265,black_alignment_pending,assisted reproduction
artificial nutrition and hydration,人工营养与水分供给,noun phrase,medical,ENGLAND-WALES,term,Provision of nutrition and fluids through medical interventions such as feeding tubes.,停止治疗的能力、最佳利益及程序标准待复核。,medical; withdrawal of artificial nutrition,,withdrawal of artificial nutrition,"Oxford Dictionary of Law (10th ed., 2022), headword 'artificial nutrition and hydration', entry acref-9780192897497-e-4383; source headword/sense checked against supplied EPUB; independent OpenLegalLexicon explanation",oxford10-4383-s1,CC-BY-4.0,needs_current_law_review,Oxford,acref-9780192897497-e-4383,black_alignment_pending,
artificial person,法律拟制主体；法人,noun phrase,jurisprudence,GENERAL,cross_reference,See juristic person.,保留来源的参照关系；参照目标是否已编写另行统计。,jurisprudence; cross-reference lookup,,,"Oxford Dictionary of Law (10th ed., 2022), headword 'artificial person', entry acref-9780192897497-e-266; cross-reference checked against supplied EPUB",oxford10-266-s1,CC-BY-4.0,cross_reference_review,Oxford,acref-9780192897497-e-266,black_alignment_pending,juristic person
ASBO,反社会行为令（历史制度）,abbreviation,"criminal,legal_history",HISTORICAL,abbreviation,An anti-social behaviour order under an earlier statutory regime restricting specified conduct.,不同法域制度沿革不同；不表示全 UK 均已同样废止。,criminal; legal history; former ASBO regime,,former ASBO regime,"Oxford Dictionary of Law (10th ed., 2022), headword 'ASBO', entry acref-9780192897497-e-267; source headword/sense checked against supplied EPUB; independent OpenLegalLexicon explanation",oxford10-267-s1,CC-BY-4.0,historical_reference_review,Oxford,acref-9780192897497-e-267,black_alignment_pending,
ascertained goods,已确定货物,noun phrase,sale,COMMON-LAW,cross_reference,See unascertained goods.,保留来源的参照关系；参照目标是否已编写另行统计。,sale; cross-reference lookup,,,"Oxford Dictionary of Law (10th ed., 2022), headword 'ascertained goods', entry acref-9780192897497-e-268; cross-reference checked against supplied EPUB",oxford10-268-s1,CC-BY-4.0,cross_reference_review,Oxford,acref-9780192897497-e-268,black_alignment_pending,unascertained goods
asportation,携离；移走,noun,"criminal,legal_history",HISTORICAL,cross_reference,See larceny.,保留来源的参照关系；参照目标是否已编写另行统计。,criminal; legal history; cross-reference lookup,,,"Oxford Dictionary of Law (10th ed., 2022), headword 'asportation', entry acref-9780192897497-e-4384; cross-reference checked against supplied EPUB",oxford10-4384-s1,CC-BY-4.0,historical_reference_review,Oxford,acref-9780192897497-e-4384,black_alignment_pending,larceny
assault,使人恐惧即时暴力的侵害,noun,"criminal,tort",ENGLAND-WALES,term,Conduct causing another to apprehend immediate unlawful physical force with the required intention or recklessness.,本义不要求实际身体接触；与 battery 区分。,criminal; tort; common assault,,common assault,"Oxford Dictionary of Law (10th ed., 2022), headword 'assault', entry acref-9780192897497-e-269; source headword/sense checked against supplied EPUB; independent OpenLegalLexicon explanation",oxford10-269-s1,CC-BY-4.0,needs_current_law_review,Oxford,acref-9780192897497-e-269,black_alignment_pending,
assault by penetration,以插入方式实施的性侵害,noun phrase,criminal,ENGLAND-WALES,term,A statutory sexual offence involving specified non-penile penetration without legally effective consent.,不可将全部 penetration offences 合并为 rape。,criminal; sexual assault by penetration,,sexual assault by penetration,"Oxford Dictionary of Law (10th ed., 2022), headword 'assault by penetration', entry acref-9780192897497-e-270; source headword/sense checked against supplied EPUB; independent OpenLegalLexicon explanation",oxford10-270-s1,CC-BY-4.0,needs_current_law_review,Oxford,acref-9780192897497-e-270,black_alignment_pending,
assault of a child under 13 by penetration,对未满13岁儿童的插入性侵害,noun phrase,criminal,ENGLAND-WALES,term,A distinct statutory sexual offence involving specified penetration of a child below the protected age threshold.,具体行为、年龄及同意规则需复核。,criminal; child penetration offence,,child penetration offence,"Oxford Dictionary of Law (10th ed., 2022), headword 'assault of a child under 13 by penetration', entry acref-9780192897497-e-271; source headword/sense checked against supplied EPUB; independent OpenLegalLexicon explanation",oxford10-271-s1,CC-BY-4.0,needs_current_law_review,Oxford,acref-9780192897497-e-271,black_alignment_pending,
assault on a police constable in the execution of his duty,袭击正在执行职务的警员,noun phrase,criminal,ENGLAND-WALES,term,An assault falling within the statutory protection of a constable acting in execution of duty.,与更广泛的紧急工作人员袭击罪及加重规则区分。,criminal; assault on a constable,,assault on a constable,"Oxford Dictionary of Law (10th ed., 2022), headword 'assault on a police constable in the execution of his duty', entry acref-9780192897497-e-4629; source headword/sense checked against supplied EPUB; independent OpenLegalLexicon explanation",oxford10-4629-s1,CC-BY-4.0,needs_current_law_review,Oxford,acref-9780192897497-e-4629,black_alignment_pending,
Assembly of the European Communities,欧洲共同体议会（旧称）,noun phrase,"eu_law,legal_history",EU,cross_reference,See European Parliament.,保留来源的参照关系；参照目标是否已编写另行统计。,eu law; legal history; cross-reference lookup,,,"Oxford Dictionary of Law (10th ed., 2022), headword 'Assembly of the European Communities', entry acref-9780192897497-e-272; cross-reference checked against supplied EPUB",oxford10-272-s1,CC-BY-4.0,needs_current_law_review,Oxford,acref-9780192897497-e-272,black_alignment_pending,European Parliament
assent,遗产资产归属确认,noun,succession,ENGLAND-WALES,term,A personal representative's act vesting estate property in the beneficiary entitled to it.,此处不是王室批准或合同承诺。,succession; vesting assent,,vesting assent,"Oxford Dictionary of Law (10th ed., 2022), headword 'assent', entry acref-9780192897497-e-273; source headword/sense checked against supplied EPUB; independent OpenLegalLexicon explanation",oxford10-273-s1,CC-BY-4.0,needs_current_law_review,Oxford,acref-9780192897497-e-273,black_alignment_pending,
assent procedure,欧盟同意程序（旧称）,noun phrase,"eu_law,legal_history",EU,term,A former procedural label for measures requiring Parliament's approval without an ordinary amendment stage.,现行 consent procedure 的范围需复核。,eu law; legal history; European Parliament assent,,European Parliament assent,"Oxford Dictionary of Law (10th ed., 2022), headword 'assent procedure', entry acref-9780192897497-e-274; source headword/sense checked against supplied EPUB; independent OpenLegalLexicon explanation",oxford10-274-s1,CC-BY-4.0,needs_current_law_review,Oxford,acref-9780192897497-e-274,black_alignment_pending,
assessment of costs,诉讼费用核定,noun phrase,civil_procedure,ENGLAND-WALES,term,Determination of the amount of legal costs payable between parties or between solicitor and client.,不是法院裁判费用负担的同一问题。,civil procedure; detailed assessment of costs,,detailed assessment of costs,"Oxford Dictionary of Law (10th ed., 2022), headword 'assessment of costs', entry acref-9780192897497-e-275; source headword/sense checked against supplied EPUB; independent OpenLegalLexicon explanation",oxford10-275-s1,CC-BY-4.0,needs_current_law_review,Oxford,acref-9780192897497-e-275,black_alignment_pending,
assessor,专业辅助评判人,noun,procedure,COMMON-LAW,term,A person appointed to assist an adjudicator with specialized knowledge relevant to deciding a case.,与证人、仲裁员的角色不同。,procedure; court-appointed assessor,,court-appointed assessor,"Oxford Dictionary of Law (10th ed., 2022), headword 'assessor', entry acref-9780192897497-e-276; source headword/sense checked against supplied EPUB; independent OpenLegalLexicon explanation",oxford10-276-s1,CC-BY-4.0,baseline_concept_review,Oxford,acref-9780192897497-e-276,black_alignment_pending,
asset acquisition,资产收购,noun phrase,m_and_a,INTERNATIONAL_TRANSACTIONAL,term,"An acquisition structure in which the buyer purchases specified assets, a business, or an asset package rather than acquiring equity interests in the target entity.",与股权收购区分；资产、负债承接、许可转移和税务后果通常取决于交易文件和适用法。,M&A transaction structuring,asset purchase,asset acquisition agreement; acquire assets,项目既有跨境交易实务编审；待美国法/美国交易实务权威来源复核,ma-asset-acquisition,CC-BY-4.0,migration_review,Legacy,,legacy_pending_alignment,
assets,资产,noun,"property,finance",GENERAL,term,Property or rights having economic value and attributable to a person or entity.,可为有形或无形；会计确认另有规则。,property; finance; tangible and intangible assets,,tangible and intangible assets,"Oxford Dictionary of Law (10th ed., 2022), headword 'assets', entry acref-9780192897497-e-277; source headword/sense checked against supplied EPUB; independent OpenLegalLexicon explanation",oxford10-277-s1,CC-BY-4.0,baseline_concept_review,Oxford,acref-9780192897497-e-277,black_alignment_pending,
assignment,债权等权利转让,noun,"contracts,property",ENGLAND-WALES,term,Transfer of an existing chose in action or other assignable right from assignor to assignee.,法定与衡平转让的条件和效果需区分。,contracts; property; assignment of a debt,,assignment of a debt,"Oxford Dictionary of Law (10th ed., 2022), headword 'assignment', entry acref-9780192897497-e-278; source headword/sense checked against supplied EPUB; independent OpenLegalLexicon explanation",oxford10-278-s1,CC-BY-4.0,needs_current_law_review,Oxford,acref-9780192897497-e-278,black_alignment_pending,
assignment,租赁权益转让,noun,property,ENGLAND-WALES,term,Transfer of a tenant's remaining leasehold interest to another person.,与 sublease 区分；转让后责任另查。,property; assignment of a lease,,assignment of a lease,"Oxford Dictionary of Law (10th ed., 2022), headword 'assignment', entry acref-9780192897497-e-278; source headword/sense checked against supplied EPUB; independent OpenLegalLexicon explanation",oxford10-278-s2,CC-BY-4.0,needs_current_law_review,Oxford,acref-9780192897497-e-278,black_alignment_pending,
assisted reproduction,辅助生殖,noun phrase,"family,medical",UK,term,"Medical techniques enabling conception other than ordinary sexual intercourse, including insemination and embryo-related treatment.",亲子身份、同意及许可条件待复核。,family; medical; assisted reproduction treatment,,assisted reproduction treatment,"Oxford Dictionary of Law (10th ed., 2022), headword 'assisted reproduction', entry acref-9780192897497-e-4825; source headword/sense checked against supplied EPUB; independent OpenLegalLexicon explanation",oxford10-4825-s1,CC-BY-4.0,needs_current_law_review,Oxford,acref-9780192897497-e-4825,black_alignment_pending,
assisted suicide,协助自杀,noun phrase,"criminal,medical",UK,term,"Conduct assisting another person's suicide or attempted suicide, assessed under the relevant criminal and medical framework.",各组成法域及新法进程需分别复核。,criminal; medical; assisting suicide offence,,assisting suicide offence,"Oxford Dictionary of Law (10th ed., 2022), headword 'assisted suicide', entry acref-9780192897497-e-4385; source headword/sense checked against supplied EPUB; independent OpenLegalLexicon explanation",oxford10-4385-s1,CC-BY-4.0,needs_current_law_review,Oxford,acref-9780192897497-e-4385,black_alignment_pending,
assize,巡回审判庭（历史）,noun,legal_history,HISTORICAL,historical_reference,A historical sitting of judges on circuit under commissions to hear specified civil or criminal cases.,英格兰旧 assizes 与现行 Crown Court 区分。,legal history; court of assize,,court of assize,"Oxford Dictionary of Law (10th ed., 2022), headword 'assize', entry acref-9780192897497-e-279; source headword/sense checked against supplied EPUB; independent OpenLegalLexicon explanation",oxford10-279-s1,CC-BY-4.0,historical_reference_review,Oxford,acref-9780192897497-e-279,black_alignment_pending,
assize,法令；敕令（历史）,noun,legal_history,HISTORICAL,historical_reference,A historical designation for certain enactments or ordinances.,与巡回审判庭同形异义。,legal history; Assize of Clarendon,,Assize of Clarendon,"Oxford Dictionary of Law (10th ed., 2022), headword 'assize', entry acref-9780192897497-e-279; source headword/sense checked against supplied EPUB; independent OpenLegalLexicon explanation",oxford10-279-s2,CC-BY-4.0,historical_reference_review,Oxford,acref-9780192897497-e-279,black_alignment_pending,
associated operations,关联操作（继承税）,noun phrase,tax,UK,term,Transactions considered together when measuring the effect of a transfer under inheritance-tax rules.,不是一般关联方交易的全部范围。,tax; associated operations for inheritance tax,,associated operations for inheritance tax,"Oxford Dictionary of Law (10th ed., 2022), headword 'associated operations', entry acref-9780192897497-e-280; source headword/sense checked against supplied EPUB; independent OpenLegalLexicon explanation",oxford10-280-s1,CC-BY-4.0,needs_current_law_review,Oxford,acref-9780192897497-e-280,black_alignment_pending,
association agreement,欧盟联系协定,noun phrase,"eu_law,treaties",EU; INTERNATIONAL,term,An agreement establishing a structured association between the EU and a third country or organization.,不等同成员资格或单纯自由贸易协定。,eu law; treaties; EU association agreement,,EU association agreement,"Oxford Dictionary of Law (10th ed., 2022), headword 'association agreement', entry acref-9780192897497-e-281; source headword/sense checked against supplied EPUB; independent OpenLegalLexicon explanation",oxford10-281-s1,CC-BY-4.0,needs_current_law_review,Oxford,acref-9780192897497-e-281,black_alignment_pending,
assumpsit,允诺之诉（历史）,noun,"legal_history,contracts",HISTORICAL,historical_reference,A common-law form of action for damages based on failure to perform an express or implied undertaking.,现代合同诉讼不再以旧诉式决定全部救济。,legal history; contracts; action in assumpsit,,action in assumpsit,"Oxford Dictionary of Law (10th ed., 2022), headword 'assumpsit', entry acref-9780192897497-e-4630; source headword/sense checked against supplied EPUB; independent OpenLegalLexicon explanation",oxford10-4630-s1,CC-BY-4.0,historical_reference_review,Oxford,acref-9780192897497-e-4630,black_alignment_pending,
assurance,保险；寿险用语,noun,insurance,UK,cross_reference,See insurance.,保留来源的参照关系；参照目标是否已编写另行统计。,insurance; cross-reference lookup,,,"Oxford Dictionary of Law (10th ed., 2022), headword 'assurance', entry acref-9780192897497-e-282; cross-reference checked against supplied EPUB",oxford10-282-s1,CC-BY-4.0,needs_current_law_review,Oxford,acref-9780192897497-e-282,black_alignment_pending,insurance
assured agricultural occupancy,受保障的农业雇员居住权,noun phrase,housing,ENGLAND-WALES,term,A statutory form of residential occupancy for agricultural workers within the assured-housing framework.,资格、存续和制度更新待复核。,housing; agricultural worker's occupancy,,agricultural worker's occupancy,"Oxford Dictionary of Law (10th ed., 2022), headword 'assured agricultural occupancy', entry acref-9780192897497-e-283; source headword/sense checked against supplied EPUB; independent OpenLegalLexicon explanation",oxford10-283-s1,CC-BY-4.0,needs_current_law_review,Oxford,acref-9780192897497-e-283,black_alignment_pending,
assured shorthold tenancy,受保障短期住宅租赁,noun phrase,housing,ENGLAND-WALES,term,A statutory tenancy category historically associated with a particular route to possession at the end of the protected period.,2022 基线不能表述为已核实的现行制度；新法和过渡规则待复核。,housing; assured shorthold tenancy regime,,assured shorthold tenancy regime,"Oxford Dictionary of Law (10th ed., 2022), headword 'assured shorthold tenancy', entry acref-9780192897497-e-284; source headword/sense checked against supplied EPUB; independent OpenLegalLexicon explanation",oxford10-284-s1,CC-BY-4.0,needs_current_law_review,Oxford,acref-9780192897497-e-284,black_alignment_pending,
assured tenancy,受保障住宅租赁,noun phrase,housing,ENGLAND-WALES,term,A residential tenancy governed by the statutory assured-tenancy framework.,不同地区和过渡期间的适用规则需复核。,housing; assured tenant's security,,assured tenant's security,"Oxford Dictionary of Law (10th ed., 2022), headword 'assured tenancy', entry acref-9780192897497-e-285; source headword/sense checked against supplied EPUB; independent OpenLegalLexicon explanation",oxford10-285-s1,CC-BY-4.0,needs_current_law_review,Oxford,acref-9780192897497-e-285,black_alignment_pending,
asylum,庇护,noun,"public_international_law,immigration",INTERNATIONAL,term,Protection granted by a state to a person seeking refuge from persecution or other qualifying threats.,领土庇护、外交庇护及 refugee status 不完全等同。,public international law; immigration; claim asylum,,claim asylum,"Oxford Dictionary of Law (10th ed., 2022), headword 'asylum', entry acref-9780192897497-e-286; source headword/sense checked against supplied EPUB; independent OpenLegalLexicon explanation",oxford10-286-s1,CC-BY-4.0,needs_current_law_review,Oxford,acref-9780192897497-e-286,black_alignment_pending,
at sea,在海上（特许遗嘱语境）,noun phrase,succession,ENGLAND-WALES,cross_reference,See privileged will.,保留来源的参照关系；参照目标是否已编写另行统计。,succession; cross-reference lookup,,,"Oxford Dictionary of Law (10th ed., 2022), headword 'at sea', entry acref-9780192897497-e-288; cross-reference checked against supplied EPUB",oxford10-288-s1,CC-BY-4.0,needs_current_law_review,Oxford,acref-9780192897497-e-288,black_alignment_pending,privileged will
attachment,人身或财产扣押令,noun,procedure,ENGLAND-WALES,term,A judicial measure securing a person or property under the applicable enforcement or contempt procedure.,不同法域的 attachment 不具有统一效果。,procedure; writ of attachment,,writ of attachment,"Oxford Dictionary of Law (10th ed., 2022), headword 'attachment', entry acref-9780192897497-e-289; source headword/sense checked against supplied EPUB; independent OpenLegalLexicon explanation",oxford10-289-s1,CC-BY-4.0,needs_current_law_review,Oxford,acref-9780192897497-e-289,black_alignment_pending,
attachment of earnings,收入扣划令,noun phrase,debt_enforcement,ENGLAND-WALES,term,An order directing deductions from a debtor's earnings toward sums payable under a court obligation.,保护收入和适用债务范围待复核。,debt enforcement; attachment-of-earnings order,,attachment-of-earnings order,"Oxford Dictionary of Law (10th ed., 2022), headword 'attachment of earnings', entry acref-9780192897497-e-290; source headword/sense checked against supplied EPUB; independent OpenLegalLexicon explanation",oxford10-290-s1,CC-BY-4.0,needs_current_law_review,Oxford,acref-9780192897497-e-290,black_alignment_pending,
attempt,犯罪未遂,noun,criminal,ENGLAND-WALES,term,An intentional step beyond mere preparation toward commission of an offence where attempt liability is recognized.,不与中国法未遂定义机械等同。,criminal; attempt to commit an offence,,attempt to commit an offence,"Oxford Dictionary of Law (10th ed., 2022), headword 'attempt', entry acref-9780192897497-e-291; source headword/sense checked against supplied EPUB; independent OpenLegalLexicon explanation",oxford10-291-s1,CC-BY-4.0,needs_current_law_review,Oxford,acref-9780192897497-e-291,black_alignment_pending,
attendance centre,定时到场矫治中心,noun phrase,sentencing,ENGLAND-WALES,term,A non-residential institution associated with court-directed attendance and structured activities for offenders.,年龄、命令种类和现行存续待复核。,sentencing; attendance-centre requirement,,attendance-centre requirement,"Oxford Dictionary of Law (10th ed., 2022), headword 'attendance centre', entry acref-9780192897497-e-292; source headword/sense checked against supplied EPUB; independent OpenLegalLexicon explanation",oxford10-292-s1,CC-BY-4.0,needs_current_law_review,Oxford,acref-9780192897497-e-292,black_alignment_pending,
attestation,见证签署；见证证明,noun,"documents,succession",COMMON-LAW,term,Witness confirmation of the execution of a document in the form required for that instrument.,遗嘱、契据及电子签署的要求可能不同。,documents; succession; attestation clause,,attestation clause,"Oxford Dictionary of Law (10th ed., 2022), headword 'attestation', entry acref-9780192897497-e-293; source headword/sense checked against supplied EPUB; independent OpenLegalLexicon explanation",oxford10-293-s1,CC-BY-4.0,baseline_concept_review,Oxford,acref-9780192897497-e-293,black_alignment_pending,
attorney,受权代理人,noun,agency,ENGLAND-WALES,term,"A person authorized by another to act on their behalf, particularly under a power of attorney.",英国本义不必然指律师；与美国 attorney 用法区分。,agency; attorney under a power,,attorney under a power,"Oxford Dictionary of Law (10th ed., 2022), headword 'attorney', entry acref-9780192897497-e-294; source headword/sense checked against supplied EPUB; independent OpenLegalLexicon explanation",oxford10-294-s1,CC-BY-4.0,needs_current_law_review,Oxford,acref-9780192897497-e-294,black_alignment_pending,
Attorney General,英格兰及威尔士总检察长；政府首席法律官,noun phrase,"constitutional,institutions",ENGLAND-WALES,term,The senior law officer advising the Crown and government and exercising specified public-interest legal functions.,不等同中国检察机关首长；各 UK 法域职位不同。,constitutional; institutions; Attorney General's reference,,Attorney General's reference,"Oxford Dictionary of Law (10th ed., 2022), headword 'Attorney General', entry acref-9780192897497-e-295; source headword/sense checked against supplied EPUB; independent OpenLegalLexicon explanation",oxford10-295-s1,CC-BY-4.0,needs_current_law_review,Oxford,acref-9780192897497-e-295,black_alignment_pending,
attornment,占有改为替他人持有的确认,noun,"property,bailment",COMMON-LAW,term,Acknowledgment by a possessor that property is henceforth held for a different person.,此义可用于交付与保管关系，不限于租赁。,property; bailment; bailee's attornment,,bailee's attornment,"Oxford Dictionary of Law (10th ed., 2022), headword 'attornment', entry acref-9780192897497-e-296; source headword/sense checked against supplied EPUB; independent OpenLegalLexicon explanation",oxford10-296-s1,CC-BY-4.0,baseline_concept_review,Oxford,acref-9780192897497-e-296,black_alignment_pending,
auction,拍卖,noun,sale,COMMON-LAW,term,A sale process inviting competing bids and concluding under the announced rules and applicable law.,成交时点及无保留价条件需结合规则。,sale; sale by auction,,sale by auction,"Oxford Dictionary of Law (10th ed., 2022), headword 'auction', entry acref-9780192897497-e-297; source headword/sense checked against supplied EPUB; independent OpenLegalLexicon explanation",oxford10-297-s1,CC-BY-4.0,baseline_concept_review,Oxford,acref-9780192897497-e-297,black_alignment_pending,
auction ring,拍卖串通竞买集团,noun phrase,"competition,sale",UK,term,A group coordinating bids to suppress competition and acquire auctioned property at reduced prices.,法律后果依刑事及竞争法规则。,competition; sale; bid-rigging ring,,bid-rigging ring,"Oxford Dictionary of Law (10th ed., 2022), headword 'auction ring', entry acref-9780192897497-e-298; source headword/sense checked against supplied EPUB; independent OpenLegalLexicon explanation",oxford10-298-s1,CC-BY-4.0,needs_current_law_review,Oxford,acref-9780192897497-e-298,black_alignment_pending,
audi alteram partem,听取另一方意见,phrase,"procedure,legal_latin",LEGAL-LATIN; COMMON-LAW,cross_reference,See natural justice.,保留来源的参照关系；参照目标是否已编写另行统计。,procedure; legal latin; cross-reference lookup,,,"Oxford Dictionary of Law (10th ed., 2022), headword 'audi alteram partem', entry acref-9780192897497-e-299; cross-reference checked against supplied EPUB",oxford10-299-s1,CC-BY-4.0,cross_reference_review,Oxford,acref-9780192897497-e-299,black_alignment_pending,natural justice
Audit Commission,审计委员会（旧英国机构）,noun phrase,"legal_history,institutions",HISTORICAL,historical_reference,A former public body responsible for audit arrangements in specified local-government and health sectors.,原机构的职责不可直接当作现行机构职责。,legal history; institutions; former Audit Commission,,former Audit Commission,"Oxford Dictionary of Law (10th ed., 2022), headword 'Audit Commission', entry acref-9780192897497-e-300; source headword/sense checked against supplied EPUB; independent OpenLegalLexicon explanation",oxford10-300-s1,CC-BY-4.0,historical_reference_review,Oxford,acref-9780192897497-e-300,black_alignment_pending,
audit exemption,审计豁免,noun phrase,company,UK,term,An exception from mandatory audit for a company meeting the relevant statutory conditions.,财务门槛、集团及成员要求待现行法复核。,company; small-company audit exemption,,small-company audit exemption,"Oxford Dictionary of Law (10th ed., 2022), headword 'audit exemption', entry acref-9780192897497-e-301; source headword/sense checked against supplied EPUB; independent OpenLegalLexicon explanation",oxford10-301-s1,CC-BY-4.0,needs_current_law_review,Oxford,acref-9780192897497-e-301,black_alignment_pending,
auditor,审计师；审计机构,noun,company,UK,term,A person or firm appointed to examine and report on an entity's accounts under the applicable audit framework.,法定资格及报告内容需复核。,company; statutory auditor,,statutory auditor,"Oxford Dictionary of Law (10th ed., 2022), headword 'auditor', entry acref-9780192897497-e-302; source headword/sense checked against supplied EPUB; independent OpenLegalLexicon explanation",oxford10-302-s1,CC-BY-4.0,needs_current_law_review,Oxford,acref-9780192897497-e-302,black_alignment_pending,
aut punire aut dedere,或惩罚或交付,phrase,"extradition,legal_latin",LEGAL-LATIN; INTERNATIONAL,term,A formula requiring punishment in the refuge state or surrender to another competent state.,与 aut dedere aut judicare 的具体条约义务区别理解。,extradition; legal latin; punish or surrender,,punish or surrender,"Oxford Dictionary of Law (10th ed., 2022), headword 'aut punire aut dedere', entry acref-9780192897497-e-311; source headword/sense checked against supplied EPUB; independent OpenLegalLexicon explanation",oxford10-311-s1,CC-BY-4.0,needs_current_law_review,Oxford,acref-9780192897497-e-311,black_alignment_pending,
authentication,条约文本认证,noun,treaties,INTERNATIONAL,term,The act establishing a treaty text as definitive and authentic through an agreed procedure.,不等同同意受条约拘束或生效。,treaties; authentication of treaty text,,authentication of treaty text,"Oxford Dictionary of Law (10th ed., 2022), headword 'authentication', entry acref-9780192897497-e-303; source headword/sense checked against supplied EPUB; independent OpenLegalLexicon explanation",oxford10-303-s1,CC-BY-4.0,baseline_concept_review,Oxford,acref-9780192897497-e-303,black_alignment_pending,
authority,代理权限,noun,agency,COMMON-LAW,term,Power to act for another in a manner capable of binding or otherwise affecting that person's legal position.,区分实际、表见及推定授权。,agency; actual authority,,actual authority,"Oxford Dictionary of Law (10th ed., 2022), headword 'authority', entry acref-9780192897497-e-304; source headword/sense checked against supplied EPUB; independent OpenLegalLexicon explanation",oxford10-304-s1,CC-BY-4.0,baseline_concept_review,Oxford,acref-9780192897497-e-304,black_alignment_pending,
authority,法律依据；判例依据,noun,legal_method,COMMON-LAW,term,A legal source relied on to support a proposition of law.,拘束性与说服性须按法院层级和法域判断。,legal method; binding authority,,binding authority,"Oxford Dictionary of Law (10th ed., 2022), headword 'authority', entry acref-9780192897497-e-304; source headword/sense checked against supplied EPUB; independent OpenLegalLexicon explanation",oxford10-304-s3,CC-BY-4.0,baseline_concept_review,Oxford,acref-9780192897497-e-304,black_alignment_pending,
authority,公共主管机关,noun,public_law,UK,term,A body entrusted with public functions and the associated legal powers and duties.,与私人代理权限分列。,public law; local authority,,local authority,"Oxford Dictionary of Law (10th ed., 2022), headword 'authority', entry acref-9780192897497-e-304; source headword/sense checked against supplied EPUB; independent OpenLegalLexicon explanation",oxford10-304-s2,CC-BY-4.0,needs_current_law_review,Oxford,acref-9780192897497-e-304,black_alignment_pending,
authorized capital,授权股本；名义股本,noun phrase,"company,legal_history",UK,term,A designated ceiling on the share capital a company was authorized to issue under the relevant corporate framework.,旧版关于英国强制要求的陈述需复核，不可直接沿用。,company; legal history; authorized share capital,,authorized share capital,"Oxford Dictionary of Law (10th ed., 2022), headword 'authorized capital', entry acref-9780192897497-e-305; source headword/sense checked against supplied EPUB; independent OpenLegalLexicon explanation",oxford10-305-s1,CC-BY-4.0,needs_current_law_review,Oxford,acref-9780192897497-e-305,black_alignment_pending,
authorized guarantee agreement,获允许的租约转让保证协议,noun phrase,property,ENGLAND-WALES,term,An agreement under which an outgoing tenant guarantees a permitted scope of the assignee's lease obligations.,属于英国租约法律专门制度；担保范围受限制。,property; AGA on assignment,AGA,AGA on assignment,"Oxford Dictionary of Law (10th ed., 2022), headword 'authorized guarantee agreement', entry acref-9780192897497-e-4386; source headword/sense checked against supplied EPUB; independent OpenLegalLexicon explanation",oxford10-4386-s1,CC-BY-4.0,needs_current_law_review,Oxford,acref-9780192897497-e-4386,black_alignment_pending,
authorized investments,信托获准投资（旧制度）,noun phrase,"trusts,legal_history",ENGLAND-WALES,term,Investments permitted under an older statutory list-based framework for trustees.,现代一般投资权及照管义务另查。,trusts; legal history; trustee authorized investments,,trustee authorized investments,"Oxford Dictionary of Law (10th ed., 2022), headword 'authorized investments', entry acref-9780192897497-e-306; source headword/sense checked against supplied EPUB; independent OpenLegalLexicon explanation",oxford10-306-s1,CC-BY-4.0,needs_current_law_review,Oxford,acref-9780192897497-e-306,black_alignment_pending,
authorized securities,获准投资证券（旧制）,noun phrase,"trusts,legal_history",ENGLAND-WALES,cross_reference,See authorized investments.,保留来源的参照关系；参照目标是否已编写另行统计。,trusts; legal history; cross-reference lookup,,,"Oxford Dictionary of Law (10th ed., 2022), headword 'authorized securities', entry acref-9780192897497-e-307; cross-reference checked against supplied EPUB",oxford10-307-s1,CC-BY-4.0,needs_current_law_review,Oxford,acref-9780192897497-e-307,black_alignment_pending,authorized investments
automatic reservation,自行判断事项保留,noun phrase,public_international_law,INTERNATIONAL,term,A reservation to compulsory court jurisdiction claiming that the reserving state may determine whether specified matters are excluded.,效力及互惠后果需结合国际法院判例。,public international law; self-judging reservation,,self-judging reservation,"Oxford Dictionary of Law (10th ed., 2022), headword 'automatic reservation', entry acref-9780192897497-e-308; source headword/sense checked against supplied EPUB; independent OpenLegalLexicon explanation",oxford10-308-s1,CC-BY-4.0,needs_current_law_review,Oxford,acref-9780192897497-e-308,black_alignment_pending,
automatism,自动行为；非自主行为,noun,criminal,COMMON-LAW,cross_reference,See insanity; non-insane automatism.,保留来源的参照关系；参照目标是否已编写另行统计。 此参照不表示普通注意失神当然满足免责要件。,criminal; cross-reference lookup,,,"Oxford Dictionary of Law (10th ed., 2022), headword 'automatism', entry acref-9780192897497-e-309; cross-reference checked against supplied EPUB",oxford10-309-s1,CC-BY-4.0,cross_reference_review,Oxford,acref-9780192897497-e-309,black_alignment_pending,insanity; non-insane automatism
autopsy,尸体解剖；死后检验,noun,"medical,evidence",COMMON-LAW,term,Examination of a body after death to investigate the cause or circumstances of death.,权限、同意和验尸程序依适用法。,medical; evidence; post-mortem examination,post-mortem examination,post-mortem examination,"Oxford Dictionary of Law (10th ed., 2022), headword 'autopsy', entry acref-9780192897497-e-310; source headword/sense checked against supplied EPUB; independent OpenLegalLexicon explanation",oxford10-310-s1,CC-BY-4.0,baseline_concept_review,Oxford,acref-9780192897497-e-310,black_alignment_pending,
autre vie,他人寿命期,noun phrase,property,COMMON-LAW,cross_reference,See estate pur (or per) autre vie.,保留来源的参照关系；参照目标是否已编写另行统计。,property; cross-reference lookup,,,"Oxford Dictionary of Law (10th ed., 2022), headword 'autre vie', entry acref-9780192897497-e-314; cross-reference checked against supplied EPUB",oxford10-314-s1,CC-BY-4.0,cross_reference_review,Oxford,acref-9780192897497-e-314,black_alignment_pending,estate pur (or per) autre vie
autrefois acquit,先前已获无罪裁判的抗辩,noun phrase,criminal_procedure,COMMON-LAW,term,A plea that a competent court has already acquitted the accused of the same or legally equivalent offence.,重审例外及罪名同一性依现行法。,criminal procedure; plea of autrefois acquit,,plea of autrefois acquit,"Oxford Dictionary of Law (10th ed., 2022), headword 'autrefois acquit', entry acref-9780192897497-e-312; source headword/sense checked against supplied EPUB; independent OpenLegalLexicon explanation",oxford10-312-s1,CC-BY-4.0,needs_current_law_review,Oxford,acref-9780192897497-e-312,black_alignment_pending,
autrefois convict,先前已被定罪的抗辩,noun phrase,criminal_procedure,COMMON-LAW,term,A plea relying on an earlier conviction to bar a further prosecution for the same or legally equivalent offence.,与 autrefois acquit 并列保留。,criminal procedure; plea of autrefois convict,,plea of autrefois convict,"Oxford Dictionary of Law (10th ed., 2022), headword 'autrefois convict', entry acref-9780192897497-e-313; source headword/sense checked against supplied EPUB; independent OpenLegalLexicon explanation",oxford10-313-s1,CC-BY-4.0,needs_current_law_review,Oxford,acref-9780192897497-e-313,black_alignment_pending,
auxiliary jurisdiction,衡平法院辅助管辖（历史）,noun phrase,"equity,legal_history",HISTORICAL,historical_reference,The former Chancery jurisdiction assisting common-law proceedings through measures such as discovery.,制度合并后不可直接视为独立现行管辖类别。,equity; legal history; Chancery auxiliary jurisdiction,,Chancery auxiliary jurisdiction,"Oxford Dictionary of Law (10th ed., 2022), headword 'auxiliary jurisdiction', entry acref-9780192897497-e-315; source headword/sense checked against supplied EPUB; independent OpenLegalLexicon explanation",oxford10-315-s1,CC-BY-4.0,historical_reference_review,Oxford,acref-9780192897497-e-315,black_alignment_pending,
AVC,养老金额外自愿缴款（缩写）,abbreviation,pensions,UK,abbreviation,Abbreviation for additional voluntary contribution.,缩写展开限于本法域和本语境，不能据此排除其他同形缩写。,pensions; cross-reference lookup,,,"Oxford Dictionary of Law (10th ed., 2022), headword 'AVC', entry acref-9780192897497-e-316; cross-reference checked against supplied EPUB",oxford10-316-s1,CC-BY-4.0,needs_current_law_review,Oxford,acref-9780192897497-e-316,black_alignment_pending,additional voluntary contribution
aver,在诉状中断言为真,verb,pleading,COMMON-LAW,term,To assert a fact as true in a pleading or formal legal statement.,对应名词 averment。,pleading; aver a material fact,,aver a material fact,"Oxford Dictionary of Law (10th ed., 2022), headword 'aver', entry acref-9780192897497-e-317; source headword/sense checked against supplied EPUB; independent OpenLegalLexicon explanation",oxford10-317-s1,CC-BY-4.0,baseline_concept_review,Oxford,acref-9780192897497-e-317,black_alignment_pending,
average,不足额保险比例减赔,noun,insurance,COMMON-LAW,term,Reduction of an insurance payment by reference to underinsurance where the applicable policy or rule provides for proportional settlement.,不是简单计算算术平均数。,insurance; subject to average,,subject to average,"Oxford Dictionary of Law (10th ed., 2022), headword 'average', entry acref-9780192897497-e-318; source headword/sense checked against supplied EPUB; independent OpenLegalLexicon explanation",oxford10-318-s2,CC-BY-4.0,baseline_concept_review,Oxford,acref-9780192897497-e-318,black_alignment_pending,
average,海损,noun,marine_insurance,INTERNATIONAL_TRANSACTIONAL,term,Loss or damage in maritime ventures classified under the applicable marine-insurance and maritime rules.,共同海损与单独海损须区分。,marine insurance; general average; particular average,,general average; particular average,"Oxford Dictionary of Law (10th ed., 2022), headword 'average', entry acref-9780192897497-e-318; source headword/sense checked against supplied EPUB; independent OpenLegalLexicon explanation",oxford10-318-s1,CC-BY-4.0,baseline_concept_review,Oxford,acref-9780192897497-e-318,black_alignment_pending,
avoid,撤销；使不再具有约束力,verb,contracts,COMMON-LAW,term,To exercise an available legal power to set aside a voidable transaction.,区别于一开始即 void；返还和第三人权利另查。,contracts; avoid a voidable contract,,avoid a voidable contract,"Oxford Dictionary of Law (10th ed., 2022), headword 'avoid', entry acref-9780192897497-e-320; source headword/sense checked against supplied EPUB; independent OpenLegalLexicon explanation",oxford10-320-s1,CC-BY-4.0,baseline_concept_review,Oxford,acref-9780192897497-e-320,black_alignment_pending,
avoidance of disposition order,撤销规避婚姻财产请求的处分令,noun phrase,family,ENGLAND-WALES,term,An order preventing or setting aside a disposition intended to defeat a spouse's claim for financial relief.,时限、推定和第三人保护需复核。,family; set aside a defeating disposition,,set aside a defeating disposition,"Oxford Dictionary of Law (10th ed., 2022), headword 'avoidance of disposition order', entry acref-9780192897497-e-321; source headword/sense checked against supplied EPUB; independent OpenLegalLexicon explanation",oxford10-321-s1,CC-BY-4.0,needs_current_law_review,Oxford,acref-9780192897497-e-321,black_alignment_pending,
avulsion,河道或土地的突然变动,noun,"property,public_international_law",COMMON-LAW; INTERNATIONAL,term,A sudden natural change in a watercourse or land formation distinguished from gradual accretion.,界线及产权是否随之改变依适用规则。,property; public international law; avulsive change of a river,,avulsive change of a river,"Oxford Dictionary of Law (10th ed., 2022), headword 'avulsion', entry acref-9780192897497-e-322; source headword/sense checked against supplied EPUB; independent OpenLegalLexicon explanation",oxford10-322-s1,CC-BY-4.0,baseline_concept_review,Oxford,acref-9780192897497-e-322,black_alignment_pending,
award,仲裁裁决,noun,dispute_resolution,INTERNATIONAL_TRANSACTIONAL,cross_reference,See arbitration.,保留来源的参照关系；参照目标是否已编写另行统计。,dispute resolution; cross-reference lookup,,,"Oxford Dictionary of Law (10th ed., 2022), headword 'award', entry acref-9780192897497-e-323; cross-reference checked against supplied EPUB",oxford10-323-s1,CC-BY-4.0,cross_reference_review,Oxford,acref-9780192897497-e-323,black_alignment_pending,arbitration
backed for bail,附准保释指示的逮捕令,adjective phrase,criminal_procedure,ENGLAND-WALES,term,Describing an arrest warrant directing release on bail upon satisfaction of specified conditions.,不是无需到庭的免诉令。,criminal procedure; warrant backed for bail,,warrant backed for bail,"Oxford Dictionary of Law (10th ed., 2022), headword 'backed for bail', entry acref-9780192897497-e-324; source headword/sense checked against supplied EPUB; independent OpenLegalLexicon explanation",oxford10-324-s1,CC-BY-4.0,needs_current_law_review,Oxford,acref-9780192897497-e-324,black_alignment_pending,
bail,候审或上诉期间的保释,noun,criminal_procedure,ENGLAND-WALES,term,Conditional or unconditional release from custody pending a required appearance in criminal proceedings.,与支付保释金不是必然同义。,criminal procedure; grant bail,,grant bail,"Oxford Dictionary of Law (10th ed., 2022), headword 'bail', entry acref-9780192897497-e-325; source headword/sense checked against supplied EPUB; independent OpenLegalLexicon explanation",oxford10-325-s1,CC-BY-4.0,needs_current_law_review,Oxford,acref-9780192897497-e-325,black_alignment_pending,
bail hostel,保释住宿场所,noun phrase,criminal_procedure,UK,term,"Accommodation made available for persons released on bail, particularly those lacking a suitable address.",现行类别及监管安排需复核。,criminal procedure; residence at a bail hostel,,residence at a bail hostel,"Oxford Dictionary of Law (10th ed., 2022), headword 'bail hostel', entry acref-9780192897497-e-327; source headword/sense checked against supplied EPUB; independent OpenLegalLexicon explanation",oxford10-327-s1,CC-BY-4.0,needs_current_law_review,Oxford,acref-9780192897497-e-327,black_alignment_pending,
bailee,动产受寄托人；占有受领人,noun,property,COMMON-LAW,cross_reference,See bailment.,保留来源的参照关系；参照目标是否已编写另行统计。,property; cross-reference lookup,,,"Oxford Dictionary of Law (10th ed., 2022), headword 'bailee', entry acref-9780192897497-e-326; cross-reference checked against supplied EPUB",oxford10-326-s1,CC-BY-4.0,cross_reference_review,Oxford,acref-9780192897497-e-326,black_alignment_pending,bailment
bailiff,法院执行人员,noun,debt_enforcement,ENGLAND-WALES,term,An officer responsible for specified service or enforcement functions under court authority.,与私人 enforcement agent 的身份及权限需区分。,debt enforcement; county court bailiff,,county court bailiff,"Oxford Dictionary of Law (10th ed., 2022), headword 'bailiff', entry acref-9780192897497-e-328; source headword/sense checked against supplied EPUB; independent OpenLegalLexicon explanation",oxford10-328-s1,CC-BY-4.0,needs_current_law_review,Oxford,acref-9780192897497-e-328,black_alignment_pending,
bailiff,根西岛司法首长,noun,judicial_institutions,GUERNSEY,term,A senior judicial office in Guernsey associated with the Royal Court.,不是英国普通债务执行员的同一职位。,judicial institutions; Royal Court Bailiff,,Royal Court Bailiff,"Oxford Dictionary of Law (10th ed., 2022), headword 'bailiff', entry acref-9780192897497-e-328; source headword/sense checked against supplied EPUB; independent OpenLegalLexicon explanation",oxford10-328-s2,CC-BY-4.0,needs_current_law_review,Oxford,acref-9780192897497-e-328,black_alignment_pending,
bailiwick,司法官职权区域,noun,legal_history,COMMON-LAW,term,The territory within which a bailiff or sheriff exercises the relevant jurisdiction.,也用于海峡群岛特定法域的名称。,legal history; sheriff's bailiwick,,sheriff's bailiwick,"Oxford Dictionary of Law (10th ed., 2022), headword 'bailiwick', entry acref-9780192897497-e-329; source headword/sense checked against supplied EPUB; independent OpenLegalLexicon explanation",oxford10-329-s1,CC-BY-4.0,baseline_concept_review,Oxford,acref-9780192897497-e-329,black_alignment_pending,
bailment,动产占有移交与保管关系,noun,property,COMMON-LAW,term,Delivery of possession of goods for a particular purpose without necessarily transferring ownership.,不等同所有权转让或仅限有偿保管。 Black's 1910 的契约式叙述作为历史比较，不推断为现代必备构成条件。,property; bailment of goods,,bailment of goods,"Oxford Dictionary of Law (10th ed., 2022), headword 'bailment', entry acref-9780192897497-e-330; source headword/sense checked against supplied EPUB; independent OpenLegalLexicon explanation; Black's Law Dictionary (2nd ed., 1910), bailment, https://openjurist.org/law-dictionary/blacks-1910/bailment (historical conceptual comparison)",oxford10-330-s1,CC-BY-4.0,baseline_concept_review,Both,acref-9780192897497-e-330,both_same_sense_checked,
bailor,动产寄托人；交付占有人,noun,property,COMMON-LAW,cross_reference,See bailment.,保留来源的参照关系；参照目标是否已编写另行统计。,property; cross-reference lookup,,,"Oxford Dictionary of Law (10th ed., 2022), headword 'bailor', entry acref-9780192897497-e-331; cross-reference checked against supplied EPUB",oxford10-331-s1,CC-BY-4.0,cross_reference_review,Oxford,acref-9780192897497-e-331,black_alignment_pending,bailment
balance sheet,资产负债表,noun phrase,"accounting,company",GENERAL,term,"A financial statement presenting assets, liabilities, and equity at a specified reporting date.",与一定期间的利润表不同。,accounting; company; balance-sheet date,,balance-sheet date,"Oxford Dictionary of Law (10th ed., 2022), headword 'balance sheet', entry acref-9780192897497-e-332; source headword/sense checked against supplied EPUB; independent OpenLegalLexicon explanation",oxford10-332-s1,CC-BY-4.0,baseline_concept_review,Oxford,acref-9780192897497-e-332,black_alignment_pending,
bank holidays,法定银行假日,noun phrase,"employment,banking",UK,term,Days designated as banking or public holidays under the applicable legal arrangements.,不自动表示所有劳动者有带薪休假权。,employment; banking; bank holiday entitlement,,bank holiday entitlement,"Oxford Dictionary of Law (10th ed., 2022), headword 'bank holidays', entry acref-9780192897497-e-333; source headword/sense checked against supplied EPUB; independent OpenLegalLexicon explanation",oxford10-333-s1,CC-BY-4.0,needs_current_law_review,Oxford,acref-9780192897497-e-333,black_alignment_pending,
bankruptcy,个人破产,noun,insolvency,ENGLAND-WALES,term,A statutory insolvency process for an individual debtor under which an estate is administered for creditors.,与公司清算及 administration 分列理解。,insolvency; bankruptcy order,,bankruptcy order,"Oxford Dictionary of Law (10th ed., 2022), headword 'bankruptcy', entry acref-9780192897497-e-334; source headword/sense checked against supplied EPUB; independent OpenLegalLexicon explanation",oxford10-334-s1,CC-BY-4.0,needs_current_law_review,Oxford,acref-9780192897497-e-334,black_alignment_pending,
Banks v Goodfellow test,Banks v Goodfellow 遗嘱能力标准,noun phrase,succession,ENGLAND-WALES,cross_reference,See testamentary capacity.,保留来源的参照关系；参照目标是否已编写另行统计。,succession; cross-reference lookup,,,"Oxford Dictionary of Law (10th ed., 2022), headword 'Banks v Goodfellow test', entry acref-9780192897497-e-4943; cross-reference checked against supplied EPUB",oxford10-4943-s1,CC-BY-4.0,needs_current_law_review,Oxford,acref-9780192897497-e-4943,black_alignment_pending,testamentary capacity
banning order,禁止进入或参加的命令（足球语境）,noun phrase,criminal,UK,cross_reference,See football hooliganism.,保留来源的参照关系；参照目标是否已编写另行统计。,criminal; cross-reference lookup,,,"Oxford Dictionary of Law (10th ed., 2022), headword 'banning order', entry acref-9780192897497-e-335; cross-reference checked against supplied EPUB",oxford10-335-s1,CC-BY-4.0,needs_current_law_review,Oxford,acref-9780192897497-e-335,black_alignment_pending,football hooliganism
banns,教堂婚姻预告,plural noun,"family,ecclesiastical",ENGLAND-WALES,term,Public church announcements of an intended marriage under the ecclesiastical marriage procedure.,资格、期间与其他结婚方式待复核。,family; ecclesiastical; publication of banns,,publication of banns,"Oxford Dictionary of Law (10th ed., 2022), headword 'banns', entry acref-9780192897497-e-336; source headword/sense checked against supplied EPUB; independent OpenLegalLexicon explanation",oxford10-336-s1,CC-BY-4.0,needs_current_law_review,Oxford,acref-9780192897497-e-336,black_alignment_pending,
Bar,出庭律师职业群体,noun,legal_profession,ENGLAND-WALES,term,"Barristers collectively, including the professional body to which a person is admitted on call.",与小写 bar 的障碍义项区分。,legal profession; call to the Bar,,call to the Bar,"Oxford Dictionary of Law (10th ed., 2022), headword 'Bar', entry acref-9780192897497-e-338; source headword/sense checked against supplied EPUB; independent OpenLegalLexicon explanation",oxford10-338-s1,CC-BY-4.0,needs_current_law_review,Oxford,acref-9780192897497-e-338,black_alignment_pending,
bar,法律障碍；阻却事由,noun,procedure,COMMON-LAW,term,"An impediment preventing a claim, proceeding, or remedy from being maintained.",不是律师职业集体意义的 Bar。,procedure; bar to an action,,bar to an action,"Oxford Dictionary of Law (10th ed., 2022), headword 'bar', entry acref-9780192897497-e-337; source headword/sense checked against supplied EPUB; independent OpenLegalLexicon explanation",oxford10-337-s1,CC-BY-4.0,baseline_concept_review,Oxford,acref-9780192897497-e-337,black_alignment_pending,
bar,法庭席位界线,noun,legal_tradition,ENGLAND-WALES,term,The traditional dividing line separating specified court participants from other attendees.,此处为法院空间及礼仪用语。,legal tradition; at the bar of the court,,at the bar of the court,"Oxford Dictionary of Law (10th ed., 2022), headword 'bar', entry acref-9780192897497-e-337; source headword/sense checked against supplied EPUB; independent OpenLegalLexicon explanation",oxford10-337-s2,CC-BY-4.0,needs_current_law_review,Oxford,acref-9780192897497-e-337,black_alignment_pending,
bar,议院栏界,noun,"constitutional,legal_tradition",UK,term,A boundary in a parliamentary chamber beyond which persons without membership may not ordinarily pass.,程序权限和传统规则需复核。,constitutional; legal tradition; bar of the House,,bar of the House,"Oxford Dictionary of Law (10th ed., 2022), headword 'bar', entry acref-9780192897497-e-337; source headword/sense checked against supplied EPUB; independent OpenLegalLexicon explanation",oxford10-337-s3,CC-BY-4.0,needs_current_law_review,Oxford,acref-9780192897497-e-337,black_alignment_pending,
Bar Council,出庭律师公会理事会,noun phrase,legal_profession,ENGLAND-WALES,term,The representative body for barristers in England and Wales.,与负责监管的 Bar Standards Board 职能不同。,legal profession; General Council of the Bar,,General Council of the Bar,"Oxford Dictionary of Law (10th ed., 2022), headword 'Bar Council', entry acref-9780192897497-e-339; source headword/sense checked against supplied EPUB; independent OpenLegalLexicon explanation",oxford10-339-s1,CC-BY-4.0,needs_current_law_review,Oxford,acref-9780192897497-e-339,black_alignment_pending,
bare licensee,仅凭许可使用土地者,noun phrase,property,COMMON-LAW,term,A person permitted to use land without acquiring a proprietary interest through that permission alone.,撤回许可及退出期限依适用法。,property; bare licence to occupy,,bare licence to occupy,"Oxford Dictionary of Law (10th ed., 2022), headword 'bare licensee', entry acref-9780192897497-e-340; source headword/sense checked against supplied EPUB; independent OpenLegalLexicon explanation",oxford10-340-s1,CC-BY-4.0,baseline_concept_review,Oxford,acref-9780192897497-e-340,black_alignment_pending,
bare trust,单纯信托；裸信托,noun phrase,trusts,COMMON-LAW,term,A trust in which the trustee holds property for a beneficiary without substantive active management duties.,处分权及受益人能力条件仍需按规则判断。,trusts; bare trustee,naked trust; simple trust,bare trustee,"Oxford Dictionary of Law (10th ed., 2022), headword 'bare trust', entry acref-9780192897497-e-341; source headword/sense checked against supplied EPUB; independent OpenLegalLexicon explanation",oxford10-341-s1,CC-BY-4.0,baseline_concept_review,Oxford,acref-9780192897497-e-341,black_alignment_pending,
bareboat charter,光船租赁,noun phrase,maritime,INTERNATIONAL_TRANSACTIONAL,term,"A vessel-hire arrangement transferring possession and operational control to the charterer, who supplies the crew.",与 voyage charter 和 time charter 的通常安排区分。,maritime; demise charter,demise charter,demise charter,"Oxford Dictionary of Law (10th ed., 2022), headword 'bareboat charter', entry acref-9780192897497-e-4631; source headword/sense checked against supplied EPUB; independent OpenLegalLexicon explanation",oxford10-4631-s1,CC-BY-4.0,baseline_concept_review,Oxford,acref-9780192897497-e-4631,black_alignment_pending,
Barnett formula,巴尼特公式,noun phrase,public_finance,UK,term,A non-statutory mechanism relating changes in devolved public funding to changes in specified UK expenditure.,不是统一的全部财政支出分配公式。,public finance; Barnett consequential,,Barnett consequential,"Oxford Dictionary of Law (10th ed., 2022), headword 'Barnett formula', entry acref-9780192897497-e-4944; source headword/sense checked against supplied EPUB; independent OpenLegalLexicon explanation",oxford10-4944-s1,CC-BY-4.0,needs_current_law_review,Oxford,acref-9780192897497-e-4944,black_alignment_pending,
barratry,船长或船员恶意损害船东利益,noun,marine_insurance,COMMON-LAW,term,Wilful misconduct by a ship's master or crew prejudicing the owner or charterer.,海上保险承保效果依合同及适用法。,marine insurance; barratry by the master,,barratry by the master,"Oxford Dictionary of Law (10th ed., 2022), headword 'barratry', entry acref-9780192897497-e-342; source headword/sense checked against supplied EPUB; independent OpenLegalLexicon explanation",oxford10-342-s1,CC-BY-4.0,baseline_concept_review,Oxford,acref-9780192897497-e-342,black_alignment_pending,
barratry,反复煽动诉讼罪（历史）,noun,"criminal,legal_history",HISTORICAL,historical_reference,A former offence concerned with habitually stirring up legal disputes or litigation.,不应当作英格兰现行普通法罪名。,criminal; legal history; common barratry,,common barratry,"Oxford Dictionary of Law (10th ed., 2022), headword 'barratry', entry acref-9780192897497-e-342; source headword/sense checked against supplied EPUB; independent OpenLegalLexicon explanation",oxford10-342-s2,CC-BY-4.0,historical_reference_review,Oxford,acref-9780192897497-e-342,black_alignment_pending,
barring of entailed interest,限嗣权益解除,noun phrase,"property,legal_history",HISTORICAL,cross_reference,See entailed interest.,保留来源的参照关系；参照目标是否已编写另行统计。,property; legal history; cross-reference lookup,,,"Oxford Dictionary of Law (10th ed., 2022), headword 'barring of entailed interest', entry acref-9780192897497-e-343; cross-reference checked against supplied EPUB",oxford10-343-s1,CC-BY-4.0,historical_reference_review,Oxford,acref-9780192897497-e-343,black_alignment_pending,entailed interest
barrister,出庭律师,noun,legal_profession,ENGLAND-WALES,term,A lawyer called to the Bar within the barristers' professional and regulatory framework.,职责不只限于出庭；不能等同所有英国律师。,legal profession; practising barrister,,practising barrister,"Oxford Dictionary of Law (10th ed., 2022), headword 'barrister', entry acref-9780192897497-e-344; source headword/sense checked against supplied EPUB; independent OpenLegalLexicon explanation",oxford10-344-s1,CC-BY-4.0,needs_current_law_review,Oxford,acref-9780192897497-e-344,black_alignment_pending,
baseline,领海基线,noun,law_of_the_sea,INTERNATIONAL,term,The line from which the breadth of territorial sea and related maritime zones is measured.,正常基线及直线基线的条件不同。,law of the sea; straight baseline,,straight baseline,"Oxford Dictionary of Law (10th ed., 2022), headword 'baseline', entry acref-9780192897497-e-345; source headword/sense checked against supplied EPUB; independent OpenLegalLexicon explanation",oxford10-345-s1,CC-BY-4.0,needs_current_law_review,Oxford,acref-9780192897497-e-345,black_alignment_pending,
basic award,基本赔偿额（劳动法）,noun phrase,employment,UK,cross_reference,See compensation.,保留来源的参照关系；参照目标是否已编写另行统计。,employment; cross-reference lookup,,,"Oxford Dictionary of Law (10th ed., 2022), headword 'basic award', entry acref-9780192897497-e-346; cross-reference checked against supplied EPUB",oxford10-346-s1,CC-BY-4.0,needs_current_law_review,Oxford,acref-9780192897497-e-346,black_alignment_pending,compensation
basic intent,基本意图罪类,noun phrase,criminal,ENGLAND-WALES,term,A category used particularly in intoxication doctrine for offences not requiring the more specific intent of specific-intent offences.,不是所有主观要素均可简化为过失。,criminal; basic-intent offence,,basic-intent offence,"Oxford Dictionary of Law (10th ed., 2022), headword 'basic intent', entry acref-9780192897497-e-347; source headword/sense checked against supplied EPUB; independent OpenLegalLexicon explanation",oxford10-347-s1,CC-BY-4.0,needs_current_law_review,Oxford,acref-9780192897497-e-347,black_alignment_pending,
battered child,遭受身体虐待的儿童,noun phrase,family,UK,cross_reference,See child subjected to physical abuse.,保留来源的参照关系；参照目标是否已编写另行统计。,family; cross-reference lookup,,,"Oxford Dictionary of Law (10th ed., 2022), headword 'battered child', entry acref-9780192897497-e-348; cross-reference checked against supplied EPUB",oxford10-348-s1,CC-BY-4.0,needs_current_law_review,Oxford,acref-9780192897497-e-348,black_alignment_pending,child subjected to physical abuse
battered spouse,受虐配偶或同居伴侣,noun phrase,family,UK,cross_reference,See domestic violence.,保留来源的参照关系；参照目标是否已编写另行统计。,family; cross-reference lookup,battered cohabitant,,"Oxford Dictionary of Law (10th ed., 2022), headword 'battered spouse', entry acref-9780192897497-e-349; cross-reference checked against supplied EPUB",oxford10-349-s1,CC-BY-4.0,needs_current_law_review,Oxford,acref-9780192897497-e-349,black_alignment_pending,domestic violence
Battered Woman Syndrome,受虐妇女综合征,noun phrase,"criminal,evidence",COMMON-LAW,term,A described psychological pattern associated with sustained partner abuse that may be relevant to evidence or a defence.,不是独立、自动适用的免责抗辩。,criminal; evidence; expert evidence on prolonged abuse,,expert evidence on prolonged abuse,"Oxford Dictionary of Law (10th ed., 2022), headword 'Battered Woman Syndrome', entry acref-9780192897497-e-350; source headword/sense checked against supplied EPUB; independent OpenLegalLexicon explanation",oxford10-350-s1,CC-BY-4.0,needs_current_law_review,Oxford,acref-9780192897497-e-350,black_alignment_pending,
battery,非法身体接触侵害,noun,"criminal,tort",ENGLAND-WALES,term,Application of unlawful physical force to another with the mental element required by the applicable rule.,与不要求接触的 assault 区分；不必有严重伤害。,criminal; tort; assault and battery,,assault and battery,"Oxford Dictionary of Law (10th ed., 2022), headword 'battery', entry acref-9780192897497-e-351; source headword/sense checked against supplied EPUB; independent OpenLegalLexicon explanation",oxford10-351-s1,CC-BY-4.0,needs_current_law_review,Oxford,acref-9780192897497-e-351,black_alignment_pending,
bay,海湾（海洋法）,noun,law_of_the_sea,INTERNATIONAL,term,A coastal indentation satisfying the geographical and legal requirements relevant to maritime boundaries.,普通地理称谓不一定满足条约的 juridical bay 条件。,law of the sea; bay closing line,,bay closing line,"Oxford Dictionary of Law (10th ed., 2022), headword 'bay', entry acref-9780192897497-e-352; source headword/sense checked against supplied EPUB; independent OpenLegalLexicon explanation",oxford10-352-s1,CC-BY-4.0,needs_current_law_review,Oxford,acref-9780192897497-e-352,black_alignment_pending,
bearer,持票人；持有人,noun,negotiable_instruments,COMMON-LAW,term,The person possessing an instrument payable to bearer.,票据可流通性及善意保护另查。,negotiable instruments; payable to bearer,,payable to bearer,"Oxford Dictionary of Law (10th ed., 2022), headword 'bearer', entry acref-9780192897497-e-353; source headword/sense checked against supplied EPUB; independent OpenLegalLexicon explanation",oxford10-353-s1,CC-BY-4.0,baseline_concept_review,Oxford,acref-9780192897497-e-353,black_alignment_pending,
beauty contest,工会代表方案竞选,noun phrase,employment,UK,term,A selection exercise inviting unions to propose collective-representation arrangements to an employer.,此为劳动关系语境，不是一般商业招标。,employment; union beauty contest,,union beauty contest,"Oxford Dictionary of Law (10th ed., 2022), headword 'beauty contest', entry acref-9780192897497-e-354; source headword/sense checked against supplied EPUB; independent OpenLegalLexicon explanation",oxford10-354-s1,CC-BY-4.0,needs_current_law_review,Oxford,acref-9780192897497-e-354,black_alignment_pending,
bed and breakfasting,短期售回购税务安排,noun phrase,"tax,securities",UK,term,Selling an investment and repurchasing it shortly afterwards to realize a gain or loss for tax purposes.,现行配对及反避税规则需复核。,tax; securities; share sale and repurchase,,share sale and repurchase,"Oxford Dictionary of Law (10th ed., 2022), headword 'bed and breakfasting', entry acref-9780192897497-e-4387; source headword/sense checked against supplied EPUB; independent OpenLegalLexicon explanation",oxford10-4387-s1,CC-BY-4.0,needs_current_law_review,Oxford,acref-9780192897497-e-4387,black_alignment_pending,
Beddoe order,信托诉讼费用许可令,noun phrase,"trusts,procedure",ENGLAND-WALES,term,A court order authorizing trustees to pursue or defend litigation at the trust's expense.,不自动决定与对方之间的费用负担。,trusts; procedure; apply for a Beddoe order,,apply for a Beddoe order,"Oxford Dictionary of Law (10th ed., 2022), headword 'Beddoe order', entry acref-9780192897497-e-355; source headword/sense checked against supplied EPUB; independent OpenLegalLexicon explanation",oxford10-355-s1,CC-BY-4.0,needs_current_law_review,Oxford,acref-9780192897497-e-355,black_alignment_pending,
behaviour,离婚中的行为事实（旧制）,noun,"family,legal_history",HISTORICAL,historical_reference,A former matrimonial-law fact used to establish that a marriage had irretrievably broken down.,不得作为英国现行全部离婚程序的条件。,family; legal history; behaviour-based divorce petition,,behaviour-based divorce petition,"Oxford Dictionary of Law (10th ed., 2022), headword 'behaviour', entry acref-9780192897497-e-4945; source headword/sense checked against supplied EPUB; independent OpenLegalLexicon explanation",oxford10-4945-s1,CC-BY-4.0,historical_reference_review,Oxford,acref-9780192897497-e-4945,black_alignment_pending,
"belligerent communities, recognition of",对交战团体的承认,noun phrase,public_international_law,INTERNATIONAL,term,Recognition that an organized group in an internal conflict has the status relevant to belligerency rules.,不是承认其为独立国家。,public international law; recognition of belligerency,,recognition of belligerency,"Oxford Dictionary of Law (10th ed., 2022), headword 'belligerent communities, recognition of', entry acref-9780192897497-e-356; source headword/sense checked against supplied EPUB; independent OpenLegalLexicon explanation",oxford10-356-s1,CC-BY-4.0,baseline_concept_review,Oxford,acref-9780192897497-e-356,black_alignment_pending,
bench,法官席,noun,legal_tradition,COMMON-LAW,term,The place in court occupied by the judge or judges.,与 Bar 的律师席位及职业群体区分。,legal tradition; from the bench,,from the bench,"Oxford Dictionary of Law (10th ed., 2022), headword 'bench', entry acref-9780192897497-e-357; source headword/sense checked against supplied EPUB; independent OpenLegalLexicon explanation",oxford10-357-s1,CC-BY-4.0,baseline_concept_review,Oxford,acref-9780192897497-e-357,black_alignment_pending,
bench,审判法官；司法职业群体,noun,legal_profession,COMMON-LAW,term,The judges sitting in a case or the judiciary collectively.,可指个案合议庭或整个司法职业。,legal profession; elevated to the bench,,elevated to the bench,"Oxford Dictionary of Law (10th ed., 2022), headword 'bench', entry acref-9780192897497-e-357; source headword/sense checked against supplied EPUB; independent OpenLegalLexicon explanation",oxford10-357-s2,CC-BY-4.0,baseline_concept_review,Oxford,acref-9780192897497-e-357,black_alignment_pending,
bench warrant,法院到案拘捕令,noun phrase,criminal_procedure,COMMON-LAW,term,"A warrant issued by a court for arrest, often following failure to attend or comply with an order.",签发事由和执行权限依适用法。,criminal procedure; issue a bench warrant,,issue a bench warrant,"Oxford Dictionary of Law (10th ed., 2022), headword 'bench warrant', entry acref-9780192897497-e-359; source headword/sense checked against supplied EPUB; independent OpenLegalLexicon explanation",oxford10-359-s1,CC-BY-4.0,baseline_concept_review,Oxford,acref-9780192897497-e-359,black_alignment_pending,
Benchers,律师学院管理委员,noun,legal_profession,ENGLAND-WALES,term,Senior members forming the governing body of an Inn of Court.,与所有任职法官不等同。,legal profession; Masters of the Bench,,Masters of the Bench,"Oxford Dictionary of Law (10th ed., 2022), headword 'Benchers', entry acref-9780192897497-e-358; source headword/sense checked against supplied EPUB; independent OpenLegalLexicon explanation",oxford10-358-s1,CC-BY-4.0,needs_current_law_review,Oxford,acref-9780192897497-e-358,black_alignment_pending,
beneficial interest,受益权益,noun phrase,"trusts,property",COMMON-LAW,term,An entitlement to the benefit of property distinct from the holder's legal title.,信托权益与税务最终受益人定义可能不同。,trusts; property; beneficial interest in land,,beneficial interest in land,"Oxford Dictionary of Law (10th ed., 2022), headword 'beneficial interest', entry acref-9780192897497-e-360; source headword/sense checked against supplied EPUB; independent OpenLegalLexicon explanation",oxford10-360-s1,CC-BY-4.0,baseline_concept_review,Oxford,acref-9780192897497-e-360,black_alignment_pending,
beneficial owner,实益所有人,noun phrase,property,COMMON-LAW,term,A person entitled to the benefit and enjoyment of property despite legal title being held elsewhere.,本义项不替代反洗钱和公司登记中的专门定义。,property; legal and beneficial ownership,,legal and beneficial ownership,"Oxford Dictionary of Law (10th ed., 2022), headword 'beneficial owner', entry acref-9780192897497-e-361; source headword/sense checked against supplied EPUB; independent OpenLegalLexicon explanation",oxford10-361-s1,CC-BY-4.0,baseline_concept_review,Oxford,acref-9780192897497-e-361,black_alignment_pending,
beneficiary,信托受益人,noun,trusts,COMMON-LAW,term,A person entitled to benefit under a trust.,与 trustee 的职责身份不同。,trusts; trust beneficiary,,trust beneficiary,"Oxford Dictionary of Law (10th ed., 2022), headword 'beneficiary', entry acref-9780192897497-e-362; source headword/sense checked against supplied EPUB; independent OpenLegalLexicon explanation",oxford10-362-s1,CC-BY-4.0,baseline_concept_review,Oxford,acref-9780192897497-e-362,black_alignment_pending,
beneficiary,遗嘱受益人,noun,succession,COMMON-LAW,term,A person entitled to a gift or benefit under a will.,与信托受益人分列。,succession; beneficiary under a will,,beneficiary under a will,"Oxford Dictionary of Law (10th ed., 2022), headword 'beneficiary', entry acref-9780192897497-e-362; source headword/sense checked against supplied EPUB; independent OpenLegalLexicon explanation",oxford10-362-s2,CC-BY-4.0,baseline_concept_review,Oxford,acref-9780192897497-e-362,black_alignment_pending,
beneficiary principle,信托受益人原则,noun phrase,trusts,COMMON-LAW,term,"The rule requiring an enforceable private trust to have persons capable of enforcing its obligations, subject to recognized exceptions.",慈善信托等例外需分别判断。,trusts; enforceable beneficiaries,,enforceable beneficiaries,"Oxford Dictionary of Law (10th ed., 2022), headword 'beneficiary principle', entry acref-9780192897497-e-363; source headword/sense checked against supplied EPUB; independent OpenLegalLexicon explanation",oxford10-363-s1,CC-BY-4.0,needs_current_law_review,Oxford,acref-9780192897497-e-363,black_alignment_pending,
benefits in kind,实物福利；非现金雇员利益,noun phrase,"tax,employment",UK,term,Non-cash goods or services provided in connection with employment and potentially subject to tax.,计税估值及豁免条件待复核。,tax; employment; taxable benefit in kind,,taxable benefit in kind,"Oxford Dictionary of Law (10th ed., 2022), headword 'benefits in kind', entry acref-9780192897497-e-364; source headword/sense checked against supplied EPUB; independent OpenLegalLexicon explanation",oxford10-364-s1,CC-BY-4.0,needs_current_law_review,Oxford,acref-9780192897497-e-364,black_alignment_pending,
benevolent purposes,公益善意目的,noun phrase,"trusts,charity",COMMON-LAW,term,Purposes benefiting the public in a broad sense without necessarily satisfying the legal test of charity.,不是所有 benevolent trusts 都是有效慈善信托。,trusts; charity; benevolent trust purpose,,benevolent trust purpose,"Oxford Dictionary of Law (10th ed., 2022), headword 'benevolent purposes', entry acref-9780192897497-e-365; source headword/sense checked against supplied EPUB; independent OpenLegalLexicon explanation",oxford10-365-s1,CC-BY-4.0,baseline_concept_review,Oxford,acref-9780192897497-e-365,black_alignment_pending,
Benjamin order,按推定受益人状态分配遗产的命令,noun phrase,succession,ENGLAND-WALES,term,An order permitting estate distribution on an assumption about an uncertain beneficiary's survival or whereabouts.,不当然永久消灭后来出现的受益人的全部权利。,succession; distribution under a Benjamin order,,distribution under a Benjamin order,"Oxford Dictionary of Law (10th ed., 2022), headword 'Benjamin order', entry acref-9780192897497-e-366; source headword/sense checked against supplied EPUB; independent OpenLegalLexicon explanation",oxford10-366-s1,CC-BY-4.0,needs_current_law_review,Oxford,acref-9780192897497-e-366,black_alignment_pending,
bequeath,以遗嘱遗赠动产,verb,succession,COMMON-LAW,term,To give personal property by will in the traditional distinction from devising land.,现代法规可能弱化动产不动产措辞区别。,succession; bequeath personal property,,bequeath personal property,"Oxford Dictionary of Law (10th ed., 2022), headword 'bequeath', entry acref-9780192897497-e-367; source headword/sense checked against supplied EPUB; independent OpenLegalLexicon explanation",oxford10-367-s1,CC-BY-4.0,baseline_concept_review,Oxford,acref-9780192897497-e-367,black_alignment_pending,
bequest,遗赠（传统动产义）,noun,succession,COMMON-LAW,term,A testamentary gift traditionally distinguished from a devise of land.,需结合遗嘱文本而非仅靠名称判断。,succession; pecuniary bequest,,pecuniary bequest,"Oxford Dictionary of Law (10th ed., 2022), headword 'bequest', entry acref-9780192897497-e-368; source headword/sense checked against supplied EPUB; independent OpenLegalLexicon explanation",oxford10-368-s1,CC-BY-4.0,baseline_concept_review,Oxford,acref-9780192897497-e-368,black_alignment_pending,
bereaved minor’s trust,失去父母的未成年子女信托,noun phrase,"tax,trusts",UK,term,A trust for a deceased person's minor child meeting specified inheritance-tax conditions.,年龄和受益条件为税法专门要求。,tax; trusts; bereaved-minor trust conditions,,bereaved-minor trust conditions,"Oxford Dictionary of Law (10th ed., 2022), headword 'bereaved minor’s trust', entry acref-9780192897497-e-4632; source headword/sense checked against supplied EPUB; independent OpenLegalLexicon explanation",oxford10-4632-s1,CC-BY-4.0,needs_current_law_review,Oxford,acref-9780192897497-e-4632,black_alignment_pending,
bereavement benefit,丧偶福利（旧制度用语）,noun phrase,social_security,UK,term,A benefit category historically providing support after a spouse or civil partner's death.,现行替代项目、申请期间及存量资格待复核。,social security; bereavement payment,,bereavement payment,"Oxford Dictionary of Law (10th ed., 2022), headword 'bereavement benefit', entry acref-9780192897497-e-369; source headword/sense checked against supplied EPUB; independent OpenLegalLexicon explanation",oxford10-369-s1,CC-BY-4.0,needs_current_law_review,Oxford,acref-9780192897497-e-369,black_alignment_pending,
"bereavement, damages for",死亡亲属精神损害赔偿,noun phrase,tort,ENGLAND-WALES,cross_reference,See fatal accidents.,保留来源的参照关系；参照目标是否已编写另行统计。,tort; cross-reference lookup,,,"Oxford Dictionary of Law (10th ed., 2022), headword 'bereavement, damages for', entry acref-9780192897497-e-370; cross-reference checked against supplied EPUB",oxford10-370-s1,CC-BY-4.0,needs_current_law_review,Oxford,acref-9780192897497-e-370,black_alignment_pending,fatal accidents
Berne Convention,伯尔尼公约,noun phrase,"intellectual_property,treaties",INTERNATIONAL,term,The international copyright treaty establishing protection standards for literary and artistic works.,不同修订文本及成员适用范围另查。,intellectual property; treaties; Berne Convention protection,,Berne Convention protection,"Oxford Dictionary of Law (10th ed., 2022), headword 'Berne Convention', entry acref-9780192897497-e-371; source headword/sense checked against supplied EPUB; independent OpenLegalLexicon explanation",oxford10-371-s1,CC-BY-4.0,needs_current_law_review,Oxford,acref-9780192897497-e-371,black_alignment_pending,
best interests,最佳利益（医疗能力法）,noun phrase,"medical,capacity",ENGLAND-WALES,term,The decision standard applied under capacity law when acting for a person who lacks the relevant decision-making capacity.,不是仅由医生个人决定；法定因素需复核。,medical; capacity; best-interests decision,,best-interests decision,"Oxford Dictionary of Law (10th ed., 2022), headword 'best interests', entry acref-9780192897497-e-4388; source headword/sense checked against supplied EPUB; independent OpenLegalLexicon explanation",oxford10-4388-s1,CC-BY-4.0,needs_current_law_review,Oxford,acref-9780192897497-e-4388,black_alignment_pending,
best interests,儿童最佳利益（参照）,noun phrase,family,UK,cross_reference,See welfare principle (child-related decisions).,保留 Oxford 家庭法参照义项。,family; child's best interests,,child's best interests,"Oxford Dictionary of Law (10th ed., 2022), headword 'best interests', entry acref-9780192897497-e-4388; source headword/sense checked against supplied EPUB; independent OpenLegalLexicon explanation",oxford10-4388-s2,CC-BY-4.0,needs_current_law_review,Oxford,acref-9780192897497-e-4388,black_alignment_pending,welfare principle
best value,最佳价值义务,noun phrase,local_government,UK,term,"A statutory duty requiring specified authorities to consider economy, efficiency, and effectiveness in their functions.",不等同采购价最低原则。,local government; best-value duty,,best-value duty,"Oxford Dictionary of Law (10th ed., 2022), headword 'best value', entry acref-9780192897497-e-373; source headword/sense checked against supplied EPUB; independent OpenLegalLexicon explanation",oxford10-373-s1,CC-BY-4.0,needs_current_law_review,Oxford,acref-9780192897497-e-373,black_alignment_pending,
best-evidence rule,最佳证据规则,noun phrase,"evidence,legal_history",COMMON-LAW,term,"A traditional rule preferring the best available evidence, particularly an original document when proving its contents.",现代不同法域保留的规则和例外不相同。,evidence; legal history; original-document evidence,,original-document evidence,"Oxford Dictionary of Law (10th ed., 2022), headword 'best-evidence rule', entry acref-9780192897497-e-372; source headword/sense checked against supplied EPUB; independent OpenLegalLexicon explanation",oxford10-372-s1,CC-BY-4.0,needs_current_law_review,Oxford,acref-9780192897497-e-372,black_alignment_pending,
Beth Din,犹太宗教法庭,noun phrase,religious_law,UK,term,A Jewish religious tribunal that may also act through a legally recognized arbitration arrangement where applicable.,宗教决定不当然替代国家法院管辖。,religious law; Beth Din arbitration,,Beth Din arbitration,"Oxford Dictionary of Law (10th ed., 2022), headword 'Beth Din', entry acref-9780192897497-e-374; source headword/sense checked against supplied EPUB; independent OpenLegalLexicon explanation",oxford10-374-s1,CC-BY-4.0,needs_current_law_review,Oxford,acref-9780192897497-e-374,black_alignment_pending,
betting duty,博彩投注税,noun phrase,tax,UK,term,A tax imposed on specified betting business activity under the relevant revenue legislation.,税基、税率和具体 duty 种类待复核。,tax; general betting duty,,general betting duty,"Oxford Dictionary of Law (10th ed., 2022), headword 'betting duty', entry acref-9780192897497-e-4946; source headword/sense checked against supplied EPUB; independent OpenLegalLexicon explanation",oxford10-4946-s1,CC-BY-4.0,needs_current_law_review,Oxford,acref-9780192897497-e-4946,black_alignment_pending,
bias,偏颇；偏私,noun,public_law,COMMON-LAW,cross_reference,See natural justice.,保留来源的参照关系；参照目标是否已编写另行统计。,public law; cross-reference lookup,,,"Oxford Dictionary of Law (10th ed., 2022), headword 'bias', entry acref-9780192897497-e-375; cross-reference checked against supplied EPUB",oxford10-375-s1,CC-BY-4.0,cross_reference_review,Oxford,acref-9780192897497-e-375,black_alignment_pending,natural justice
bid,竞买报价,noun,sale,COMMON-LAW,cross_reference,See auction.,保留来源的参照关系；参照目标是否已编写另行统计。,sale; cross-reference lookup,,,"Oxford Dictionary of Law (10th ed., 2022), headword 'bid', entry acref-9780192897497-e-376; cross-reference checked against supplied EPUB",oxford10-376-s1,CC-BY-4.0,cross_reference_review,Oxford,acref-9780192897497-e-376,black_alignment_pending,auction
bigamy,重婚,noun,criminal,ENGLAND-WALES,term,"Going through a marriage ceremony while already legally married, subject to the applicable offence conditions and exceptions.",不直接等同中国法事实婚姻重婚的全部范围。,criminal; bigamy offence,,bigamy offence,"Oxford Dictionary of Law (10th ed., 2022), headword 'bigamy', entry acref-9780192897497-e-377; source headword/sense checked against supplied EPUB; independent OpenLegalLexicon explanation",oxford10-377-s1,CC-BY-4.0,needs_current_law_review,Oxford,acref-9780192897497-e-377,black_alignment_pending,
bilateral contract,双务合同,noun phrase,contracts,COMMON-LAW,term,A contract formed through reciprocal promises creating obligations on both sides.,与通过实际履行接受要约的 unilateral contract 区分。,contracts; bilateral contractual promises,synallagmatic contract,bilateral contractual promises,"Oxford Dictionary of Law (10th ed., 2022), headword 'bilateral contract', entry acref-9780192897497-e-378; source headword/sense checked against supplied EPUB; independent OpenLegalLexicon explanation",oxford10-378-s1,CC-BY-4.0,baseline_concept_review,Oxford,acref-9780192897497-e-378,black_alignment_pending,
bilateral discharge,双方合意解除未履行合同,noun phrase,contracts,COMMON-LAW,term,Mutual release from an executory contract supported by the parties' reciprocal relinquishment of obligations.,不同于单方终止权。,contracts; mutual discharge,,mutual discharge,"Oxford Dictionary of Law (10th ed., 2022), headword 'bilateral discharge', entry acref-9780192897497-e-379; source headword/sense checked against supplied EPUB; independent OpenLegalLexicon explanation",oxford10-379-s1,CC-BY-4.0,baseline_concept_review,Oxford,acref-9780192897497-e-379,black_alignment_pending,
bilateral investment treaty,双边投资协定,noun phrase,"investment,treaties",INTERNATIONAL,term,A treaty between two states establishing rules for covered cross-border investments and associated protections.,不表示每份 BIT 都同样提供投资仲裁。,investment; treaties; BIT protection,BIT,BIT protection,"Oxford Dictionary of Law (10th ed., 2022), headword 'bilateral investment treaty', entry acref-9780192897497-e-4826; source headword/sense checked against supplied EPUB; independent OpenLegalLexicon explanation",oxford10-4826-s1,CC-BY-4.0,baseline_concept_review,Oxford,acref-9780192897497-e-4826,black_alignment_pending,
Bill,法案,noun,legislation,UK,term,A proposal for primary legislation proceeding through the parliamentary enactment process.,通过后的 Act 与提出中的 Bill 区分。,legislation; public Bill,,public Bill,"Oxford Dictionary of Law (10th ed., 2022), headword 'Bill', entry acref-9780192897497-e-381; source headword/sense checked against supplied EPUB; independent OpenLegalLexicon explanation",oxford10-381-s1,CC-BY-4.0,needs_current_law_review,Oxford,acref-9780192897497-e-381,black_alignment_pending,
bill,法律文书,noun,documents,COMMON-LAW,term,"A designation for particular written instruments such as exchange, indictment, or lading documents.",须结合完整名称辨别功能。,documents; bill of lading,,bill of lading,"Oxford Dictionary of Law (10th ed., 2022), headword 'bill', entry acref-9780192897497-e-380; source headword/sense checked against supplied EPUB; independent OpenLegalLexicon explanation",oxford10-380-s1,CC-BY-4.0,baseline_concept_review,Oxford,acref-9780192897497-e-380,black_alignment_pending,
bill,应付款账单,noun,"legal_practice,finance",GENERAL,term,A written statement of an amount charged or owed.,与大写 Bill 的法案义项不同。,legal practice; finance; bill for legal services,,bill for legal services,"Oxford Dictionary of Law (10th ed., 2022), headword 'bill', entry acref-9780192897497-e-380; source headword/sense checked against supplied EPUB; independent OpenLegalLexicon explanation",oxford10-380-s2,CC-BY-4.0,baseline_concept_review,Oxford,acref-9780192897497-e-380,black_alignment_pending,
bill of costs,律师费用账单,noun phrase,legal_practice,ENGLAND-WALES,term,An itemized statement of legal costs charged by a solicitor or submitted for costs assessment.,送达、评估和异议程序待复核。,legal practice; solicitor's bill of costs,,solicitor's bill of costs,"Oxford Dictionary of Law (10th ed., 2022), headword 'bill of costs', entry acref-9780192897497-e-382; source headword/sense checked against supplied EPUB; independent OpenLegalLexicon explanation",oxford10-382-s1,CC-BY-4.0,needs_current_law_review,Oxford,acref-9780192897497-e-382,black_alignment_pending,
bill of exchange,汇票,noun phrase,negotiable_instruments,UK,term,A signed written order directing another person to pay a specified sum in accordance with the applicable bill rules.,不要直接套用中国票据法全部形式要求。,negotiable instruments; draw a bill of exchange,,draw a bill of exchange,"Oxford Dictionary of Law (10th ed., 2022), headword 'bill of exchange', entry acref-9780192897497-e-383; source headword/sense checked against supplied EPUB; independent OpenLegalLexicon explanation",oxford10-383-s1,CC-BY-4.0,needs_current_law_review,Oxford,acref-9780192897497-e-383,black_alignment_pending,
bill of indictment,起诉书；正式控罪文书,noun phrase,criminal_procedure,ENGLAND-WALES,term,The formal indictment setting out charges for proceedings on indictment.,形成、签署及电子程序规则需复核。,criminal procedure; prefer a bill of indictment,,prefer a bill of indictment,"Oxford Dictionary of Law (10th ed., 2022), headword 'bill of indictment', entry acref-9780192897497-e-384; source headword/sense checked against supplied EPUB; independent OpenLegalLexicon explanation",oxford10-384-s1,CC-BY-4.0,needs_current_law_review,Oxford,acref-9780192897497-e-384,black_alignment_pending,
bill of lading,提单,noun phrase,maritime,INTERNATIONAL_TRANSACTIONAL,term,"A shipping document evidencing receipt of goods and carriage terms and, where applicable, functioning as a document of title.",不是所有运输单证均可转让或具有同样权利表征功能。,maritime; negotiable bill of lading,,negotiable bill of lading,"Oxford Dictionary of Law (10th ed., 2022), headword 'bill of lading', entry acref-9780192897497-e-385; source headword/sense checked against supplied EPUB; independent OpenLegalLexicon explanation",oxford10-385-s1,CC-BY-4.0,baseline_concept_review,Oxford,acref-9780192897497-e-385,black_alignment_pending,
bill of rights,权利法案；权利宣言,noun phrase,constitutional,GENERAL,term,An instrument setting out fundamental rights or constitutional protections.,英国1689文本与美国宪法修正案另有独立法域意义。,constitutional; constitutional bill of rights,,constitutional bill of rights,"Oxford Dictionary of Law (10th ed., 2022), headword 'bill of rights', entry acref-9780192897497-e-4633; source headword/sense checked against supplied EPUB; independent OpenLegalLexicon explanation",oxford10-4633-s1,CC-BY-4.0,baseline_concept_review,Oxford,acref-9780192897497-e-4633,black_alignment_pending,
bill of sale,动产转让或担保文书,noun phrase,secured_transactions,ENGLAND-WALES,term,A document transferring or charging goods under the relevant sale or security framework.,英国专门形式及登记制度待复核。,secured transactions; security bill of sale,,security bill of sale,"Oxford Dictionary of Law (10th ed., 2022), headword 'bill of sale', entry acref-9780192897497-e-386; source headword/sense checked against supplied EPUB; independent OpenLegalLexicon explanation",oxford10-386-s1,CC-BY-4.0,needs_current_law_review,Oxford,acref-9780192897497-e-386,black_alignment_pending,
bind over,命令保证守法或良好行为,verb,criminal_procedure,ENGLAND-WALES,term,To impose a court requirement to keep the peace or be of good behaviour on specified terms.,不等同定罪后任何缓刑。,criminal procedure; bind over to keep the peace,,bind over to keep the peace,"Oxford Dictionary of Law (10th ed., 2022), headword 'bind over', entry acref-9780192897497-e-387; source headword/sense checked against supplied EPUB; independent OpenLegalLexicon explanation",oxford10-387-s1,CC-BY-4.0,needs_current_law_review,Oxford,acref-9780192897497-e-387,black_alignment_pending,
Biodiversity Treaty,国家管辖范围外海洋生物多样性协定义项,noun phrase,"law_of_the_sea,treaties",INTERNATIONAL,term,"The marine biodiversity instrument concerning areas beyond national jurisdiction, described in the 2022 baseline as a treaty proposal.",不得沿用“拟议”状态当作现状；签署、生效及成员范围需核验。,law of the sea; treaties; BBNJ Agreement,,BBNJ Agreement,"Oxford Dictionary of Law (10th ed., 2022), headword 'Biodiversity Treaty', entry acref-9780192897497-e-4947; source headword/sense checked against supplied EPUB; independent OpenLegalLexicon explanation",oxford10-4947-s1,CC-BY-4.0,needs_current_law_review,Oxford,acref-9780192897497-e-4947,black_alignment_pending,
birth certificate,出生证明；出生登记认证副本,noun phrase,civil_registration,UK,term,An official certified record of registered birth particulars.,与亲子身份的最终法律认定不完全同义。,civil registration; certified birth certificate,,certified birth certificate,"Oxford Dictionary of Law (10th ed., 2022), headword 'birth certificate', entry acref-9780192897497-e-388; source headword/sense checked against supplied EPUB; independent OpenLegalLexicon explanation",oxford10-388-s1,CC-BY-4.0,needs_current_law_review,Oxford,acref-9780192897497-e-388,black_alignment_pending,
BIT,双边投资协定（缩写）,abbreviation,investment,INTERNATIONAL,abbreviation,Abbreviation for bilateral investment treaty.,展开限定于本义项；来源指向不等于目标概念已经完成现行法复核。,investment; cross-reference lookup,,,"Oxford Dictionary of Law (10th ed., 2022), headword 'BIT', entry acref-9780192897497-e-4827; cross-reference checked against supplied EPUB",oxford10-4827-s1,CC-BY-4.0,cross_reference_review,Oxford,acref-9780192897497-e-4827,black_alignment_pending,bilateral investment treaty
black cap,判处死刑时使用的黑帽（历史）,noun phrase,legal_tradition,HISTORICAL,historical_reference,"A ceremonial cap historically worn by an English judge on specified solemn occasions, notably capital sentencing.",不是现代量刑程序要求。,legal tradition; judge's black cap,,judge's black cap,"Oxford Dictionary of Law (10th ed., 2022), headword 'black cap', entry acref-9780192897497-e-4634; source headword/sense checked against supplied EPUB; independent OpenLegalLexicon explanation",oxford10-4634-s1,CC-BY-4.0,historical_reference_review,Oxford,acref-9780192897497-e-4634,black_alignment_pending,
"Black Rod, Gentleman Usher of the",黑杖礼仪官（来源旧称）,noun phrase,"constitutional,legal_tradition",UK,term,An officer of the House of Lords with ceremonial and procedural duties associated with the black rod of office.,原书以 Gentleman 为词目；现任者及现行职位称谓需复核，不据此判断性别。,constitutional; legal tradition; Black Rod,Black Rod (source title; current title requires review),Black Rod,"Oxford Dictionary of Law (10th ed., 2022), headword 'Black Rod, Gentleman Usher of the', entry acref-9780192897497-e-391; source headword/sense checked against supplied EPUB; independent OpenLegalLexicon explanation",oxford10-391-s1,CC-BY-4.0,needs_current_law_review,Oxford,acref-9780192897497-e-391,black_alignment_pending,
blacklist,黑名单（工会劳动者语境）,noun,employment,UK,term,A list used to identify and potentially exclude workers associated with trade-union activity.,相关收集、使用和披露的禁止范围待复核。,employment; trade-union blacklist,,trade-union blacklist,"Oxford Dictionary of Law (10th ed., 2022), headword 'blacklist', entry acref-9780192897497-e-389; source headword/sense checked against supplied EPUB; independent OpenLegalLexicon explanation",oxford10-389-s1,CC-BY-4.0,needs_current_law_review,Oxford,acref-9780192897497-e-389,black_alignment_pending,
blackmail,勒索；敲诈,noun,criminal,ENGLAND-WALES,term,An unwarranted demand with menaces made with the required purpose of gain or loss.,具体要素与中国法敲诈勒索罪不同。,criminal; blackmail demand,,blackmail demand,"Oxford Dictionary of Law (10th ed., 2022), headword 'blackmail', entry acref-9780192897497-e-390; source headword/sense checked against supplied EPUB; independent OpenLegalLexicon explanation",oxford10-390-s1,CC-BY-4.0,needs_current_law_review,Oxford,acref-9780192897497-e-390,black_alignment_pending,
blasphemy,亵渎宗教（历史犯罪）,noun,"criminal,legal_history",HISTORICAL,historical_reference,A former offence protecting specified religious matters against legally defined insulting or contemptuous expression.,不能据此推断全世界或全 UK 的现行地位。,criminal; legal history; blasphemy offence,,blasphemy offence,"Oxford Dictionary of Law (10th ed., 2022), headword 'blasphemy', entry acref-9780192897497-e-392; source headword/sense checked against supplied EPUB; independent OpenLegalLexicon explanation",oxford10-392-s1,CC-BY-4.0,historical_reference_review,Oxford,acref-9780192897497-e-392,black_alignment_pending,
blight notice,规划受损土地收购请求通知,noun phrase,"planning,property",ENGLAND-WALES,term,A statutory notice requiring an authority to purchase qualifying land affected by prospective public acquisition or planning measures.,资格及反对程序待复核。,planning; property; serve a blight notice,,serve a blight notice,"Oxford Dictionary of Law (10th ed., 2022), headword 'blight notice', entry acref-9780192897497-e-393; source headword/sense checked against supplied EPUB; independent OpenLegalLexicon explanation",oxford10-393-s1,CC-BY-4.0,needs_current_law_review,Oxford,acref-9780192897497-e-393,black_alignment_pending,
blind trust,盲目信托,noun phrase,trusts,COMMON-LAW,term,A trust arrangement insulating the settlor-beneficiary from knowledge or control of investment decisions as agreed.,是否消除利益冲突需按具体规则判断。,trusts; blind-trust investments,,blind-trust investments,"Oxford Dictionary of Law (10th ed., 2022), headword 'blind trust', entry acref-9780192897497-e-394; source headword/sense checked against supplied EPUB; independent OpenLegalLexicon explanation",oxford10-394-s1,CC-BY-4.0,baseline_concept_review,Oxford,acref-9780192897497-e-394,black_alignment_pending,
block exemption,类别豁免,noun phrase,competition,EU,term,Exemption rules applying to categories of agreements satisfying prescribed competition-law conditions.,不得将旧版条例及市场份额门槛视为当前。,competition; block exemption regulation,,block exemption regulation,"Oxford Dictionary of Law (10th ed., 2022), headword 'block exemption', entry acref-9780192897497-e-396; source headword/sense checked against supplied EPUB; independent OpenLegalLexicon explanation",oxford10-396-s1,CC-BY-4.0,needs_current_law_review,Oxford,acref-9780192897497-e-396,black_alignment_pending,
block exemption,类别豁免,noun phrase,competition,UK,term,A UK competition exemption covering specified agreement categories on prescribed conditions.,与 EU 条例分列，脱欧后的国内框架需复核。,competition; UK block exemption order,,UK block exemption order,"Oxford Dictionary of Law (10th ed., 2022), headword 'block exemption', entry acref-9780192897497-e-396; source headword/sense checked against supplied EPUB; independent OpenLegalLexicon explanation",oxford10-396-s2,CC-BY-4.0,needs_current_law_review,Oxford,acref-9780192897497-e-396,black_alignment_pending,
blockade,封锁,noun,public_international_law,INTERNATIONAL,term,A belligerent operation preventing entry to or exit from an enemy coast or ports.,通知、有效性和人道法限制需复核。,public international law; naval blockade,,naval blockade,"Oxford Dictionary of Law (10th ed., 2022), headword 'blockade', entry acref-9780192897497-e-395; source headword/sense checked against supplied EPUB; independent OpenLegalLexicon explanation",oxford10-395-s1,CC-BY-4.0,needs_current_law_review,Oxford,acref-9780192897497-e-395,black_alignment_pending,
blood relationship,血亲关系,noun phrase,family,COMMON-LAW,cross_reference,See consanguinity.,保留来源的参照关系；参照目标是否已编写另行统计。,family; cross-reference lookup,,,"Oxford Dictionary of Law (10th ed., 2022), headword 'blood relationship', entry acref-9780192897497-e-397; cross-reference checked against supplied EPUB",oxford10-397-s1,CC-BY-4.0,cross_reference_review,Oxford,acref-9780192897497-e-397,black_alignment_pending,consanguinity
blood specimen,血样,noun phrase,road_traffic,UK,cross_reference,See specimen of blood.,保留来源的参照关系；参照目标是否已编写另行统计。,road traffic; cross-reference lookup,,,"Oxford Dictionary of Law (10th ed., 2022), headword 'blood specimen', entry acref-9780192897497-e-398; cross-reference checked against supplied EPUB",oxford10-398-s1,CC-BY-4.0,needs_current_law_review,Oxford,acref-9780192897497-e-398,black_alignment_pending,specimen of blood
blood test,亲子鉴定中的血液检验,noun phrase,"family,evidence",UK,term,Analysis of blood characteristics used in assessing biological parentage under the applicable evidence framework.,现代 DNA 技术及法院权限另查。,family; evidence; parentage testing,,parentage testing,"Oxford Dictionary of Law (10th ed., 2022), headword 'blood test', entry acref-9780192897497-e-399; source headword/sense checked against supplied EPUB; independent OpenLegalLexicon explanation",oxford10-399-s1,CC-BY-4.0,needs_current_law_review,Oxford,acref-9780192897497-e-399,black_alignment_pending,
blood test,刑事血样检测（参照）,noun phrase,criminal_procedure,UK,cross_reference,See specimen of blood.,保留来源第二义项参照。,criminal procedure; blood specimen analysis,,blood specimen analysis,"Oxford Dictionary of Law (10th ed., 2022), headword 'blood test', entry acref-9780192897497-e-399; source headword/sense checked against supplied EPUB; independent OpenLegalLexicon explanation",oxford10-399-s2,CC-BY-4.0,needs_current_law_review,Oxford,acref-9780192897497-e-399,black_alignment_pending,specimen of blood
blue bag,出庭律师蓝色袍服袋,noun phrase,legal_tradition,ENGLAND-WALES,term,A traditional bag associated with a barrister's robes and professional ceremonial practice.,文化术语，不是执业许可条件。,legal tradition; barrister's blue bag,,barrister's blue bag,"Oxford Dictionary of Law (10th ed., 2022), headword 'blue bag', entry acref-9780192897497-e-4389; source headword/sense checked against supplied EPUB; independent OpenLegalLexicon explanation",oxford10-4389-s1,CC-BY-4.0,needs_current_law_review,Oxford,acref-9780192897497-e-4389,black_alignment_pending,
bodily harm,身体伤害,noun phrase,criminal,ENGLAND-WALES,cross_reference,See actual bodily harm; assault; grievous bodily harm.,保留来源的参照关系；参照目标是否已编写另行统计。,criminal; cross-reference lookup,,,"Oxford Dictionary of Law (10th ed., 2022), headword 'bodily harm', entry acref-9780192897497-e-402; cross-reference checked against supplied EPUB",oxford10-402-s1,CC-BY-4.0,needs_current_law_review,Oxford,acref-9780192897497-e-402,black_alignment_pending,actual bodily harm; assault; grievous bodily harm
body corporate,法人团体,noun phrase,company,COMMON-LAW,cross_reference,See corporation.,保留来源的参照关系；参照目标是否已编写另行统计。,company; cross-reference lookup,,,"Oxford Dictionary of Law (10th ed., 2022), headword 'body corporate', entry acref-9780192897497-e-403; cross-reference checked against supplied EPUB",oxford10-403-s1,CC-BY-4.0,cross_reference_review,Oxford,acref-9780192897497-e-403,black_alignment_pending,corporation
boilerplate,合同通用条款文字,noun,legal_drafting,INTERNATIONAL_TRANSACTIONAL,term,Reusable drafting language for recurring contractual or documentary provisions.,通用并不等于无需个案审查。,legal drafting; boilerplate clause,,boilerplate clause,"Oxford Dictionary of Law (10th ed., 2022), headword 'boilerplate', entry acref-9780192897497-e-4390; source headword/sense checked against supplied EPUB; independent OpenLegalLexicon explanation",oxford10-4390-s1,CC-BY-4.0,baseline_concept_review,Oxford,acref-9780192897497-e-4390,black_alignment_pending,
boilerplate,可改用的格式文件,noun,legal_drafting,INTERNATIONAL_TRANSACTIONAL,term,A standard document form adapted for use across multiple transactions.,不是自动适合所有法域的完整合同。,legal drafting; boilerplate template,,boilerplate template,"Oxford Dictionary of Law (10th ed., 2022), headword 'boilerplate', entry acref-9780192897497-e-4390; source headword/sense checked against supplied EPUB; independent OpenLegalLexicon explanation",oxford10-4390-s2,CC-BY-4.0,baseline_concept_review,Oxford,acref-9780192897497-e-4390,black_alignment_pending,
Bolam test,博拉姆专业过失判断标准,noun phrase,"medical,tort",ENGLAND-WALES,term,"A professional-negligence approach assessing conduct by reference to a responsible body of professional opinion, subject to later qualifications.",不能忽略 Bolitho 及知情同意方面后续判例。,medical; tort; Bolam standard of care,,Bolam standard of care,"Oxford Dictionary of Law (10th ed., 2022), headword 'Bolam test', entry acref-9780192897497-e-4391; source headword/sense checked against supplied EPUB; independent OpenLegalLexicon explanation",oxford10-4391-s1,CC-BY-4.0,needs_current_law_review,Oxford,acref-9780192897497-e-4391,black_alignment_pending,
bomb hoax,炸弹虚假警报,noun phrase,criminal,UK,term,False information or deception inducing belief in a threatened explosion under the relevant offence provisions.,具体罪名及意图要求待复核。,criminal; bomb-hoax offence,,bomb-hoax offence,"Oxford Dictionary of Law (10th ed., 2022), headword 'bomb hoax', entry acref-9780192897497-e-404; source headword/sense checked against supplied EPUB; independent OpenLegalLexicon explanation",oxford10-404-s1,CC-BY-4.0,needs_current_law_review,Oxford,acref-9780192897497-e-404,black_alignment_pending,
bona vacantia,无主财产；归公财产,noun phrase,"property,succession",ENGLAND-WALES,term,Property lacking a private owner that passes to the Crown or another entitled recipient under the relevant rules.,不等同任何人均可先占；各法域归属不同。,property; succession; bona vacantia estate,,bona vacantia estate,"Oxford Dictionary of Law (10th ed., 2022), headword 'bona vacantia', entry acref-9780192897497-e-406; source headword/sense checked against supplied EPUB; independent OpenLegalLexicon explanation",oxford10-406-s1,CC-BY-4.0,needs_current_law_review,Oxford,acref-9780192897497-e-406,black_alignment_pending,
bond,附条件义务契据,noun,"documents,secured_transactions",COMMON-LAW,term,A formal obligation binding a person to performance or payment under the conditions of the instrument.,区别于资本市场债券。,documents; secured transactions; performance bond,,performance bond,"Oxford Dictionary of Law (10th ed., 2022), headword 'bond', entry acref-9780192897497-e-407; source headword/sense checked against supplied EPUB; independent OpenLegalLexicon explanation",oxford10-407-s1,CC-BY-4.0,baseline_concept_review,Oxford,acref-9780192897497-e-407,black_alignment_pending,
bond,债券,noun,securities,INTERNATIONAL_TRANSACTIONAL,term,A debt security recording an issuer's payment obligations to investors.,利率、期限、担保及可流通性以条款为准。,securities; issue bonds,,issue bonds,"Oxford Dictionary of Law (10th ed., 2022), headword 'bond', entry acref-9780192897497-e-407; source headword/sense checked against supplied EPUB; independent OpenLegalLexicon explanation",oxford10-407-s2,CC-BY-4.0,baseline_concept_review,Oxford,acref-9780192897497-e-407,black_alignment_pending,
bonus issue,红股发行；资本化发行,noun phrase,company,UK,term,An issue of additional shares to existing shareholders through capitalization rather than new cash subscription.,与分割股份及现金股息不同。,company; scrip issue,capitalization issue; scrip issue,scrip issue,"Oxford Dictionary of Law (10th ed., 2022), headword 'bonus issue', entry acref-9780192897497-e-408; source headword/sense checked against supplied EPUB; independent OpenLegalLexicon explanation",oxford10-408-s1,CC-BY-4.0,needs_current_law_review,Oxford,acref-9780192897497-e-408,black_alignment_pending,
books of account,账簿；会计记录,noun phrase,company,UK,term,Records explaining an entity's transactions and financial position and supporting preparation of its accounts.,保存义务和充分性标准待复核。,company; adequate accounting records,,adequate accounting records,"Oxford Dictionary of Law (10th ed., 2022), headword 'books of account', entry acref-9780192897497-e-409; source headword/sense checked against supplied EPUB; independent OpenLegalLexicon explanation",oxford10-409-s1,CC-BY-4.0,needs_current_law_review,Oxford,acref-9780192897497-e-409,black_alignment_pending,
borough,自治市；获自治市称号的区域,noun,local_government,ENGLAND-WALES,term,A municipal area or designation within the applicable local-government framework.,称号不必然对应旧法全部权限。,local government; borough council,,borough council,"Oxford Dictionary of Law (10th ed., 2022), headword 'borough', entry acref-9780192897497-e-410; source headword/sense checked against supplied EPUB; independent OpenLegalLexicon explanation",oxford10-410-s1,CC-BY-4.0,needs_current_law_review,Oxford,acref-9780192897497-e-410,black_alignment_pending,
borough court,自治市法院（历史）,noun phrase,legal_history,HISTORICAL,historical_reference,A former local court of record exercising civil jurisdiction in a borough.,不得视为英格兰现行法院类别。,legal history; borough court jurisdiction,,borough court jurisdiction,"Oxford Dictionary of Law (10th ed., 2022), headword 'borough court', entry acref-9780192897497-e-411; source headword/sense checked against supplied EPUB; independent OpenLegalLexicon explanation",oxford10-411-s1,CC-BY-4.0,historical_reference_review,Oxford,acref-9780192897497-e-411,black_alignment_pending,
borstal,博斯塔尔少年矫治机构（旧制）,noun,"sentencing,legal_history",HISTORICAL,historical_reference,A former institution for young offenders under an earlier custodial treatment system.,与现行 youth custody 制度区分。,sentencing; legal history; borstal training,,borstal training,"Oxford Dictionary of Law (10th ed., 2022), headword 'borstal', entry acref-9780192897497-e-412; source headword/sense checked against supplied EPUB; independent OpenLegalLexicon explanation",oxford10-412-s1,CC-BY-4.0,historical_reference_review,Oxford,acref-9780192897497-e-412,black_alignment_pending,
bottomry,船舶抵押借贷（旧海商制）,noun,"maritime,legal_history",HISTORICAL,cross_reference,See hypothecation.,保留来源的参照关系；参照目标是否已编写另行统计。,maritime; legal history; cross-reference lookup,,,"Oxford Dictionary of Law (10th ed., 2022), headword 'bottomry', entry acref-9780192897497-e-413; cross-reference checked against supplied EPUB",oxford10-413-s1,CC-BY-4.0,historical_reference_review,Oxford,acref-9780192897497-e-413,black_alignment_pending,hypothecation
boundary,国家疆界,noun,public_international_law,INTERNATIONAL,term,The legally relevant line marking the territorial limits of a state.,事实控制线与合法边界可能不同。,public international law; international boundary,,international boundary,"Oxford Dictionary of Law (10th ed., 2022), headword 'boundary', entry acref-9780192897497-e-414; source headword/sense checked against supplied EPUB; independent OpenLegalLexicon explanation",oxford10-414-s1,CC-BY-4.0,baseline_concept_review,Oxford,acref-9780192897497-e-414,black_alignment_pending,
boundary commissions,议会选区边界委员会,noun phrase,constitutional,UK,term,Independent bodies reviewing electoral constituency boundaries under the governing legislation.,各组成地区有分别的机构和规则。,constitutional; constituency boundary review,,constituency boundary review,"Oxford Dictionary of Law (10th ed., 2022), headword 'boundary commissions', entry acref-9780192897497-e-415; source headword/sense checked against supplied EPUB; independent OpenLegalLexicon explanation",oxford10-415-s1,CC-BY-4.0,needs_current_law_review,Oxford,acref-9780192897497-e-415,black_alignment_pending,
Bournewood gap,博恩伍德自由剥夺保障缺口,noun phrase,"mental_health,legal_history",ENGLAND-WALES,term,The historical gap in safeguards for compliant persons lacking capacity who were confined for care without formal detention procedures.,后续保障制度及实施改革需现行法复核。,mental health; legal history; deprivation-of-liberty safeguards,,deprivation-of-liberty safeguards,"Oxford Dictionary of Law (10th ed., 2022), headword 'Bournewood gap', entry acref-9780192897497-e-4392; source headword/sense checked against supplied EPUB; independent OpenLegalLexicon explanation",oxford10-4392-s1,CC-BY-4.0,needs_current_law_review,Oxford,acref-9780192897497-e-4392,black_alignment_pending,
brain death,脑死亡,noun phrase,medical,UK,term,A medically determined irreversible loss of the brain functions relevant to recognizing death under accepted clinical standards.,不得仅凭词典决定具体患者死亡或治疗终止。,medical; brainstem death determination,,brainstem death determination,"Oxford Dictionary of Law (10th ed., 2022), headword 'brain death', entry acref-9780192897497-e-4393; source headword/sense checked against supplied EPUB; independent OpenLegalLexicon explanation",oxford10-4393-s1,CC-BY-4.0,needs_current_law_review,Oxford,acref-9780192897497-e-4393,black_alignment_pending,
breach of close,侵入封闭土地,noun phrase,"property,tort",COMMON-LAW,term,Unauthorized entry onto another's land in the historical trespass terminology of a close.,不要求现代土地一定被围墙包围。,property; tort; trespass to a close,,trespass to a close,"Oxford Dictionary of Law (10th ed., 2022), headword 'breach of close', entry acref-9780192897497-e-416; source headword/sense checked against supplied EPUB; independent OpenLegalLexicon explanation",oxford10-416-s1,CC-BY-4.0,baseline_concept_review,Oxford,acref-9780192897497-e-416,black_alignment_pending,
breach of confidence,违反保密义务,noun phrase,"equity,confidentiality",ENGLAND-WALES,term,Unauthorized use or disclosure of information in circumstances attracting an obligation of confidence.,个人信息、商业秘密与 privacy 救济范围应分别理解。,equity; confidentiality; action for breach of confidence,,action for breach of confidence,"Oxford Dictionary of Law (10th ed., 2022), headword 'breach of confidence', entry acref-9780192897497-e-417; source headword/sense checked against supplied EPUB; independent OpenLegalLexicon explanation",oxford10-417-s1,CC-BY-4.0,needs_current_law_review,Oxford,acref-9780192897497-e-417,black_alignment_pending,
breach of confidence,违反保密禁令,noun phrase,"procedure,confidentiality",ENGLAND-WALES,term,Failure to comply with an injunction restraining disclosure of protected information.,程序后果与原始保密请求的责任不同。,procedure; confidentiality; breach of a confidentiality injunction,,breach of a confidentiality injunction,"Oxford Dictionary of Law (10th ed., 2022), headword 'breach of confidence', entry acref-9780192897497-e-417; source headword/sense checked against supplied EPUB; independent OpenLegalLexicon explanation",oxford10-417-s2,CC-BY-4.0,needs_current_law_review,Oxford,acref-9780192897497-e-417,black_alignment_pending,
breach of contract,违反合同,noun phrase,contracts,COMMON-LAW,term,"Failure to perform a contractual obligation, or conduct amounting to legally recognized repudiation.",不等于所有违约都赋予终止权。,contracts; repudiatory breach,,repudiatory breach,"Oxford Dictionary of Law (10th ed., 2022), headword 'breach of contract', entry acref-9780192897497-e-418; source headword/sense checked against supplied EPUB; independent OpenLegalLexicon explanation",oxford10-418-s1,CC-BY-4.0,baseline_concept_review,Oxford,acref-9780192897497-e-418,black_alignment_pending,
breach of privilege,违反议会特权,noun phrase,constitutional,UK,cross_reference,See parliamentary privilege.,保留来源的参照关系；参照目标是否已编写另行统计。,constitutional; cross-reference lookup,,,"Oxford Dictionary of Law (10th ed., 2022), headword 'breach of privilege', entry acref-9780192897497-e-419; cross-reference checked against supplied EPUB",oxford10-419-s1,CC-BY-4.0,needs_current_law_review,Oxford,acref-9780192897497-e-419,black_alignment_pending,parliamentary privilege
breach of statutory duty,违反法定义务,noun phrase,"tort,public_law",ENGLAND-WALES,term,"Non-compliance with a duty imposed by legislation, potentially carrying statutory or civil consequences.",不能推断每次违法均产生独立民事侵权请求。,tort; public law; action for breach of statutory duty,,action for breach of statutory duty,"Oxford Dictionary of Law (10th ed., 2022), headword 'breach of statutory duty', entry acref-9780192897497-e-420; source headword/sense checked against supplied EPUB; independent OpenLegalLexicon explanation",oxford10-420-s1,CC-BY-4.0,needs_current_law_review,Oxford,acref-9780192897497-e-420,black_alignment_pending,
breach of the peace,破坏安宁,noun phrase,policing,ENGLAND-WALES,term,A legally recognized situation involving actual or threatened harm that can trigger preventive powers.,与独立刑事罪名或一般噪声扰民不同。,policing; prevent a breach of the peace,,prevent a breach of the peace,"Oxford Dictionary of Law (10th ed., 2022), headword 'breach of the peace', entry acref-9780192897497-e-421; source headword/sense checked against supplied EPUB; independent OpenLegalLexicon explanation",oxford10-421-s1,CC-BY-4.0,needs_current_law_review,Oxford,acref-9780192897497-e-421,black_alignment_pending,
breach of trust,违反信托义务,noun phrase,trusts,COMMON-LAW,term,An act or omission inconsistent with a trustee's duties under the trust or governing law.,损害赔偿、返还与其他救济需分别判断。,trusts; trustee's breach of trust,,trustee's breach of trust,"Oxford Dictionary of Law (10th ed., 2022), headword 'breach of trust', entry acref-9780192897497-e-422; source headword/sense checked against supplied EPUB; independent OpenLegalLexicon explanation",oxford10-422-s1,CC-BY-4.0,baseline_concept_review,Oxford,acref-9780192897497-e-422,black_alignment_pending,
break clause,提前终止条款,noun phrase,"property,contracts",COMMON-LAW,term,A lease term allowing termination before the fixed term ends on prescribed conditions.,通知及条件满足标准可能严格。,property; contracts; exercise a break clause,,exercise a break clause,"Oxford Dictionary of Law (10th ed., 2022), headword 'break clause', entry acref-9780192897497-e-423; source headword/sense checked against supplied EPUB; independent OpenLegalLexicon explanation",oxford10-423-s1,CC-BY-4.0,baseline_concept_review,Oxford,acref-9780192897497-e-423,black_alignment_pending,
breakdown of marriage,婚姻破裂,noun phrase,family,UK,cross_reference,See marital breakdown.,保留来源的参照关系；参照目标是否已编写另行统计。,family; cross-reference lookup,,,"Oxford Dictionary of Law (10th ed., 2022), headword 'breakdown of marriage', entry acref-9780192897497-e-424; cross-reference checked against supplied EPUB",oxford10-424-s1,CC-BY-4.0,needs_current_law_review,Oxford,acref-9780192897497-e-424,black_alignment_pending,marital breakdown
breath specimen,呼气样本,noun phrase,road_traffic,UK,cross_reference,See specimen of breath.,保留来源的参照关系；参照目标是否已编写另行统计。,road traffic; cross-reference lookup,,,"Oxford Dictionary of Law (10th ed., 2022), headword 'breath specimen', entry acref-9780192897497-e-426; cross-reference checked against supplied EPUB",oxford10-426-s1,CC-BY-4.0,needs_current_law_review,Oxford,acref-9780192897497-e-426,black_alignment_pending,specimen of breath
breath test,呼气酒精测试,noun phrase,"road_traffic,criminal_procedure",UK,term,Testing breath for alcohol under the relevant traffic-enforcement powers.,要求测试的条件及拒绝后果待复核。,road traffic; criminal procedure; preliminary breath test,,preliminary breath test,"Oxford Dictionary of Law (10th ed., 2022), headword 'breath test', entry acref-9780192897497-e-427; source headword/sense checked against supplied EPUB; independent OpenLegalLexicon explanation",oxford10-427-s1,CC-BY-4.0,needs_current_law_review,Oxford,acref-9780192897497-e-427,black_alignment_pending,
breathalyser,呼气酒精检测装置,noun,road_traffic,UK,term,A device used to measure alcohol in breath for the applicable road-traffic testing process.,批准设备、初筛与证据检测不一定相同。,road traffic; approved breathalyser,,approved breathalyser,"Oxford Dictionary of Law (10th ed., 2022), headword 'breathalyser', entry acref-9780192897497-e-425; source headword/sense checked against supplied EPUB; independent OpenLegalLexicon explanation",oxford10-425-s1,CC-BY-4.0,needs_current_law_review,Oxford,acref-9780192897497-e-425,black_alignment_pending,
brewster sessions,酒类许可年度审理会议（旧制）,noun phrase,"licensing,legal_history",HISTORICAL,historical_reference,Traditional annual sittings of licensing justices for alcohol-licence matters.,现行地方许可制度另查。,licensing; legal history; brewster licensing sessions,,brewster licensing sessions,"Oxford Dictionary of Law (10th ed., 2022), headword 'brewster sessions', entry acref-9780192897497-e-428; source headword/sense checked against supplied EPUB; independent OpenLegalLexicon explanation",oxford10-428-s1,CC-BY-4.0,historical_reference_review,Oxford,acref-9780192897497-e-428,black_alignment_pending,
Brexit,英国退出欧盟,noun,"eu_law,constitutional",UK; EU,term,The UK's withdrawal from the European Union and the related legal transition.,退出事实与具体保留法、协议及后续政策须区分。,eu law; constitutional; post-Brexit legal framework,,post-Brexit legal framework,"Oxford Dictionary of Law (10th ed., 2022), headword 'Brexit', entry acref-9780192897497-e-4828; source headword/sense checked against supplied EPUB; independent OpenLegalLexicon explanation",oxford10-4828-s1,CC-BY-4.0,needs_current_law_review,Oxford,acref-9780192897497-e-4828,black_alignment_pending,
bribery,贿赂,noun,criminal,UK,term,"Offering, giving, requesting, or receiving an advantage in circumstances prohibited by the relevant bribery offences.",商业贿赂、外国公职人员及企业责任要件另查。,criminal; bribery offence,,bribery offence,"Oxford Dictionary of Law (10th ed., 2022), headword 'bribery', entry acref-9780192897497-e-429; source headword/sense checked against supplied EPUB; independent OpenLegalLexicon explanation",oxford10-429-s1,CC-BY-4.0,needs_current_law_review,Oxford,acref-9780192897497-e-429,black_alignment_pending,
bridleway,步行及骑马通行道路,noun,highways,ENGLAND-WALES,term,"A highway carrying the legally specified public rights of passage on foot and horseback, with any further rights set by law.",不等同允许所有机动车通行。,highways; public bridleway,,public bridleway,"Oxford Dictionary of Law (10th ed., 2022), headword 'bridleway', entry acref-9780192897497-e-430; source headword/sense checked against supplied EPUB; independent OpenLegalLexicon explanation",oxford10-430-s1,CC-BY-4.0,needs_current_law_review,Oxford,acref-9780192897497-e-430,black_alignment_pending,
brief,出庭律师委托案卷,noun,legal_practice,ENGLAND-WALES,term,The instructions and case materials supplied to counsel for a particular engagement.,与美国提交法院的 legal brief 不同。,legal practice; brief to counsel,,brief to counsel,"Oxford Dictionary of Law (10th ed., 2022), headword 'brief', entry acref-9780192897497-e-431; source headword/sense checked against supplied EPUB; independent OpenLegalLexicon explanation",oxford10-431-s1,CC-BY-4.0,needs_current_law_review,Oxford,acref-9780192897497-e-431,black_alignment_pending,
brief,出庭律师（口语）,noun,legal_language,ENGLAND-WALES,term,An informal expression for the barrister instructed in a case.,非正式职业称谓。,legal language; my brief,,my brief,"Oxford Dictionary of Law (10th ed., 2022), headword 'brief', entry acref-9780192897497-e-431; source headword/sense checked against supplied EPUB; independent OpenLegalLexicon explanation",oxford10-431-s2,CC-BY-4.0,needs_current_law_review,Oxford,acref-9780192897497-e-431,black_alignment_pending,
brief fee,承接出庭委托的基本费用,noun phrase,legal_practice,ENGLAND-WALES,term,Counsel's fee for accepting a brief and the work covered by the agreed engagement.,持续庭审日的 refresher fee 等可能另计。,legal practice; agree a brief fee,,agree a brief fee,"Oxford Dictionary of Law (10th ed., 2022), headword 'brief fee', entry acref-9780192897497-e-4635; source headword/sense checked against supplied EPUB; independent OpenLegalLexicon explanation",oxford10-4635-s1,CC-BY-4.0,needs_current_law_review,Oxford,acref-9780192897497-e-4635,black_alignment_pending,
bright line,明确可操作的法律界线,noun phrase,legal_method,GENERAL,term,A rule framed to give a clear threshold for deciding whether a legal condition is met.,明确不代表没有解释争议。,legal method; bright-line rule,,bright-line rule,"Oxford Dictionary of Law (10th ed., 2022), headword 'bright line', entry acref-9780192897497-e-4394; source headword/sense checked against supplied EPUB; independent OpenLegalLexicon explanation",oxford10-4394-s1,CC-BY-4.0,baseline_concept_review,Oxford,acref-9780192897497-e-4394,black_alignment_pending,
British citizenship,英国公民身份,noun phrase,nationality,UK,term,A statutory nationality status with the rights and qualifications assigned to British citizens.,取得、丧失及居留权规则待复核。,nationality; acquire British citizenship,,acquire British citizenship,"Oxford Dictionary of Law (10th ed., 2022), headword 'British citizenship', entry acref-9780192897497-e-432; source headword/sense checked against supplied EPUB; independent OpenLegalLexicon explanation",oxford10-432-s1,CC-BY-4.0,needs_current_law_review,Oxford,acref-9780192897497-e-432,black_alignment_pending,
British Commonwealth,英联邦,noun phrase,international_organizations,INTERNATIONAL,cross_reference,See Commonwealth.,保留来源的参照关系；参照目标是否已编写另行统计。,international organizations; cross-reference lookup,,,"Oxford Dictionary of Law (10th ed., 2022), headword 'British Commonwealth', entry acref-9780192897497-e-433; cross-reference checked against supplied EPUB",oxford10-433-s1,CC-BY-4.0,cross_reference_review,Oxford,acref-9780192897497-e-433,black_alignment_pending,Commonwealth
British National (Overseas),英国国民（海外）身份,noun phrase,nationality,UK,term,A nationality status associated with qualifying Hong Kong connections under the relevant statutory framework.,身份本身与特定签证、居留路径不同。,nationality; BN(O) status,,BN(O) status,"Oxford Dictionary of Law (10th ed., 2022), headword 'British National (Overseas)', entry acref-9780192897497-e-434; source headword/sense checked against supplied EPUB; independent OpenLegalLexicon explanation",oxford10-434-s1,CC-BY-4.0,needs_current_law_review,Oxford,acref-9780192897497-e-434,black_alignment_pending,
British Overseas citizenship,英国海外公民身份,noun phrase,nationality,UK,term,A distinct statutory British nationality category arising from the applicable nationality framework.,不能直接等同 British citizenship 或居留权。,nationality; British Overseas citizen,,British Overseas citizen,"Oxford Dictionary of Law (10th ed., 2022), headword 'British Overseas citizenship', entry acref-9780192897497-e-435; source headword/sense checked against supplied EPUB; independent OpenLegalLexicon explanation",oxford10-435-s1,CC-BY-4.0,needs_current_law_review,Oxford,acref-9780192897497-e-435,black_alignment_pending,
British Overseas Territories citizenship,英国海外领土公民身份,noun phrase,nationality,UK,term,A nationality status connected with qualifying British Overseas Territories.,与 British citizenship 的关系依法律及取得时间判断。,nationality; BOTC status,,BOTC status,"Oxford Dictionary of Law (10th ed., 2022), headword 'British Overseas Territories citizenship', entry acref-9780192897497-e-436; source headword/sense checked against supplied EPUB; independent OpenLegalLexicon explanation",oxford10-436-s1,CC-BY-4.0,needs_current_law_review,Oxford,acref-9780192897497-e-436,black_alignment_pending,
British protected person,英国受保护人身份,noun phrase,nationality,UK,term,A statutory status associated with specified historical protectorate or protected-territory connections.,权利及转换途径不得凭名称推定。,nationality; protected-person nationality status,,protected-person nationality status,"Oxford Dictionary of Law (10th ed., 2022), headword 'British protected person', entry acref-9780192897497-e-437; source headword/sense checked against supplied EPUB; independent OpenLegalLexicon explanation",oxford10-437-s1,CC-BY-4.0,needs_current_law_review,Oxford,acref-9780192897497-e-437,black_alignment_pending,
British subject,英国臣民身份,noun phrase,nationality,UK,term,A nationality-law status retained for persons within specified statutory categories.,不等同所有英国公民的通称。,nationality; British subject status,,British subject status,"Oxford Dictionary of Law (10th ed., 2022), headword 'British subject', entry acref-9780192897497-e-438; source headword/sense checked against supplied EPUB; independent OpenLegalLexicon explanation",oxford10-438-s1,CC-BY-4.0,needs_current_law_review,Oxford,acref-9780192897497-e-438,black_alignment_pending,
Broadmoor,布罗德莫尔高安全精神科医院,noun,"mental_health,institutions",ENGLAND-WALES,term,A named hospital providing high-security psychiatric services.,不是一般监狱或独立刑罚类型。,mental health; institutions; Broadmoor Hospital,,Broadmoor Hospital,"Oxford Dictionary of Law (10th ed., 2022), headword 'Broadmoor', entry acref-9780192897497-e-439; source headword/sense checked against supplied EPUB; independent OpenLegalLexicon explanation",oxford10-439-s1,CC-BY-4.0,needs_current_law_review,Oxford,acref-9780192897497-e-439,black_alignment_pending,
brothel,妓院；卖淫场所,noun,criminal,ENGLAND-WALES,term,Premises used for prostitution in circumstances relevant to the applicable offences and regulation.,定义及管理责任需复核，不能仅按经营名称判断。,criminal; keeping a brothel,,keeping a brothel,"Oxford Dictionary of Law (10th ed., 2022), headword 'brothel', entry acref-9780192897497-e-440; source headword/sense checked against supplied EPUB; independent OpenLegalLexicon explanation",oxford10-440-s1,CC-BY-4.0,needs_current_law_review,Oxford,acref-9780192897497-e-440,black_alignment_pending,
Brussels Convention,布鲁塞尔管辖与判决执行公约,noun phrase,"conflict_of_laws,treaties",EU; INTERNATIONAL,term,The 1968 convention establishing a framework for jurisdiction and recognition of civil and commercial judgments.,后续欧盟条例、退出及过渡适用另查。,conflict of laws; treaties; Brussels jurisdiction regime,,Brussels jurisdiction regime,"Oxford Dictionary of Law (10th ed., 2022), headword 'Brussels Convention', entry acref-9780192897497-e-441; source headword/sense checked against supplied EPUB; independent OpenLegalLexicon explanation",oxford10-441-s1,CC-BY-4.0,needs_current_law_review,Oxford,acref-9780192897497-e-441,black_alignment_pending,
brutum fulmen,无效威吓；无执行力裁判,phrase,legal_latin,LEGAL-LATIN,latin_reference,An expression for a threat or purported decree lacking effective legal force.,拉丁修辞，不构成独立无效规则。,legal latin; brutum fulmen judgment,,brutum fulmen judgment,"Oxford Dictionary of Law (10th ed., 2022), headword 'brutum fulmen', entry acref-9780192897497-e-4636; source headword/sense checked against supplied EPUB; independent OpenLegalLexicon explanation",oxford10-4636-s1,CC-BY-4.0,baseline_concept_review,Oxford,acref-9780192897497-e-4636,black_alignment_pending,
Bryan Treaties,布赖恩调查条约系列,noun phrase,"treaties,legal_history",HISTORICAL,historical_reference,A group of early twentieth-century treaties providing international inquiry mechanisms before specified disputes escalated.,各条约范围应按文本判断。,treaties; legal history; Bryan peace treaties,,Bryan peace treaties,"Oxford Dictionary of Law (10th ed., 2022), headword 'Bryan Treaties', entry acref-9780192897497-e-442; source headword/sense checked against supplied EPUB; independent OpenLegalLexicon explanation",oxford10-442-s1,CC-BY-4.0,historical_reference_review,Oxford,acref-9780192897497-e-442,black_alignment_pending,
Budget,政府预算,noun,public_finance,UK,cross_reference,See Chancellor of the Exchequer.,保留来源的参照关系；参照目标是否已编写另行统计。,public finance; cross-reference lookup,,,"Oxford Dictionary of Law (10th ed., 2022), headword 'Budget', entry acref-9780192897497-e-443; cross-reference checked against supplied EPUB",oxford10-443-s1,CC-BY-4.0,needs_current_law_review,Oxford,acref-9780192897497-e-443,black_alignment_pending,Chancellor of the Exchequer
buggery,鸡奸等性行为的旧刑法称谓,noun,"criminal,legal_history",HISTORICAL,historical_reference,A former offence label covering specified anal intercourse or bestiality in earlier criminal law.,词义及罪名沿革不代表现代行为均无法规制。,criminal; legal history; historical buggery offence,,historical buggery offence,"Oxford Dictionary of Law (10th ed., 2022), headword 'buggery', entry acref-9780192897497-e-444; source headword/sense checked against supplied EPUB; independent OpenLegalLexicon explanation",oxford10-444-s1,CC-BY-4.0,historical_reference_review,Oxford,acref-9780192897497-e-444,black_alignment_pending,
bugging,秘密电子监听,noun,criminal_procedure,UK,cross_reference,See electronic surveillance.,保留来源的参照关系；参照目标是否已编写另行统计。,criminal procedure; cross-reference lookup,,,"Oxford Dictionary of Law (10th ed., 2022), headword 'bugging', entry acref-9780192897497-e-445; cross-reference checked against supplied EPUB",oxford10-445-s1,CC-BY-4.0,needs_current_law_review,Oxford,acref-9780192897497-e-445,black_alignment_pending,electronic surveillance
building lease,附建造义务的土地租赁,noun phrase,property,COMMON-LAW,term,A lease requiring the tenant to construct specified buildings as part of the arrangement.,建造义务与租期开始时间依合同。,property; grant a building lease,,grant a building lease,"Oxford Dictionary of Law (10th ed., 2022), headword 'building lease', entry acref-9780192897497-e-446; source headword/sense checked against supplied EPUB; independent OpenLegalLexicon explanation",oxford10-446-s1,CC-BY-4.0,baseline_concept_review,Oxford,acref-9780192897497-e-446,black_alignment_pending,
building preservation notice,建筑保护临时通知,noun phrase,planning,ENGLAND-WALES,term,A local-authority notice applying temporary protection to a building considered suitable for listing and at risk.,期限、适用条件及后续程序待复核。,planning; serve a building preservation notice,,serve a building preservation notice,"Oxford Dictionary of Law (10th ed., 2022), headword 'building preservation notice', entry acref-9780192897497-e-447; source headword/sense checked against supplied EPUB; independent OpenLegalLexicon explanation",oxford10-447-s1,CC-BY-4.0,needs_current_law_review,Oxford,acref-9780192897497-e-447,black_alignment_pending,
building scheme,共同限制性契约开发方案,noun phrase,property,ENGLAND-WALES,term,A land-development arrangement with mutually enforceable restrictive covenants over defined plots.,不是所有统一开发项目均成立这种权利结构。,property; building-scheme covenants,,building-scheme covenants,"Oxford Dictionary of Law (10th ed., 2022), headword 'building scheme', entry acref-9780192897497-e-448; source headword/sense checked against supplied EPUB; independent OpenLegalLexicon explanation",oxford10-448-s1,CC-BY-4.0,needs_current_law_review,Oxford,acref-9780192897497-e-448,black_alignment_pending,
building society,建房互助金融社,noun phrase,banking,UK,term,A regulated mutual institution associated with mortgage lending and savings services under the building-society framework.,不是普通房地产开发公司。,banking; building society mortgage,,building society mortgage,"Oxford Dictionary of Law (10th ed., 2022), headword 'building society', entry acref-9780192897497-e-449; source headword/sense checked against supplied EPUB; independent OpenLegalLexicon explanation",oxford10-449-s1,CC-BY-4.0,needs_current_law_review,Oxford,acref-9780192897497-e-449,black_alignment_pending,
Bullock order,布洛克诉讼费用令,noun phrase,civil_procedure,ENGLAND-WALES,term,A costs order allowing a claimant to recover from an unsuccessful defendant costs payable to another successfully defended defendant.,与 Sanderson order 的支付结构区分。,civil procedure; Bullock costs order,,Bullock costs order,"Oxford Dictionary of Law (10th ed., 2022), headword 'Bullock order', entry acref-9780192897497-e-450; source headword/sense checked against supplied EPUB; independent OpenLegalLexicon explanation",oxford10-450-s1,CC-BY-4.0,needs_current_law_review,Oxford,acref-9780192897497-e-450,black_alignment_pending,
burden of proof,举证责任；证明责任,noun phrase,evidence,COMMON-LAW,term,The responsibility for establishing a fact or issue to the applicable standard of proof.,legal burden 与 evidential burden 分列语境理解。,evidence; discharge the burden of proof,,discharge the burden of proof,"Oxford Dictionary of Law (10th ed., 2022), headword 'burden of proof', entry acref-9780192897497-e-451; source headword/sense checked against supplied EPUB; independent OpenLegalLexicon explanation",oxford10-451-s1,CC-BY-4.0,needs_current_law_review,Oxford,acref-9780192897497-e-451,black_alignment_pending,
burglary,侵入建筑物实施特定犯罪,noun,criminal,ENGLAND-WALES,term,A statutory offence involving trespassory entry into a building with specified intent or specified subsequent conduct.,不必与中国法入户盗窃范围一致。,criminal; aggravated burglary,,aggravated burglary,"Oxford Dictionary of Law (10th ed., 2022), headword 'burglary', entry acref-9780192897497-e-452; source headword/sense checked against supplied EPUB; independent OpenLegalLexicon explanation",oxford10-452-s1,CC-BY-4.0,needs_current_law_review,Oxford,acref-9780192897497-e-452,black_alignment_pending,
business,经济活动（增值税语境）,noun,tax,UK,term,Activity treated as business or economic activity for the relevant VAT rules.,普通商业活动名称与税法测试不同。,tax; business activity for VAT,,business activity for VAT,"Oxford Dictionary of Law (10th ed., 2022), headword 'business', entry acref-9780192897497-e-453; source headword/sense checked against supplied EPUB; independent OpenLegalLexicon explanation",oxford10-453-s1,CC-BY-4.0,needs_current_law_review,Oxford,acref-9780192897497-e-453,black_alignment_pending,
business asset,企业资产（资本利得税减免语境）,noun phrase,tax,UK,term,An asset falling within the qualifying business-property categories for the relevant capital-gains relief.,资格和减免名称、限额需现行法复核。,tax; qualifying business asset,,qualifying business asset,"Oxford Dictionary of Law (10th ed., 2022), headword 'business asset', entry acref-9780192897497-e-454; source headword/sense checked against supplied EPUB; independent OpenLegalLexicon explanation",oxford10-454-s1,CC-BY-4.0,needs_current_law_review,Oxford,acref-9780192897497-e-454,black_alignment_pending,
business efficacy test,商业实效必要性测试,noun phrase,contracts,COMMON-LAW,term,An approach to implied terms asking whether a term is necessary to make the contract work as intended.,合理或方便并不自动等于必要。,contracts; imply a term for business efficacy,,imply a term for business efficacy,"Oxford Dictionary of Law (10th ed., 2022), headword 'business efficacy test', entry acref-9780192897497-e-4948; source headword/sense checked against supplied EPUB; independent OpenLegalLexicon explanation",oxford10-4948-s1,CC-BY-4.0,baseline_concept_review,Oxford,acref-9780192897497-e-4948,black_alignment_pending,
business liability,营业活动责任,noun phrase,"contracts,tort",UK,term,Liability arising from obligations or duties connected with business activity under the applicable statutory usage.,特别见于免责条款规制语境。,contracts; tort; business liability exclusion,,business liability exclusion,"Oxford Dictionary of Law (10th ed., 2022), headword 'business liability', entry acref-9780192897497-e-455; source headword/sense checked against supplied EPUB; independent OpenLegalLexicon explanation",oxford10-455-s1,CC-BY-4.0,needs_current_law_review,Oxford,acref-9780192897497-e-455,black_alignment_pending,
business name,营业名称,noun phrase,company,UK,term,The name under which a person or entity carries on business.,与公司注册名称和商标保护不完全同义。,company; restricted business name,,restricted business name,"Oxford Dictionary of Law (10th ed., 2022), headword 'business name', entry acref-9780192897497-e-456; source headword/sense checked against supplied EPUB; independent OpenLegalLexicon explanation",oxford10-456-s1,CC-BY-4.0,needs_current_law_review,Oxford,acref-9780192897497-e-456,black_alignment_pending,
business property relief,营业财产继承税减免,noun phrase,tax,UK,term,Inheritance-tax relief for property satisfying statutory business-property conditions.,比例、持有期和新法限额待复核。,tax; qualifying business property,,qualifying business property,"Oxford Dictionary of Law (10th ed., 2022), headword 'business property relief', entry acref-9780192897497-e-457; source headword/sense checked against supplied EPUB; independent OpenLegalLexicon explanation",oxford10-457-s1,CC-BY-4.0,needs_current_law_review,Oxford,acref-9780192897497-e-457,black_alignment_pending,
business tenancy,营业用房租赁,noun phrase,property,ENGLAND-WALES,term,A tenancy occupied for business purposes within the relevant commercial-tenancy framework.,续租保护、排除协议及终止条件待复核。,property; protected business tenancy,,protected business tenancy,"Oxford Dictionary of Law (10th ed., 2022), headword 'business tenancy', entry acref-9780192897497-e-458; source headword/sense checked against supplied EPUB; independent OpenLegalLexicon explanation",oxford10-458-s1,CC-BY-4.0,needs_current_law_review,Oxford,acref-9780192897497-e-458,black_alignment_pending,
buyer,买方,noun,sale,COMMON-LAW,term,A party undertaking to acquire goods and pay the agreed price under a sale contract.,产权与风险移转时点依规则和条款。,sale; buyer's obligations,,buyer's obligations,"Oxford Dictionary of Law (10th ed., 2022), headword 'buyer', entry acref-9780192897497-e-459; source headword/sense checked against supplied EPUB; independent OpenLegalLexicon explanation",oxford10-459-s1,CC-BY-4.0,baseline_concept_review,Oxford,acref-9780192897497-e-459,black_alignment_pending,
byelaw,地方规章；附属规则,noun,legislation,UK,term,A rule made by an authorized local or other body under delegated lawmaking powers.,不直接等同中国地方性法规。,legislation; make a byelaw,,make a byelaw,"Oxford Dictionary of Law (10th ed., 2022), headword 'byelaw', entry acref-9780192897497-e-460; source headword/sense checked against supplied EPUB; independent OpenLegalLexicon explanation",oxford10-460-s1,CC-BY-4.0,needs_current_law_review,Oxford,acref-9780192897497-e-460,black_alignment_pending,
Cabinet,内阁,noun,constitutional,UK,term,The senior ministerial body collectively directing government policy within the UK constitutional framework.,内阁与全部政府部长不等同。,constitutional; Cabinet collective responsibility,,Cabinet collective responsibility,"Oxford Dictionary of Law (10th ed., 2022), headword 'Cabinet', entry acref-9780192897497-e-461; source headword/sense checked against supplied EPUB; independent OpenLegalLexicon explanation",oxford10-461-s1,CC-BY-4.0,needs_current_law_review,Oxford,acref-9780192897497-e-461,black_alignment_pending,
Cabinet Office,内阁办公室,noun phrase,public_administration,UK,term,"The government department supporting the Prime Minister, Cabinet, and coordination of government functions.",现行部门职责分配需复核。,public administration; Cabinet Office functions,,Cabinet Office functions,"Oxford Dictionary of Law (10th ed., 2022), headword 'Cabinet Office', entry acref-9780192897497-e-4829; source headword/sense checked against supplied EPUB; independent OpenLegalLexicon explanation",oxford10-4829-s1,CC-BY-4.0,needs_current_law_review,Oxford,acref-9780192897497-e-4829,black_alignment_pending,
cabotage,境内运输服务；沿海运输,noun,transport,EU,term,Transport within one state performed by a carrier connected with another state under the relevant market-access rules.,不同运输方式及国际一般用语范围不同。,transport; road cabotage,,road cabotage,"Oxford Dictionary of Law (10th ed., 2022), headword 'cabotage', entry acref-9780192897497-e-462; source headword/sense checked against supplied EPUB; independent OpenLegalLexicon explanation",oxford10-462-s1,CC-BY-4.0,needs_current_law_review,Oxford,acref-9780192897497-e-462,black_alignment_pending,
CAC,中央仲裁委员会（缩写）,abbreviation,employment,UK,abbreviation,Abbreviation for Central Arbitration Committee.,展开限定于本义项；来源指向不等于目标概念已经完成现行法复核。,employment; cross-reference lookup,,,"Oxford Dictionary of Law (10th ed., 2022), headword 'CAC', entry acref-9780192897497-e-463; cross-reference checked against supplied EPUB",oxford10-463-s1,CC-BY-4.0,needs_current_law_review,Oxford,acref-9780192897497-e-463,black_alignment_pending,Central Arbitration Committee
Cafcass,儿童与家庭法院咨询支持服务机构,abbreviation,family,ENGLAND-WALES,abbreviation,Abbreviation for Children and Family Court Advisory and Support Service.,展开限定于本义项；来源指向不等于目标概念已经完成现行法复核。,family; cross-reference lookup,,,"Oxford Dictionary of Law (10th ed., 2022), headword 'Cafcass', entry acref-9780192897497-e-464; cross-reference checked against supplied EPUB",oxford10-464-s1,CC-BY-4.0,needs_current_law_review,Oxford,acref-9780192897497-e-464,black_alignment_pending,Children and Family Court Advisory and Support Service
Calderbank letter,卡尔德班克和解函,noun phrase,civil_procedure,ENGLAND-WALES,term,A settlement communication reserving its use on costs if the offer is not accepted and litigation continues.,与正式 Part 36 offer 的规则不同。,civil procedure; without prejudice save as to costs,Calderbank offer,without prejudice save as to costs,"Oxford Dictionary of Law (10th ed., 2022), headword 'Calderbank letter', entry acref-9780192897497-e-465; source headword/sense checked against supplied EPUB; independent OpenLegalLexicon explanation",oxford10-465-s1,CC-BY-4.0,needs_current_law_review,Oxford,acref-9780192897497-e-465,black_alignment_pending,
call,获授出庭律师资格,noun,legal_profession,ENGLAND-WALES,term,Admission to the Bar through the relevant Inn's call process.,call 本身与执业许可及完成培训要求不同。,legal profession; call to the Bar,,call to the Bar,"Oxford Dictionary of Law (10th ed., 2022), headword 'call', entry acref-9780192897497-e-466; source headword/sense checked against supplied EPUB; independent OpenLegalLexicon explanation",oxford10-466-s1,CC-BY-4.0,needs_current_law_review,Oxford,acref-9780192897497-e-466,black_alignment_pending,
call,催缴股份款,noun,company,UK,term,A demand for payment of an unpaid amount on shares under the company's governing rules.,与普通催收债务及股票期权的 call 不同。,company; call on shares,,call on shares,"Oxford Dictionary of Law (10th ed., 2022), headword 'call', entry acref-9780192897497-e-466; source headword/sense checked against supplied EPUB; independent OpenLegalLexicon explanation",oxford10-466-s2,CC-BY-4.0,needs_current_law_review,Oxford,acref-9780192897497-e-466,black_alignment_pending,
calling the jury,宣读入选陪审员名单,noun phrase,criminal_procedure,COMMON-LAW,term,Announcing the selected jurors as part of constituting the jury for a case.,选取、宣誓及异议程序另查。,criminal procedure; call the jury panel,,call the jury panel,"Oxford Dictionary of Law (10th ed., 2022), headword 'calling the jury', entry acref-9780192897497-e-467; source headword/sense checked against supplied EPUB; independent OpenLegalLexicon explanation",oxford10-467-s1,CC-BY-4.0,baseline_concept_review,Oxford,acref-9780192897497-e-467,black_alignment_pending,
Calvo clause,卡尔沃条款,noun phrase,"investment,public_international_law",INTERNATIONAL,term,A clause directing an investor to domestic remedies and limiting recourse to external diplomatic intervention as stated.,不能当然排除国家的国际法权利或条约仲裁。,investment; public international law; Calvo-clause undertaking,,Calvo-clause undertaking,"Oxford Dictionary of Law (10th ed., 2022), headword 'Calvo clause', entry acref-9780192897497-e-468; source headword/sense checked against supplied EPUB; independent OpenLegalLexicon explanation",oxford10-468-s1,CC-BY-4.0,needs_current_law_review,Oxford,acref-9780192897497-e-468,black_alignment_pending,
cancellation,撤销文件效力的衡平救济,noun,equity,COMMON-LAW,term,A judicial remedy neutralizing an instrument whose continued apparent operation could prejudice a person's rights.,与合同法定冷静期取消权不同。,equity; cancellation of an instrument,,cancellation of an instrument,"Oxford Dictionary of Law (10th ed., 2022), headword 'cancellation', entry acref-9780192897497-e-469; source headword/sense checked against supplied EPUB; independent OpenLegalLexicon explanation",oxford10-469-s1,CC-BY-4.0,baseline_concept_review,Oxford,acref-9780192897497-e-469,black_alignment_pending,
cancellation,法定合同取消权,noun,"consumer,contracts",UK,term,A right to withdraw from specified transactions within the conditions of the applicable cancellation regime.,不是所有合同均有无理由取消期。,consumer; contracts; consumer cancellation period,,consumer cancellation period,"Oxford Dictionary of Law (10th ed., 2022), headword 'cancellation', entry acref-9780192897497-e-469; source headword/sense checked against supplied EPUB; independent OpenLegalLexicon explanation",oxford10-469-s2,CC-BY-4.0,needs_current_law_review,Oxford,acref-9780192897497-e-469,black_alignment_pending,
cannabis,大麻,noun,"drugs,criminal",UK,term,A plant-derived substance regulated within the applicable controlled-drug and medicinal-product framework.,分类、产品及医疗例外须现行法复核。,drugs; criminal; controlled cannabis product,,controlled cannabis product,"Oxford Dictionary of Law (10th ed., 2022), headword 'cannabis', entry acref-9780192897497-e-470; source headword/sense checked against supplied EPUB; independent OpenLegalLexicon explanation",oxford10-470-s1,CC-BY-4.0,needs_current_law_review,Oxford,acref-9780192897497-e-470,black_alignment_pending,
cannon-shot rule,炮弹射程领海规则（历史）,noun phrase,"law_of_the_sea,legal_history",HISTORICAL,historical_reference,A historical approach measuring coastal sovereignty by the reach of shore-based cannon fire.,不能作为现代领海宽度标准。,law of the sea; legal history; historical cannon-shot limit,,historical cannon-shot limit,"Oxford Dictionary of Law (10th ed., 2022), headword 'cannon-shot rule', entry acref-9780192897497-e-471; source headword/sense checked against supplied EPUB; independent OpenLegalLexicon explanation",oxford10-471-s1,CC-BY-4.0,historical_reference_review,Oxford,acref-9780192897497-e-471,black_alignment_pending,
canon law,教会法,noun phrase,ecclesiastical,RELIGIOUS-LAW,term,Law governing a church's institutions and members within the relevant religious and domestic-law framework.,天主教与英格兰国教制度不同。,ecclesiastical; canonical rules,,canonical rules,"Oxford Dictionary of Law (10th ed., 2022), headword 'canon law', entry acref-9780192897497-e-473; source headword/sense checked against supplied EPUB; independent OpenLegalLexicon explanation",oxford10-473-s1,CC-BY-4.0,baseline_concept_review,Oxford,acref-9780192897497-e-473,black_alignment_pending,
canonical disability,教会法上的结婚障碍（性无能力）,noun phrase,"family,ecclesiastical",RELIGIOUS-LAW,cross_reference,See impotence.,保留来源的参照关系；参照目标是否已编写另行统计。,family; ecclesiastical; cross-reference lookup,,,"Oxford Dictionary of Law (10th ed., 2022), headword 'canonical disability', entry acref-9780192897497-e-472; cross-reference checked against supplied EPUB",oxford10-472-s1,CC-BY-4.0,cross_reference_review,Oxford,acref-9780192897497-e-472,black_alignment_pending,impotence
CAP,共同农业政策（缩写）,abbreviation,eu_law,EU,abbreviation,Abbreviation for Common Agricultural Policy.,展开限定于本义项；来源指向不等于目标概念已经完成现行法复核。,eu law; cross-reference lookup,,,"Oxford Dictionary of Law (10th ed., 2022), headword 'CAP', entry acref-9780192897497-e-474; cross-reference checked against supplied EPUB",oxford10-474-s1,CC-BY-4.0,needs_current_law_review,Oxford,acref-9780192897497-e-474,black_alignment_pending,Common Agricultural Policy
capacity of a child in criminal law,儿童刑事责任能力,noun phrase,criminal,COMMON-LAW,cross_reference,See doli capax.,保留来源的参照关系；参照目标是否已编写另行统计。,criminal; cross-reference lookup,,,"Oxford Dictionary of Law (10th ed., 2022), headword 'capacity of a child in criminal law', entry acref-9780192897497-e-475; cross-reference checked against supplied EPUB",oxford10-475-s1,CC-BY-4.0,cross_reference_review,Oxford,acref-9780192897497-e-475,black_alignment_pending,doli capax
capacity to consent to medical treatment,医疗同意能力,noun phrase,medical,COMMON-LAW,cross_reference,See competent patient; incompetent patient.,保留来源的参照关系；参照目标是否已编写另行统计。,medical; cross-reference lookup,,,"Oxford Dictionary of Law (10th ed., 2022), headword 'capacity to consent to medical treatment', entry acref-9780192897497-e-4396; cross-reference checked against supplied EPUB",oxford10-4396-s1,CC-BY-4.0,cross_reference_review,Oxford,acref-9780192897497-e-4396,black_alignment_pending,competent patient; incompetent patient
capacity to contract,缔约能力,noun phrase,contracts,COMMON-LAW,term,Legal competence to enter a binding contract under the rules applying to the person and transaction.,未成年人、能力障碍和公司权限问题应分别判断。,contracts; contractual capacity,,contractual capacity,"Oxford Dictionary of Law (10th ed., 2022), headword 'capacity to contract', entry acref-9780192897497-e-476; source headword/sense checked against supplied EPUB; independent OpenLegalLexicon explanation",oxford10-476-s1,CC-BY-4.0,baseline_concept_review,Oxford,acref-9780192897497-e-476,black_alignment_pending,
capias,拘取或执行协助令状（旧制）,noun,"procedure,legal_history",HISTORICAL; LEGAL-LATIN,historical_reference,A historical family of writs directing seizure or arrest in support of specified judicial procedures.,Oxford 所述旧令状不能当作英格兰现行通用执行措施。,procedure; legal history; writ of capias,,writ of capias,"Oxford Dictionary of Law (10th ed., 2022), headword 'capias', entry acref-9780192897497-e-477; source headword/sense checked against supplied EPUB; independent OpenLegalLexicon explanation",oxford10-477-s1,CC-BY-4.0,historical_reference_review,Oxford,acref-9780192897497-e-477,black_alignment_pending,
capital,债务资本（参照）,noun,finance,GENERAL,cross_reference,See loan capital.,保留来源第二义项指向。,finance; loan capital,,loan capital,"Oxford Dictionary of Law (10th ed., 2022), headword 'capital', entry acref-9780192897497-e-478; source headword/sense checked against supplied EPUB; independent OpenLegalLexicon explanation",oxford10-478-s2,CC-BY-4.0,cross_reference_review,Oxford,acref-9780192897497-e-478,black_alignment_pending,loan capital
capital,股本,noun,company,UK,term,The shareholder-contribution account or legally recognized capital represented by issued shares.,不应把股本数额等同公司现存全部资产。,company; share capital,,share capital,"Oxford Dictionary of Law (10th ed., 2022), headword 'capital', entry acref-9780192897497-e-478; source headword/sense checked against supplied EPUB; independent OpenLegalLexicon explanation",oxford10-478-s1,CC-BY-4.0,needs_current_law_review,Oxford,acref-9780192897497-e-478,black_alignment_pending,
capital allowance,资本支出税务扣除,noun phrase,tax,UK,term,A statutory deduction or allowance for qualifying capital expenditure used in a business.,与会计折旧及一般费用扣除不同。,tax; claim capital allowances,,claim capital allowances,"Oxford Dictionary of Law (10th ed., 2022), headword 'capital allowance', entry acref-9780192897497-e-479; source headword/sense checked against supplied EPUB; independent OpenLegalLexicon explanation",oxford10-479-s1,CC-BY-4.0,needs_current_law_review,Oxford,acref-9780192897497-e-479,black_alignment_pending,
capital asset,固定资本资产,noun phrase,"tax,accounting",GENERAL,cross_reference,See fixed asset.,保留来源的参照关系；参照目标是否已编写另行统计。,tax; accounting; cross-reference lookup,,,"Oxford Dictionary of Law (10th ed., 2022), headword 'capital asset', entry acref-9780192897497-e-4949; cross-reference checked against supplied EPUB",oxford10-4949-s1,CC-BY-4.0,cross_reference_review,Oxford,acref-9780192897497-e-4949,black_alignment_pending,fixed asset
capital gains tax,资本利得税,noun phrase,tax,UK,term,A tax on chargeable gains from disposals under the relevant tax framework.,主体、视同处分及减免范围需复核。,tax; chargeable capital gain,,chargeable capital gain,"Oxford Dictionary of Law (10th ed., 2022), headword 'capital gains tax', entry acref-9780192897497-e-480; source headword/sense checked against supplied EPUB; independent OpenLegalLexicon explanation",oxford10-480-s1,CC-BY-4.0,needs_current_law_review,Oxford,acref-9780192897497-e-480,black_alignment_pending,
capital money,土地信托本金款项,noun phrase,"trusts,property",ENGLAND-WALES,term,Money arising from dispositions or other dealings with land under the relevant trust or settlement rules.,收款人数、超越衡平权益及用途需查适用法。,trusts; property; capital money arising from land,,capital money arising from land,"Oxford Dictionary of Law (10th ed., 2022), headword 'capital money', entry acref-9780192897497-e-482; source headword/sense checked against supplied EPUB; independent OpenLegalLexicon explanation",oxford10-482-s1,CC-BY-4.0,needs_current_law_review,Oxford,acref-9780192897497-e-482,black_alignment_pending,
capital punishment,死刑,noun phrase,"criminal,constitutional",GENERAL,term,Death imposed as a criminal penalty under the jurisdiction's sentencing law.,英、美及其他国家的现行地位不可合并判断。,criminal; constitutional; death penalty,,death penalty,"Oxford Dictionary of Law (10th ed., 2022), headword 'capital punishment', entry acref-9780192897497-e-483; source headword/sense checked against supplied EPUB; independent OpenLegalLexicon explanation",oxford10-483-s1,CC-BY-4.0,needs_current_law_review,Oxford,acref-9780192897497-e-483,black_alignment_pending,
capital redemption reserve,资本赎回储备,noun phrase,company,UK,term,A reserve created under capital-maintenance rules in connection with specified redemptions or purchases of shares.,具体会计处理及使用限制待复核。,company; capital redemption reserve account,,capital redemption reserve account,"Oxford Dictionary of Law (10th ed., 2022), headword 'capital redemption reserve', entry acref-9780192897497-e-484; source headword/sense checked against supplied EPUB; independent OpenLegalLexicon explanation",oxford10-484-s1,CC-BY-4.0,needs_current_law_review,Oxford,acref-9780192897497-e-484,black_alignment_pending,
capitalization issue,资本化发行,noun phrase,company,UK,cross_reference,See bonus issue.,保留来源的参照关系；参照目标是否已编写另行统计。,company; cross-reference lookup,,,"Oxford Dictionary of Law (10th ed., 2022), headword 'capitalization issue', entry acref-9780192897497-e-481; cross-reference checked against supplied EPUB",oxford10-481-s1,CC-BY-4.0,needs_current_law_review,Oxford,acref-9780192897497-e-481,black_alignment_pending,bonus issue
capitulation,领事裁判权安排（历史）,noun,"public_international_law,legal_history",HISTORICAL,historical_reference,An extraterritorial arrangement giving foreign authorities jurisdiction over their nationals in another territory.,与军事投降分列。,public international law; legal history; historical capitulations,,historical capitulations,"Oxford Dictionary of Law (10th ed., 2022), headword 'capitulation', entry acref-9780192897497-e-485; source headword/sense checked against supplied EPUB; independent OpenLegalLexicon explanation",oxford10-485-s2,CC-BY-4.0,historical_reference_review,Oxford,acref-9780192897497-e-485,black_alignment_pending,
capitulation,附条件军事投降,noun,public_international_law,INTERNATIONAL,term,An agreement under which armed forces surrender on specified terms.,投降条件仍受国际人道法约束。,public international law; terms of capitulation,,terms of capitulation,"Oxford Dictionary of Law (10th ed., 2022), headword 'capitulation', entry acref-9780192897497-e-485; source headword/sense checked against supplied EPUB; independent OpenLegalLexicon explanation",oxford10-485-s1,CC-BY-4.0,needs_current_law_review,Oxford,acref-9780192897497-e-485,black_alignment_pending,
care and control,日常照护及控制权（旧称）,noun phrase,"family,legal_history",HISTORICAL,historical_reference,A former label for responsibility for a child's day-to-day physical care and supervision.,现代 child arrangements 制度不能只套用旧称。,family; legal history; care and control of a child,,care and control of a child,"Oxford Dictionary of Law (10th ed., 2022), headword 'care and control', entry acref-9780192897497-e-487; source headword/sense checked against supplied EPUB; independent OpenLegalLexicon explanation",oxford10-487-s1,CC-BY-4.0,historical_reference_review,Oxford,acref-9780192897497-e-487,black_alignment_pending,
care contact order,受照管儿童接触安排令,noun phrase,family,ENGLAND-WALES,term,An order regulating contact with a child subject to local-authority care under the applicable child-law provisions.,具体申请人、限制及授权条件待复核。,family; contact with a child in care,,contact with a child in care,"Oxford Dictionary of Law (10th ed., 2022), headword 'care contact order', entry acref-9780192897497-e-488; source headword/sense checked against supplied EPUB; independent OpenLegalLexicon explanation",oxford10-488-s1,CC-BY-4.0,needs_current_law_review,Oxford,acref-9780192897497-e-488,black_alignment_pending,
care order,儿童照管令,noun phrase,family,ENGLAND-WALES,term,A court order placing a child within the local authority's statutory care responsibilities.,门槛与 parental responsibility 分配须另查。,family; interim care order,,interim care order,"Oxford Dictionary of Law (10th ed., 2022), headword 'care order', entry acref-9780192897497-e-492; source headword/sense checked against supplied EPUB; independent OpenLegalLexicon explanation",oxford10-492-s1,CC-BY-4.0,needs_current_law_review,Oxford,acref-9780192897497-e-492,black_alignment_pending,
care plan,儿童照管计划,noun phrase,family,ENGLAND-WALES,term,A plan setting out proposed arrangements for a child whom a local authority is responsible for looking after.,计划内容和法院审查角色待复核。,family; local-authority care plan,,local-authority care plan,"Oxford Dictionary of Law (10th ed., 2022), headword 'care plan', entry acref-9780192897497-e-493; source headword/sense checked against supplied EPUB; independent OpenLegalLexicon explanation",oxford10-493-s1,CC-BY-4.0,needs_current_law_review,Oxford,acref-9780192897497-e-493,black_alignment_pending,
care proceedings,儿童照管程序,noun phrase,family,ENGLAND-WALES,term,Proceedings seeking a care order or associated child-protection relief.,不能直接等同中国监护权诉讼。,family; public-law care proceedings,,public-law care proceedings,"Oxford Dictionary of Law (10th ed., 2022), headword 'care proceedings', entry acref-9780192897497-e-494; source headword/sense checked against supplied EPUB; independent OpenLegalLexicon explanation",oxford10-494-s1,CC-BY-4.0,needs_current_law_review,Oxford,acref-9780192897497-e-494,black_alignment_pending,
Care Quality Commission for England,英格兰照护质量委员会,noun phrase,health_regulation,ENGLAND-WALES,term,The regulator for specified health and adult social-care services in England.,不能推定其管辖整个 UK。,health regulation; CQC registration,,CQC registration,"Oxford Dictionary of Law (10th ed., 2022), headword 'Care Quality Commission for England', entry acref-9780192897497-e-4397; source headword/sense checked against supplied EPUB; independent OpenLegalLexicon explanation",oxford10-4397-s1,CC-BY-4.0,needs_current_law_review,Oxford,acref-9780192897497-e-4397,black_alignment_pending,
Care Standards Tribunal,照护标准裁判所（历史机构）,noun phrase,"tribunals,legal_history",HISTORICAL,historical_reference,A former tribunal body hearing specified appeals concerning people or organizations working in care and child services.,现行继承职能及分庭名称另查。,tribunals; legal history; care-standards appeal,,care-standards appeal,"Oxford Dictionary of Law (10th ed., 2022), headword 'Care Standards Tribunal', entry acref-9780192897497-e-496; source headword/sense checked against supplied EPUB; independent OpenLegalLexicon explanation",oxford10-496-s1,CC-BY-4.0,historical_reference_review,Oxford,acref-9780192897497-e-496,black_alignment_pending,
careless and inconsiderate driving,疏忽或不顾他人的驾驶,noun phrase,"road_traffic,criminal",ENGLAND-WALES,term,Driving falling below the relevant due-care or consideration standards of the statutory traffic offence.,不是任何交通事故均证明该罪。,road traffic; criminal; driving without due care,,driving without due care,"Oxford Dictionary of Law (10th ed., 2022), headword 'careless and inconsiderate driving', entry acref-9780192897497-e-489; source headword/sense checked against supplied EPUB; independent OpenLegalLexicon explanation",oxford10-489-s1,CC-BY-4.0,needs_current_law_review,Oxford,acref-9780192897497-e-489,black_alignment_pending,
careless statement,过失失实陈述,noun phrase,tort,COMMON-LAW,cross_reference,See negligent misstatement.,保留来源的参照关系；参照目标是否已编写另行统计。,tort; cross-reference lookup,,,"Oxford Dictionary of Law (10th ed., 2022), headword 'careless statement', entry acref-9780192897497-e-490; cross-reference checked against supplied EPUB",oxford10-490-s1,CC-BY-4.0,cross_reference_review,Oxford,acref-9780192897497-e-490,black_alignment_pending,negligent misstatement
carer’s allowance,照护者津贴,noun phrase,social_security,UK,term,"A benefit for carers satisfying the applicable care, earnings, and other statutory conditions.",组成地区改革和现行资格需复核。,social security; claim carer's allowance,,claim carer's allowance,"Oxford Dictionary of Law (10th ed., 2022), headword 'carer’s allowance', entry acref-9780192897497-e-495; source headword/sense checked against supplied EPUB; independent OpenLegalLexicon explanation",oxford10-495-s1,CC-BY-4.0,needs_current_law_review,Oxford,acref-9780192897497-e-495,black_alignment_pending,
cargo,货物；载运货物,noun,"maritime,aviation",INTERNATIONAL_TRANSACTIONAL,term,"Goods carried by a vessel or aircraft, distinguished as required from passengers' personal baggage.",保险、运输及责任规则的专门定义可能不同。,maritime; aviation; cargo damage,,cargo damage,"Oxford Dictionary of Law (10th ed., 2022), headword 'cargo', entry acref-9780192897497-e-497; source headword/sense checked against supplied EPUB; independent OpenLegalLexicon explanation",oxford10-497-s1,CC-BY-4.0,baseline_concept_review,Oxford,acref-9780192897497-e-497,black_alignment_pending,
Carltona principle,卡尔托纳部长职权行使原则,noun phrase,public_law,ENGLAND-WALES,term,The principle permitting departmental officials to exercise ministerial functions as part of the minister's administrative organization where allowed.,不等于任何法定职权都可任意转授。,public law; ministerial function exercised by officials,,ministerial function exercised by officials,"Oxford Dictionary of Law (10th ed., 2022), headword 'Carltona principle', entry acref-9780192897497-e-4950; source headword/sense checked against supplied EPUB; independent OpenLegalLexicon explanation",oxford10-4950-s1,CC-BY-4.0,needs_current_law_review,Oxford,acref-9780192897497-e-4950,black_alignment_pending,
carriage of goods by air,航空货物运输,noun phrase,"transport,treaties",INTERNATIONAL_TRANSACTIONAL,term,Transport of goods by aircraft under a contract and the applicable domestic or international liability framework.,华沙、蒙特利尔及具体路线的适用应区分。,transport; treaties; air cargo carriage,,air cargo carriage,"Oxford Dictionary of Law (10th ed., 2022), headword 'carriage of goods by air', entry acref-9780192897497-e-498; source headword/sense checked against supplied EPUB; independent OpenLegalLexicon explanation",oxford10-498-s1,CC-BY-4.0,baseline_concept_review,Oxford,acref-9780192897497-e-498,black_alignment_pending,
carriageway,车行通行道路,noun,highways,ENGLAND-WALES,term,A highway over which the legally recognized rights of vehicular passage apply.,与 footpath、bridleway 的权利范围不同。,highways; public carriageway,,public carriageway,"Oxford Dictionary of Law (10th ed., 2022), headword 'carriageway', entry acref-9780192897497-e-499; source headword/sense checked against supplied EPUB; independent OpenLegalLexicon explanation",oxford10-499-s1,CC-BY-4.0,needs_current_law_review,Oxford,acref-9780192897497-e-499,black_alignment_pending,
carrier,承运人,noun,transport,INTERNATIONAL_TRANSACTIONAL,term,A person undertaking transport of persons or goods under the applicable carriage arrangement.,实际承运人、合同承运人及 common carrier 角色需区分。,transport; contracting carrier,,contracting carrier,"Oxford Dictionary of Law (10th ed., 2022), headword 'carrier', entry acref-9780192897497-e-500; source headword/sense checked against supplied EPUB; independent OpenLegalLexicon explanation",oxford10-500-s1,CC-BY-4.0,baseline_concept_review,Oxford,acref-9780192897497-e-500,black_alignment_pending,
carrier’s lien,承运人留置权,noun phrase,"transport,property",COMMON-LAW,term,A possessory right to retain carried goods pending payment of charges secured by the applicable lien.,范围、放弃及合同扩张规则另查。,transport; property; exercise a carrier's lien,,exercise a carrier's lien,"Oxford Dictionary of Law (10th ed., 2022), headword 'carrier’s lien', entry acref-9780192897497-e-501; source headword/sense checked against supplied EPUB; independent OpenLegalLexicon explanation",oxford10-501-s1,CC-BY-4.0,baseline_concept_review,Oxford,acref-9780192897497-e-501,black_alignment_pending,
cartel,卡特尔,noun,competition,EU; UK,term,"Coordination among competing businesses concerning matters such as prices, output, markets, or bids.",组织存在与法律禁止范围的要件需区分。,competition; price-fixing cartel,,price-fixing cartel,"Oxford Dictionary of Law (10th ed., 2022), headword 'cartel', entry acref-9780192897497-e-502; source headword/sense checked against supplied EPUB; independent OpenLegalLexicon explanation",oxford10-502-s1,CC-BY-4.0,needs_current_law_review,Oxford,acref-9780192897497-e-502,black_alignment_pending,
cartel,交战方交换或非敌对事务协定,noun,"public_international_law,legal_history",INTERNATIONAL,term,"An agreement between belligerents for specified non-hostile dealings, traditionally including prisoner exchanges.",与竞争法卡特尔同形异义。,public international law; legal history; prisoner-exchange cartel,,prisoner-exchange cartel,"Oxford Dictionary of Law (10th ed., 2022), headword 'cartel', entry acref-9780192897497-e-502; source headword/sense checked against supplied EPUB; independent OpenLegalLexicon explanation",oxford10-502-s2,CC-BY-4.0,baseline_concept_review,Oxford,acref-9780192897497-e-502,black_alignment_pending,
case,法院案件,noun,procedure,COMMON-LAW,term,An action or proceeding before a court or other adjudicative body.,与当事人的完整论证 case 分列。,procedure; hear a case,,hear a case,"Oxford Dictionary of Law (10th ed., 2022), headword 'case', entry acref-9780192897497-e-503; source headword/sense checked against supplied EPUB; independent OpenLegalLexicon explanation",oxford10-503-s1,CC-BY-4.0,baseline_concept_review,Oxford,acref-9780192897497-e-503,black_alignment_pending,
case,当事人的论证及证据立场,noun,procedure,COMMON-LAW,term,The factual and legal position advanced by a party in a dispute.,如 no case to answer 有专门程序含义。,procedure; present the claimant's case,,present the claimant's case,"Oxford Dictionary of Law (10th ed., 2022), headword 'case', entry acref-9780192897497-e-503; source headword/sense checked against supplied EPUB; independent OpenLegalLexicon explanation",oxford10-503-s3,CC-BY-4.0,baseline_concept_review,Oxford,acref-9780192897497-e-503,black_alignment_pending,
case,法律争议,noun,legal_language,GENERAL,term,A dispute presenting legal issues for resolution or advice.,不必已经起诉。,legal language; a disputed case,,a disputed case,"Oxford Dictionary of Law (10th ed., 2022), headword 'case', entry acref-9780192897497-e-503; source headword/sense checked against supplied EPUB; independent OpenLegalLexicon explanation",oxford10-503-s2,CC-BY-4.0,baseline_concept_review,Oxford,acref-9780192897497-e-503,black_alignment_pending,
case,案情之诉（旧诉式）,noun,legal_history,HISTORICAL,historical_reference,The historical common-law action on the case for wrongs falling outside specified older forms of action.,不可与所有现代案件一概对应。,legal history; action on the case,,action on the case,"Oxford Dictionary of Law (10th ed., 2022), headword 'case', entry acref-9780192897497-e-503; source headword/sense checked against supplied EPUB; independent OpenLegalLexicon explanation",oxford10-503-s4,CC-BY-4.0,historical_reference_review,Oxford,acref-9780192897497-e-503,black_alignment_pending,
case law,判例法,noun phrase,legal_method,COMMON-LAW,term,Law and legal principles developed or expressed in judicial decisions.,不是每份裁判都具有同样拘束力。,legal method; binding case law,,binding case law,"Oxford Dictionary of Law (10th ed., 2022), headword 'case law', entry acref-9780192897497-e-504; source headword/sense checked against supplied EPUB; independent OpenLegalLexicon explanation",oxford10-504-s1,CC-BY-4.0,baseline_concept_review,Oxford,acref-9780192897497-e-504,black_alignment_pending,
case management,案件管理,noun phrase,civil_procedure,ENGLAND-WALES,term,Judicial direction of a case's preparation and progress through appropriate procedural measures.,与实体裁判和当事人自行组织材料不同。,civil procedure; case-management directions,,case-management directions,"Oxford Dictionary of Law (10th ed., 2022), headword 'case management', entry acref-9780192897497-e-505; source headword/sense checked against supplied EPUB; independent OpenLegalLexicon explanation",oxford10-505-s1,CC-BY-4.0,needs_current_law_review,Oxford,acref-9780192897497-e-505,black_alignment_pending,
case management conference,案件管理会议,noun phrase,civil_procedure,ENGLAND-WALES,term,A hearing or conference reviewing preparation and setting directions for the progress of a case.,是否必须召开及程序内容待复核。,civil procedure; CMC directions,,CMC directions,"Oxford Dictionary of Law (10th ed., 2022), headword 'case management conference', entry acref-9780192897497-e-506; source headword/sense checked against supplied EPUB; independent OpenLegalLexicon explanation",oxford10-506-s1,CC-BY-4.0,needs_current_law_review,Oxford,acref-9780192897497-e-506,black_alignment_pending,
case stated,呈送法律问题的案情陈述,noun phrase,appeals,ENGLAND-WALES,term,A statement of found facts and legal questions submitted by an inferior adjudicator for determination by a competent reviewing court.,不是普通书面上诉理由。,appeals; appeal by case stated,,appeal by case stated,"Oxford Dictionary of Law (10th ed., 2022), headword 'case stated', entry acref-9780192897497-e-507; source headword/sense checked against supplied EPUB; independent OpenLegalLexicon explanation",oxford10-507-s1,CC-BY-4.0,needs_current_law_review,Oxford,acref-9780192897497-e-507,black_alignment_pending,
casus belli,开战事由,phrase,"public_international_law,legal_latin",LEGAL-LATIN; INTERNATIONAL,term,An event asserted as the occasion or justification for war.,描述事由不证明使用武力合法。,public international law; legal latin; claimed casus belli,,claimed casus belli,"Oxford Dictionary of Law (10th ed., 2022), headword 'casus belli', entry acref-9780192897497-e-508; source headword/sense checked against supplied EPUB; independent OpenLegalLexicon explanation",oxford10-508-s1,CC-BY-4.0,baseline_concept_review,Oxford,acref-9780192897497-e-508,black_alignment_pending,
casus foederis,同盟义务触发事由,phrase,"treaties,legal_latin",LEGAL-LATIN; INTERNATIONAL,term,The event triggering an ally's duty to provide assistance under an alliance agreement.,应以具体条约义务为准。,treaties; legal latin; alliance casus foederis,,alliance casus foederis,"Oxford Dictionary of Law (10th ed., 2022), headword 'casus foederis', entry acref-9780192897497-e-4637; source headword/sense checked against supplied EPUB; independent OpenLegalLexicon explanation",oxford10-4637-s1,CC-BY-4.0,baseline_concept_review,Oxford,acref-9780192897497-e-4637,black_alignment_pending,
casus omissus,法律未作规定的情形,phrase,"interpretation,legal_latin",LEGAL-LATIN,term,A situation left unprovided for by the relevant legal text or rule.,是否可由法院填补缺漏取决于解释权限。,interpretation; legal latin; casus omissus in a statute,,casus omissus in a statute,"Oxford Dictionary of Law (10th ed., 2022), headword 'casus omissus', entry acref-9780192897497-e-509; source headword/sense checked against supplied EPUB; independent OpenLegalLexicon explanation",oxford10-509-s1,CC-BY-4.0,baseline_concept_review,Oxford,acref-9780192897497-e-509,black_alignment_pending,
catching bargain,显失公平的利用性交易,noun phrase,"equity,contracts",COMMON-LAW,term,A transaction on grossly unfair terms falling within an applicable unconscionable-bargain doctrine.,不是所有低价交易均可撤销。,equity; contracts; unconscionable bargain,,unconscionable bargain,"Oxford Dictionary of Law (10th ed., 2022), headword 'catching bargain', entry acref-9780192897497-e-510; source headword/sense checked against supplied EPUB; independent OpenLegalLexicon explanation",oxford10-510-s1,CC-BY-4.0,baseline_concept_review,Oxford,acref-9780192897497-e-510,black_alignment_pending,
causa causans,实际起作用的原因；近因,phrase,"causation,legal_latin",LEGAL-LATIN,term,The operative or proximate cause distinguished from a merely necessary background condition.,具体近因测试依责任规则。,causation; legal latin; causa causans of damage,,causa causans of damage,"Oxford Dictionary of Law (10th ed., 2022), headword 'causa causans', entry acref-9780192897497-e-4638; source headword/sense checked against supplied EPUB; independent OpenLegalLexicon explanation",oxford10-4638-s1,CC-BY-4.0,baseline_concept_review,Oxford,acref-9780192897497-e-4638,black_alignment_pending,
causa sine qua non,不可或缺的原因,phrase,"legal_latin,causation",LEGAL-LATIN,cross_reference,See causation.,保留来源的参照关系；参照目标是否已编写另行统计。,legal latin; causation; cross-reference lookup,,,"Oxford Dictionary of Law (10th ed., 2022), headword 'causa sine qua non', entry acref-9780192897497-e-4399; cross-reference checked against supplied EPUB",oxford10-4399-s1,CC-BY-4.0,cross_reference_review,Oxford,acref-9780192897497-e-4399,black_alignment_pending,causation
causation,因果关系,noun,"tort,criminal",COMMON-LAW,term,The connection required between conduct and a consequence for the relevant liability or remedy.,事实因果与法律归责不同。,tort; criminal; factual and legal causation,,factual and legal causation,"Oxford Dictionary of Law (10th ed., 2022), headword 'causation', entry acref-9780192897497-e-513; source headword/sense checked against supplied EPUB; independent OpenLegalLexicon explanation",oxford10-513-s1,CC-BY-4.0,baseline_concept_review,Oxford,acref-9780192897497-e-513,black_alignment_pending,
cause,诉讼案件,noun,procedure,COMMON-LAW,term,A proceeding or matter brought before a court.,与 causation 的原因义项分列。,procedure; civil cause,,civil cause,"Oxford Dictionary of Law (10th ed., 2022), headword 'cause', entry acref-9780192897497-e-514; source headword/sense checked against supplied EPUB; independent OpenLegalLexicon explanation",oxford10-514-s1,CC-BY-4.0,baseline_concept_review,Oxford,acref-9780192897497-e-514,black_alignment_pending,
cause,原因（参照）,noun,causation,GENERAL,cross_reference,See causation.,保留来源第二义项参照。,causation; cause of damage,,cause of damage,"Oxford Dictionary of Law (10th ed., 2022), headword 'cause', entry acref-9780192897497-e-514; source headword/sense checked against supplied EPUB; independent OpenLegalLexicon explanation",oxford10-514-s2,CC-BY-4.0,cross_reference_review,Oxford,acref-9780192897497-e-514,black_alignment_pending,causation
Cause Book,案件登记簿,noun phrase,court_administration,ENGLAND-WALES,term,A court record of the issue and specified later procedural steps of claims.,电子系统及现行名称需复核。,court administration; entry in the Cause Book,,entry in the Cause Book,"Oxford Dictionary of Law (10th ed., 2022), headword 'Cause Book', entry acref-9780192897497-e-515; source headword/sense checked against supplied EPUB; independent OpenLegalLexicon explanation",oxford10-515-s1,CC-BY-4.0,needs_current_law_review,Oxford,acref-9780192897497-e-515,black_alignment_pending,
Cause List,案件排期表,noun phrase,court_administration,COMMON-LAW,term,A published list of cases scheduled for hearing before a court.,不是案件实体登记记录。,court administration; daily cause list,,daily cause list,"Oxford Dictionary of Law (10th ed., 2022), headword 'Cause List', entry acref-9780192897497-e-516; source headword/sense checked against supplied EPUB; independent OpenLegalLexicon explanation",oxford10-516-s1,CC-BY-4.0,baseline_concept_review,Oxford,acref-9780192897497-e-516,black_alignment_pending,
cause of action,诉因,noun phrase,civil_procedure,COMMON-LAW,term,The material facts and legal basis giving a person a right to bring a claim.,与请求权名称及救济形式不完全同义。,civil procedure; accrual of a cause of action,,accrual of a cause of action,"Oxford Dictionary of Law (10th ed., 2022), headword 'cause of action', entry acref-9780192897497-e-517; source headword/sense checked against supplied EPUB; independent OpenLegalLexicon explanation",oxford10-517-s1,CC-BY-4.0,baseline_concept_review,Oxford,acref-9780192897497-e-517,black_alignment_pending,
causing a child to watch a sexual act,使儿童观看性行为罪,noun phrase,criminal,ENGLAND-WALES,term,A statutory offence involving causing a child to observe sexual activity under prescribed age and purpose conditions.,年龄、意图及观察方式等要件需复核。,criminal; child sexual-observation offence,,child sexual-observation offence,"Oxford Dictionary of Law (10th ed., 2022), headword 'causing a child to watch a sexual act', entry acref-9780192897497-e-518; source headword/sense checked against supplied EPUB; independent OpenLegalLexicon explanation",oxford10-518-s1,CC-BY-4.0,needs_current_law_review,Oxford,acref-9780192897497-e-518,black_alignment_pending,
causing death by careless driving when under the influence of drink or drugs,酒精或药物影响下疏忽驾驶致死,noun phrase,"road_traffic,criminal",ENGLAND-WALES,term,A traffic homicide offence combining careless driving causing death with the specified drink-or-drug condition.,修复原索引漏掉 or drugs 的词目；全部要件及刑罚待复核。,road traffic; criminal; careless driving while impaired,,careless driving while impaired,"Oxford Dictionary of Law (10th ed., 2022), headword 'causing death by careless driving when under the influence of drink or drugs', entry acref-9780192897497-e-519; source headword/sense checked against supplied EPUB; independent OpenLegalLexicon explanation",oxford10-519-s1,CC-BY-4.0,needs_current_law_review,Oxford,acref-9780192897497-e-519,black_alignment_pending,
causing death by careless or inconsiderate driving,疏忽或不顾他人驾驶致死,noun phrase,"road_traffic,criminal",ENGLAND-WALES,term,A statutory offence where careless or inconsiderate driving causes another person's death.,不是 dangerous driving 罪的简单同义词。,road traffic; criminal; death by careless driving,,death by careless driving,"Oxford Dictionary of Law (10th ed., 2022), headword 'causing death by careless or inconsiderate driving', entry acref-9780192897497-e-4400; source headword/sense checked against supplied EPUB; independent OpenLegalLexicon explanation",oxford10-4400-s1,CC-BY-4.0,needs_current_law_review,Oxford,acref-9780192897497-e-4400,black_alignment_pending,
causing death by dangerous driving,危险驾驶致死,noun phrase,"road_traffic,criminal",ENGLAND-WALES,term,The statutory offence of causing death through driving that satisfies the dangerous-driving standard.,危险程度与疏忽驾驶分列。,road traffic; criminal; dangerous-driving homicide,,dangerous-driving homicide,"Oxford Dictionary of Law (10th ed., 2022), headword 'causing death by dangerous driving', entry acref-9780192897497-e-520; source headword/sense checked against supplied EPUB; independent OpenLegalLexicon explanation",oxford10-520-s1,CC-BY-4.0,needs_current_law_review,Oxford,acref-9780192897497-e-520,black_alignment_pending,
causing loss by unlawful means,以非法手段造成经济损失,noun phrase,tort,ENGLAND-WALES,term,Intentional infliction of economic loss through unlawful interference with a third party's dealings relevant to the claimant.,与引诱违约及一般违法侵权区分。,tort; unlawful-means tort,,unlawful-means tort,"Oxford Dictionary of Law (10th ed., 2022), headword 'causing loss by unlawful means', entry acref-9780192897497-e-4401; source headword/sense checked against supplied EPUB; independent OpenLegalLexicon explanation",oxford10-4401-s1,CC-BY-4.0,needs_current_law_review,Oxford,acref-9780192897497-e-4401,black_alignment_pending,
caution,警察权利及讯问警告,noun,criminal_procedure,ENGLAND-WALES,term,A warning informing a suspect of procedural rights and the possible evidential use of answers or silence.,不得照搬为所有法域统一的 Miranda warning。,criminal procedure; interview under caution,,interview under caution,"Oxford Dictionary of Law (10th ed., 2022), headword 'caution', entry acref-9780192897497-e-521; source headword/sense checked against supplied EPUB; independent OpenLegalLexicon explanation",oxford10-521-s1,CC-BY-4.0,needs_current_law_review,Oxford,acref-9780192897497-e-521,black_alignment_pending,
caution,警诫处分,noun,criminal_procedure,ENGLAND-WALES,term,A formal warning or out-of-court disposal whose requirements and consequences depend on the applicable caution regime.,旧版普通警告表述不足以说明现代全部处分规则。,criminal procedure; police caution disposal,,police caution disposal,"Oxford Dictionary of Law (10th ed., 2022), headword 'caution', entry acref-9780192897497-e-521; source headword/sense checked against supplied EPUB; independent OpenLegalLexicon explanation",oxford10-521-s2,CC-BY-4.0,needs_current_law_review,Oxford,acref-9780192897497-e-521,black_alignment_pending,
caution,登记土地异议预告（旧制）,noun,"land_registration,legal_history",HISTORICAL,historical_reference,A former registration entry requiring notification before specified dealings could be registered.,与现行 notice 及 first-registration caution 区分。,land registration; legal history; caution against dealings,,caution against dealings,"Oxford Dictionary of Law (10th ed., 2022), headword 'caution', entry acref-9780192897497-e-521; source headword/sense checked against supplied EPUB; independent OpenLegalLexicon explanation",oxford10-521-s3,CC-BY-4.0,historical_reference_review,Oxford,acref-9780192897497-e-521,black_alignment_pending,
caution against first registration,首次土地登记异议预告,noun phrase,land_registration,ENGLAND-WALES,term,An entry protecting a claimed interest in unregistered land through notification of an application for first registration.,不自身创设物权或证明实体产权。,land registration; lodge a caution against first registration,,lodge a caution against first registration,"Oxford Dictionary of Law (10th ed., 2022), headword 'caution against first registration', entry acref-9780192897497-e-522; source headword/sense checked against supplied EPUB; independent OpenLegalLexicon explanation",oxford10-522-s1,CC-BY-4.0,needs_current_law_review,Oxford,acref-9780192897497-e-522,black_alignment_pending,
caveat,预先异议通知；遗产认证异议登记,noun,"procedure,succession",ENGLAND-WALES,term,A formal notice requiring specified action to be withheld or notified pending an opportunity to object.,不同程序的期限与阻止效力不同。,procedure; succession; probate caveat,,probate caveat,"Oxford Dictionary of Law (10th ed., 2022), headword 'caveat', entry acref-9780192897497-e-523; source headword/sense checked against supplied EPUB; independent OpenLegalLexicon explanation",oxford10-523-s1,CC-BY-4.0,needs_current_law_review,Oxford,acref-9780192897497-e-523,black_alignment_pending,
caveat actor,行为人应谨慎,phrase,legal_latin,LEGAL-LATIN,latin_reference,A warning that the person acting should guard against the consequences of the act.,拉丁格言，不是独立责任规则。,legal latin; caveat actor,,caveat actor,"Oxford Dictionary of Law (10th ed., 2022), headword 'caveat actor', entry acref-9780192897497-e-524; source headword/sense checked against supplied EPUB; independent OpenLegalLexicon explanation",oxford10-524-s1,CC-BY-4.0,baseline_concept_review,Oxford,acref-9780192897497-e-524,black_alignment_pending,
caveat emptor,买者自慎,phrase,"sale,legal_latin",COMMON-LAW; LEGAL-LATIN,term,A traditional allocation of responsibility to the buyer to investigate defects not covered by the seller's duties.,现代担保、陈述及消费者保护可显著修正该原则。,sale; legal latin; caveat emptor principle,,caveat emptor principle,"Oxford Dictionary of Law (10th ed., 2022), headword 'caveat emptor', entry acref-9780192897497-e-525; source headword/sense checked against supplied EPUB; independent OpenLegalLexicon explanation",oxford10-525-s1,CC-BY-4.0,baseline_concept_review,Oxford,acref-9780192897497-e-525,black_alignment_pending,
caveat subscriptor,签署人应谨慎,phrase,"documents,legal_latin",LEGAL-LATIN,term,A maxim warning a signatory about the legal significance of signing a document.,不排除欺诈、无能力或其他有效抗辩。,documents; legal latin; caveat subscriptor,,caveat subscriptor,"Oxford Dictionary of Law (10th ed., 2022), headword 'caveat subscriptor', entry acref-9780192897497-e-526; source headword/sense checked against supplied EPUB; independent OpenLegalLexicon explanation",oxford10-526-s1,CC-BY-4.0,baseline_concept_review,Oxford,acref-9780192897497-e-526,black_alignment_pending,
caveat venditor,卖者自慎,phrase,"sale,legal_latin",LEGAL-LATIN,term,A maxim warning a seller to guard against obligations or risks arising from the sale.,不自动产生统一严格责任。,sale; legal latin; caveat venditor,,caveat venditor,"Oxford Dictionary of Law (10th ed., 2022), headword 'caveat venditor', entry acref-9780192897497-e-527; source headword/sense checked against supplied EPUB; independent OpenLegalLexicon explanation",oxford10-527-s1,CC-BY-4.0,baseline_concept_review,Oxford,acref-9780192897497-e-527,black_alignment_pending,
CBO,刑事行为令（缩写）,abbreviation,criminal,ENGLAND-WALES,abbreviation,Abbreviation for Criminal Behaviour Order.,展开限定于本义项；来源指向不等于目标概念已经完成现行法复核。,criminal; cross-reference lookup,,,"Oxford Dictionary of Law (10th ed., 2022), headword 'CBO', entry acref-9780192897497-e-4951; cross-reference checked against supplied EPUB",oxford10-4951-s1,CC-BY-4.0,needs_current_law_review,Oxford,acref-9780192897497-e-4951,black_alignment_pending,Criminal Behaviour Order
CCGs,临床委托服务集团（缩写、旧机构）,abbreviation,"health_regulation,legal_history",ENGLAND-WALES,abbreviation,Abbreviation for Clinical Commissioning Groups.,展开限定于本义项；来源指向不等于目标概念已经完成现行法复核。,health regulation; legal history; cross-reference lookup,,,"Oxford Dictionary of Law (10th ed., 2022), headword 'CCGs', entry acref-9780192897497-e-4639; cross-reference checked against supplied EPUB",oxford10-4639-s1,CC-BY-4.0,needs_current_law_review,Oxford,acref-9780192897497-e-4639,black_alignment_pending,Clinical Commissioning Groups
CCRC,刑事案件复核委员会（缩写）,abbreviation,criminal_procedure,UK,abbreviation,Abbreviation for Criminal Cases Review Commission.,展开限定于本义项；来源指向不等于目标概念已经完成现行法复核。,criminal procedure; cross-reference lookup,,,"Oxford Dictionary of Law (10th ed., 2022), headword 'CCRC', entry acref-9780192897497-e-4402; cross-reference checked against supplied EPUB",oxford10-4402-s1,CC-BY-4.0,needs_current_law_review,Oxford,acref-9780192897497-e-4402,black_alignment_pending,Criminal Cases Review Commission
CE,CE 合规标志,abbreviation,product_regulation,EU,abbreviation,A product marking indicating conformity with the EU requirements applicable to that product under the prescribed assessment process.,不是产品获得某一统一政府质量认证的证明。,product regulation; CE marking,CE marking,CE marking,"Oxford Dictionary of Law (10th ed., 2022), headword 'CE', entry acref-9780192897497-e-528; source headword/sense checked against supplied EPUB; independent OpenLegalLexicon explanation",oxford10-528-s1,CC-BY-4.0,needs_current_law_review,Oxford,acref-9780192897497-e-528,black_alignment_pending,
Central Arbitration Committee,中央仲裁委员会,noun phrase,employment,UK,term,"A statutory body with specified functions in collective labour relations, including matters allocated by recognition legislation.",具体职能及地区范围需复核。,employment; CAC recognition application,,CAC recognition application,"Oxford Dictionary of Law (10th ed., 2022), headword 'Central Arbitration Committee', entry acref-9780192897497-e-530; source headword/sense checked against supplied EPUB; independent OpenLegalLexicon explanation",oxford10-530-s1,CC-BY-4.0,needs_current_law_review,Oxford,acref-9780192897497-e-530,black_alignment_pending,
Central Criminal Court,中央刑事法院；老贝利法院,noun phrase,judicial_institutions,ENGLAND-WALES,term,The Crown Court centre in central London commonly known as the Old Bailey.,不是独立于 Crown Court 的全国最高刑事法院。,judicial institutions; trial at the Old Bailey,,trial at the Old Bailey,"Oxford Dictionary of Law (10th ed., 2022), headword 'Central Criminal Court', entry acref-9780192897497-e-531; source headword/sense checked against supplied EPUB; independent OpenLegalLexicon explanation",oxford10-531-s1,CC-BY-4.0,needs_current_law_review,Oxford,acref-9780192897497-e-531,black_alignment_pending,
Central Office,高级法院中央行政办公室,noun phrase,court_administration,ENGLAND-WALES,term,The administrative office associated with issuing and managing specified Senior Courts proceedings in London.,旧版组织和称谓的现代对应需复核。,court administration; issue proceedings through the Central Office,,issue proceedings through the Central Office,"Oxford Dictionary of Law (10th ed., 2022), headword 'Central Office', entry acref-9780192897497-e-532; source headword/sense checked against supplied EPUB; independent OpenLegalLexicon explanation",oxford10-532-s1,CC-BY-4.0,needs_current_law_review,Oxford,acref-9780192897497-e-532,black_alignment_pending,
certainty,合同确定性,noun,contracts,COMMON-LAW,term,Sufficient definiteness of contractual terms for the agreement to be given legal effect.,不是要求合同说明所有可能的履行情景。,contracts; certainty of terms,,certainty of terms,"Oxford Dictionary of Law (10th ed., 2022), headword 'certainty', entry acref-9780192897497-e-4830; source headword/sense checked against supplied EPUB; independent OpenLegalLexicon explanation",oxford10-4830-s1,CC-BY-4.0,baseline_concept_review,Oxford,acref-9780192897497-e-4830,black_alignment_pending,
certificate of incorporation,公司注册成立证书,noun phrase,company,UK,term,A certificate issued by the registrar confirming incorporation under the relevant company-registration scheme.,不证明公司具有一切行业经营许可。,company; company incorporation certificate,,company incorporation certificate,"Oxford Dictionary of Law (10th ed., 2022), headword 'certificate of incorporation', entry acref-9780192897497-e-533; source headword/sense checked against supplied EPUB; independent OpenLegalLexicon explanation",oxford10-533-s1,CC-BY-4.0,needs_current_law_review,Oxford,acref-9780192897497-e-533,black_alignment_pending,
certificates of readiness,审判准备就绪确认表,noun phrase,criminal_procedure,ENGLAND-WALES,term,Procedural confirmations by prosecution and defence concerning readiness for trial and outstanding issues.,现行表格名称及提交义务待复核。,criminal procedure; trial-readiness certificate,,trial-readiness certificate,"Oxford Dictionary of Law (10th ed., 2022), headword 'certificates of readiness', entry acref-9780192897497-e-4831; source headword/sense checked against supplied EPUB; independent OpenLegalLexicon explanation",oxford10-4831-s1,CC-BY-4.0,needs_current_law_review,Oxford,acref-9780192897497-e-4831,black_alignment_pending,
Certification Officer,工会及行业协会认证官,noun phrase,employment,UK,term,The statutory officer responsible for specified certification and regulatory functions relating to trade unions and employers' associations.,不是所有行业许可的通用官员。,employment; Certification Officer functions,,Certification Officer functions,"Oxford Dictionary of Law (10th ed., 2022), headword 'Certification Officer', entry acref-9780192897497-e-534; source headword/sense checked against supplied EPUB; independent OpenLegalLexicon explanation",oxford10-534-s1,CC-BY-4.0,needs_current_law_review,Oxford,acref-9780192897497-e-534,black_alignment_pending,
certiorari,撤销令的拉丁旧称,noun,"public_law,legal_latin",ENGLAND-WALES,cross_reference,See quashing order.,保留来源的参照关系；参照目标是否已编写另行统计。,public law; legal latin; cross-reference lookup,,,"Oxford Dictionary of Law (10th ed., 2022), headword 'certiorari', entry acref-9780192897497-e-535; cross-reference checked against supplied EPUB",oxford10-535-s1,CC-BY-4.0,needs_current_law_review,Oxford,acref-9780192897497-e-535,black_alignment_pending,quashing order
certum est quod certum reddi potest,能够确定者视为确定,phrase,"interpretation,legal_latin",LEGAL-LATIN,term,A maxim treating a matter as sufficiently certain where an available method can make it definite.,是否适用仍受具体确定性规则约束。,interpretation; legal latin; ascertainable contractual term,,ascertainable contractual term,"Oxford Dictionary of Law (10th ed., 2022), headword 'certum est quod certum reddi potest', entry acref-9780192897497-e-536; source headword/sense checked against supplied EPUB; independent OpenLegalLexicon explanation",oxford10-536-s1,CC-BY-4.0,baseline_concept_review,Oxford,acref-9780192897497-e-536,black_alignment_pending,
"cessante ratione legis, cessat lex ipsa",法律理由消失则法律随之失效（格言）,phrase,legal_latin,LEGAL-LATIN,latin_reference,A maxim linking the rationale of a rule to arguments about its continued application.,不意味着法院可无授权废除仍有效的成文法。,legal latin; rationale of a legal rule,,rationale of a legal rule,"Oxford Dictionary of Law (10th ed., 2022), headword 'cessante ratione legis, cessat lex ipsa', entry acref-9780192897497-e-537; source headword/sense checked against supplied EPUB; independent OpenLegalLexicon explanation",oxford10-537-s1,CC-BY-4.0,baseline_concept_review,Oxford,acref-9780192897497-e-537,black_alignment_pending,
cessate grant,前一遗产授权终止后的续授,noun phrase,succession,ENGLAND-WALES,term,A further grant of representation after a limited or conditional grant has ceased to operate.,与单纯更换遗产管理人不必相同。,succession; cessate probate grant,,cessate probate grant,"Oxford Dictionary of Law (10th ed., 2022), headword 'cessate grant', entry acref-9780192897497-e-538; source headword/sense checked against supplied EPUB; independent OpenLegalLexicon explanation",oxford10-538-s2,CC-BY-4.0,needs_current_law_review,Oxford,acref-9780192897497-e-538,black_alignment_pending,
cessate grant,续给授权,noun phrase,"property,legal_history",HISTORICAL,historical_reference,A renewed grant following expiry or cessation of an earlier grant.,须结合原授权及续给条件。,property; legal history; renewing grant,,renewing grant,"Oxford Dictionary of Law (10th ed., 2022), headword 'cessate grant', entry acref-9780192897497-e-538; source headword/sense checked against supplied EPUB; independent OpenLegalLexicon explanation",oxford10-538-s1,CC-BY-4.0,historical_reference_review,Oxford,acref-9780192897497-e-538,black_alignment_pending,
cesser,提前终止；权利消灭,noun,property,COMMON-LAW,term,Termination of a right or interest before the ordinary end of its duration.,触发条件按处分文件或法律。,property; cesser of an interest,,cesser of an interest,"Oxford Dictionary of Law (10th ed., 2022), headword 'cesser', entry acref-9780192897497-e-539; source headword/sense checked against supplied EPUB; independent OpenLegalLexicon explanation",oxford10-539-s1,CC-BY-4.0,baseline_concept_review,Oxford,acref-9780192897497-e-539,black_alignment_pending,
cesser clause,租船人责任终止条款,noun phrase,maritime,INTERNATIONAL_TRANSACTIONAL,term,"A charterparty term limiting the charterer's continuing liability, often coordinated with the owner's lien rights.",范围不应仅凭条款名称推定。,maritime; cesser and lien clause,,cesser and lien clause,"Oxford Dictionary of Law (10th ed., 2022), headword 'cesser clause', entry acref-9780192897497-e-540; source headword/sense checked against supplied EPUB; independent OpenLegalLexicon explanation",oxford10-540-s1,CC-BY-4.0,baseline_concept_review,Oxford,acref-9780192897497-e-540,black_alignment_pending,
cession,领土割让,noun,public_international_law,INTERNATIONAL,term,Transfer of territorial sovereignty through a legally relevant agreement between states.,有效性及禁止强力取得领土的原则需分别判断。,public international law; treaty of cession,,treaty of cession,"Oxford Dictionary of Law (10th ed., 2022), headword 'cession', entry acref-9780192897497-e-541; source headword/sense checked against supplied EPUB; independent OpenLegalLexicon explanation",oxford10-541-s1,CC-BY-4.0,needs_current_law_review,Oxford,acref-9780192897497-e-541,black_alignment_pending,
cestui que trust,信托受益人（旧法语）,noun phrase,"trusts,legal_history",COMMON-LAW,term,A traditional Law French expression for the person benefiting under a trust.,现代常用 beneficiary。,trusts; legal history; cestui que trust,,cestui que trust,"Oxford Dictionary of Law (10th ed., 2022), headword 'cestui que trust', entry acref-9780192897497-e-542; source headword/sense checked against supplied EPUB; independent OpenLegalLexicon explanation",oxford10-542-s1,CC-BY-4.0,baseline_concept_review,Oxford,acref-9780192897497-e-542,black_alignment_pending,
cestui que use,用益受益人（历史）,noun phrase,"property,legal_history",HISTORICAL,historical_reference,The person for whose benefit property was held under a historical use.,与现代完整信托规则不可机械等同。,property; legal history; beneficiary of a use,,beneficiary of a use,"Oxford Dictionary of Law (10th ed., 2022), headword 'cestui que use', entry acref-9780192897497-e-543; source headword/sense checked against supplied EPUB; independent OpenLegalLexicon explanation",oxford10-543-s1,CC-BY-4.0,historical_reference_review,Oxford,acref-9780192897497-e-543,black_alignment_pending,
cestui que vie,作为财产权益期限基准的人,noun phrase,"property,legal_history",COMMON-LAW,term,The person whose life measures the duration of another person's property interest.,不一定是财产的受益人。,property; legal history; estate measured by another's life,,estate measured by another's life,"Oxford Dictionary of Law (10th ed., 2022), headword 'cestui que vie', entry acref-9780192897497-e-544; source headword/sense checked against supplied EPUB; independent OpenLegalLexicon explanation",oxford10-544-s1,CC-BY-4.0,baseline_concept_review,Oxford,acref-9780192897497-e-544,black_alignment_pending,
CFP,共同渔业政策（缩写）,abbreviation,eu_law,EU,abbreviation,Abbreviation for Common Fisheries Policy.,展开限定于本义项；来源指向不等于目标概念已经完成现行法复核。,eu law; cross-reference lookup,,,"Oxford Dictionary of Law (10th ed., 2022), headword 'CFP', entry acref-9780192897497-e-546; cross-reference checked against supplied EPUB",oxford10-546-s1,CC-BY-4.0,needs_current_law_review,Oxford,acref-9780192897497-e-546,black_alignment_pending,Common Fisheries Policy
CFSP,共同外交与安全政策（缩写）,abbreviation,eu_law,EU,abbreviation,Abbreviation for common foreign and security policy. See European Union and Maastricht Treaty.,展开限定于本义项；来源指向不等于目标概念已经完成现行法复核。,eu law; cross-reference lookup,common foreign and security policy,,"Oxford Dictionary of Law (10th ed., 2022), headword 'CFSP', entry acref-9780192897497-e-547; cross-reference checked against supplied EPUB",oxford10-547-s1,CC-BY-4.0,needs_current_law_review,Oxford,acref-9780192897497-e-547,black_alignment_pending,European Union; Maastricht Treaty
CGT,资本利得税（缩写）,abbreviation,tax,UK,abbreviation,Abbreviation for capital gains tax.,展开限定于本义项；来源指向不等于目标概念已经完成现行法复核。,tax; cross-reference lookup,capital gains tax,,"Oxford Dictionary of Law (10th ed., 2022), headword 'CGT', entry acref-9780192897497-e-548; cross-reference checked against supplied EPUB",oxford10-548-s1,CC-BY-4.0,needs_current_law_review,Oxford,acref-9780192897497-e-548,black_alignment_pending,capital gains tax
chain of executorship,遗嘱执行人接续链,noun phrase,succession,ENGLAND-WALES,term,Succession of representative authority through the executor of a deceased executor under the applicable rules.,中断、例外和授权效力待复核。,succession; chain of representation,,chain of representation,"Oxford Dictionary of Law (10th ed., 2022), headword 'chain of executorship', entry acref-9780192897497-e-549; source headword/sense checked against supplied EPUB; independent OpenLegalLexicon explanation",oxford10-549-s1,CC-BY-4.0,needs_current_law_review,Oxford,acref-9780192897497-e-549,black_alignment_pending,
chain of title,产权链,noun phrase,property,COMMON-LAW,term,The sequence of instruments or events through which title passes to the person asserting ownership.,链条连续不自动排除文件瑕疵。,property; trace the chain of title,,trace the chain of title,"Oxford Dictionary of Law (10th ed., 2022), headword 'chain of title', entry acref-9780192897497-e-550; source headword/sense checked against supplied EPUB; independent OpenLegalLexicon explanation",oxford10-550-s1,CC-BY-4.0,baseline_concept_review,Oxford,acref-9780192897497-e-550,black_alignment_pending,
challenge to jury,对陪审团组成的异议,noun phrase,criminal_procedure,COMMON-LAW,term,An objection to juror selection or the jury's composition under available procedural grounds.,无理由排除是否存在因法域及时期不同。,criminal procedure; challenge for cause,,challenge for cause,"Oxford Dictionary of Law (10th ed., 2022), headword 'challenge to jury', entry acref-9780192897497-e-551; source headword/sense checked against supplied EPUB; independent OpenLegalLexicon explanation",oxford10-551-s1,CC-BY-4.0,needs_current_law_review,Oxford,acref-9780192897497-e-551,black_alignment_pending,
closing,交割,noun,"m_and_a,contracts",INTERNATIONAL_TRANSACTIONAL,action,"The transaction stage at which the parties complete agreed closing actions, such as payment, transfer of equity or assets, and delivery of closing documents.",通常指交易约定事项实际完成的节点；不要与 signing 混同。,M&A and financing transactions,completion (often UK usage),closing mechanics; closing occurs; closing deliverables,项目既有跨境交易实务编审；待美国法/美国交易实务权威来源复核,ma-closing,CC-BY-4.0,migration_review,Legacy,,legacy_pending_alignment,
closing date,交割日,noun phrase,m_and_a,INTERNATIONAL_TRANSACTIONAL,term,The date on which the parties complete the closing of a transaction under the governing transaction documents.,交割日不必等于签署日、经济生效日或评估基准日。,M&A and financing transactions,,on the closing date; scheduled closing date,项目既有跨境交易实务编审；待美国法/美国交易实务权威来源复核,ma-closing-date,CC-BY-4.0,migration_review,Legacy,,legacy_pending_alignment,
closing deliverables,交割文件；交割交付物,noun phrase,m_and_a,INTERNATIONAL_TRANSACTIONAL,document,"Documents, certificates, instruments, evidence of payment, and other items that a party must deliver or make available at closing under the transaction documents.",deliverables 不限于纸质文件，也可包括证明、付款凭证或其他交割事项。,M&A closings,closing documents,deliver closing deliverables; list of closing deliverables,项目既有跨境交易实务编审；待美国法/美国交易实务权威来源复核,ma-closing-deliverables,CC-BY-4.0,migration_review,Legacy,,legacy_pending_alignment,
conditions precedent to closing,交割先决条件,noun phrase,"m_and_a,contracts",INTERNATIONAL_TRANSACTIONAL,term,Contractual conditions that must be satisfied or validly waived before a party becomes obligated to complete the closing.,常见条件包括监管批准、第三方同意、陈述保证持续真实以及特定无重大不利变化条件；强制性法定要求未必可豁免。,M&A transaction agreements,closing conditions; conditions to closing,satisfy the conditions precedent; conditions precedent to closing,项目既有跨境交易实务编审；待美国法/美国交易实务权威来源复核,ma-closing-conditions-precedent,CC-BY-4.0,migration_review,Legacy,,legacy_pending_alignment,
disclosure letter,披露函,noun phrase,"m_and_a,contracts",INTERNATIONAL_TRANSACTIONAL,document,A transaction document used to disclose exceptions or qualifications to representations and warranties and to identify specified facts or materials for purposes of the negotiated disclosure regime.,英式交易中 disclosure letter 较常见；美国交易文件更常见 disclosure schedules，二者不能机械视为完全相同。,M&A disclosure process,disclosure schedule; disclosure schedules,deliver a disclosure letter; disclosed matters,项目既有跨境交易实务编审；待美国法/美国交易实务权威来源复核,ma-disclosure-letter,CC-BY-4.0,migration_review,Legacy,,legacy_pending_alignment,
due diligence,尽职调查,noun phrase,"m_and_a,company",INTERNATIONAL_TRANSACTIONAL,action,"A systematic investigation and evaluation of a target, business, asset, or transaction to identify relevant facts, obligations, and risks before or during a transaction.",范围可包括法律、财务、税务、业务、技术和合规等；深度取决于交易和风险。,"M&A, investment and financing transactions",,conduct due diligence; due diligence process; due diligence findings,项目既有跨境交易实务编审；待美国法/美国交易实务权威来源复核,ma-due-diligence,CC-BY-4.0,migration_review,Legacy,,legacy_pending_alignment,
equity acquisition,股权收购,noun phrase,"m_and_a,company",INTERNATIONAL_TRANSACTIONAL,term,An acquisition structure in which the buyer acquires equity interests or shares in a target entity rather than purchasing selected assets directly.,交易后果取决于实体类型、取得比例、控制权变化及适用法；美国公司交易中也常按具体实体使用 stock purchase、membership-interest purchase 等更精确表达。,M&A transaction structuring,share acquisition; stock acquisition,acquire equity interests; equity acquisition structure,项目既有跨境交易实务编审；待美国法/美国交易实务权威来源复核,ma-equity-acquisition,CC-BY-4.0,migration_review,Legacy,,legacy_pending_alignment,
indemnification provision,赔偿条款；补偿条款,noun phrase,"m_and_a,contracts",INTERNATIONAL_TRANSACTIONAL,term,"A contractual provision allocating responsibility for specified losses, breaches, liabilities, taxes, or third-party claims and establishing the circumstances and procedures for indemnification.",应结合损失范围、触发条件、排除项、上限、篮子/起赔额、期限和索赔程序理解；不能直接等同中国法某一种法定责任。,M&A and commercial agreements,indemnity provision; indemnification clause,indemnification obligations; claim for indemnification,项目既有跨境交易实务编审；待美国法/美国交易实务权威来源复核,ma-indemnification-provision,CC-BY-4.0,migration_review,Legacy,,legacy_pending_alignment,
interim operating covenants,过渡期经营承诺,noun phrase,"m_and_a,contracts",INTERNATIONAL_TRANSACTIONAL,term,"Contractual covenants governing how a target business is operated between signing and closing, often requiring ordinary-course operation and restricting specified actions without consent.",不得据此推定买方在交割前即可实际控制目标；需注意适用竞争法和 gun-jumping 风险。,M&A agreements,interim covenants; pre-closing covenants,ordinary-course covenant; comply with interim operating covenants,项目既有跨境交易实务编审；待美国法/美国交易实务权威来源复核,ma-interim-operating-covenants,CC-BY-4.0,migration_review,Legacy,,legacy_pending_alignment,
interim period,过渡期,noun phrase,m_and_a,INTERNATIONAL_TRANSACTIONAL,term,The period between signing and closing during which the target and the parties may be subject to negotiated interim covenants and closing-related obligations.,这里特指交易签署至交割之间的期间，不是一般意义的过渡期。,M&A transactions,pre-closing period,during the interim period; interim period covenants,项目既有跨境交易实务编审；待美国法/美国交易实务权威来源复核,ma-interim-period,CC-BY-4.0,migration_review,Legacy,,legacy_pending_alignment,
joint venture agreement (JVA),合资协议；合资合同,noun phrase,"m_and_a,company,contracts",INTERNATIONAL_TRANSACTIONAL,document,"An agreement among joint-venture participants governing their investment, ownership, management, decision-making, funding, transfer, and exit arrangements for a jointly owned business or project.",JVA 是交易文件名称；具体结构、与公司组织文件的关系及可执行性取决于法域和实体类型。,Joint ventures,joint venture agreement; JVA,enter into a joint venture agreement; JV governance,项目既有跨境交易实务编审；待美国法/美国交易实务权威来源复核,ma-joint-venture-agreement,CC-BY-4.0,migration_review,Legacy,,legacy_pending_alignment,
legal due diligence,法律尽职调查,noun phrase,"m_and_a,company",INTERNATIONAL_TRANSACTIONAL,action,"Due diligence focused on the legal rights, obligations, liabilities, disputes, contracts, ownership, regulatory matters, and compliance risks relevant to a transaction or target.",法律尽调是尽职调查的法律工作流，不等同于 legal opinion 或最终尽调报告。,"M&A, investment and financing transactions",,conduct legal due diligence; legal due diligence review; legal due diligence report,项目既有跨境交易实务编审；待美国法/美国交易实务权威来源复核,ma-legal-due-diligence,CC-BY-4.0,migration_review,Legacy,,legacy_pending_alignment,
letter of intent (LOI),意向书,noun phrase,"m_and_a,contracts",INTERNATIONAL_TRANSACTIONAL,document,"A preliminary transaction document recording proposed principal terms, negotiation framework, or intentions before definitive agreements are executed; particular provisions may be binding or nonbinding depending on the text and applicable law.",不能仅凭 LOI 标题判断整份文件是否有约束力；需逐项区分保密、排他、费用、适用法等条款。,Preliminary M&A and investment documentation,LOI; letter of intent,sign an LOI; nonbinding LOI; binding provisions,项目既有跨境交易实务编审；待美国法/美国交易实务权威来源复核,ma-letter-intent,CC-BY-4.0,migration_review,Legacy,,legacy_pending_alignment,
material adverse change (MAC),重大不利变化,noun phrase,"m_and_a,contracts",INTERNATIONAL_TRANSACTIONAL,term,"A contractually defined adverse change, event, circumstance, or effect that meets the negotiated materiality threshold and may affect specified rights or closing obligations.",MAC 的范围、例外及例外的反向例外高度依赖具体定义和适用法，不能只按字面判断。,M&A and financing agreements,material adverse effect (MAE); MAC,MAC clause; MAC condition; material adverse effect,项目既有跨境交易实务编审；待美国法/美国交易实务权威来源复核,ma-material-adverse-change,CC-BY-4.0,migration_review,Legacy,,legacy_pending_alignment,
purchase price adjustment,购买价调整；交易价格调整,noun phrase,"m_and_a,finance",INTERNATIONAL_TRANSACTIONAL,term,"A contractual mechanism that adjusts the transaction price by reference to agreed financial metrics or closing accounts, such as cash, debt, or working capital.",调整公式、基准值、会计政策、争议解决机制均应以交易协议定义为准。,M&A pricing mechanics,price adjustment; closing adjustment,purchase price adjustment mechanism; working-capital adjustment,项目既有跨境交易实务编审；待美国法/美国交易实务权威来源复核,ma-purchase-price-adjustment,CC-BY-4.0,migration_review,Legacy,,legacy_pending_alignment,
representations and warranties,陈述与保证,noun phrase,"m_and_a,contracts",INTERNATIONAL_TRANSACTIONAL,term,"Contractual statements concerning specified facts, status, compliance, assets, liabilities, authority, or other matters, used to allocate information and risk and to support negotiated remedies.",representation 与 warranty 的法律后果可能依适用法和合同而不同；不能把国际交易短语强行映射为某一中国法责任类型。,M&A and commercial agreements,reps and warranties; R&W,make representations and warranties; breach of representations and warranties,项目既有跨境交易实务编审；待美国法/美国交易实务权威来源复核,ma-representations-warranties,CC-BY-4.0,migration_review,Legacy,,legacy_pending_alignment,
share purchase agreement (SPA),股权购买协议；股份购买协议,noun phrase,"m_and_a,contracts",INTERNATIONAL_TRANSACTIONAL,document,"A definitive acquisition agreement under which a buyer agrees to purchase and a seller agrees to sell shares or other equity interests in a target, subject to the agreement's conditions, representations, covenants, indemnification, and closing provisions.",SPA 是国际交易常用称呼；美国交易中也常见 stock purchase agreement 或按实体类型使用其他名称。,M&A transactions,SPA; stock purchase agreement; equity purchase agreement,enter into an SPA; SPA closing conditions,项目既有跨境交易实务编审；待美国法/美国交易实务权威来源复核,ma-share-purchase-agreement,CC-BY-4.0,migration_review,Legacy,,legacy_pending_alignment,
shareholders' agreement (SHA),股东协议,noun phrase,"m_and_a,company,contracts",INTERNATIONAL_TRANSACTIONAL,document,"An agreement among shareholders, and sometimes the company, governing matters such as governance, voting, transfer restrictions, funding, reserved matters, and exit rights.",SHA 与公司章程或其他组织文件的效力关系取决于法域和实体类型，不能机械等同。,Joint ventures and private-company investments,SHA; shareholders agreement,enter into a shareholders' agreement; transfer restrictions; reserved matters,项目既有跨境交易实务编审；待美国法/美国交易实务权威来源复核,ma-shareholders-agreement,CC-BY-4.0,migration_review,Legacy,,legacy_pending_alignment,
signing,签约；签署,noun,"m_and_a,contracts",INTERNATIONAL_TRANSACTIONAL,action,"The transaction stage at which the parties execute the principal transaction agreement or agreements; signing may occur before, at the same time as, or separately from closing.",签约不自动等于交割；签署后的法律效果取决于协议的生效和交割安排。,M&A and financing transactions,execution,signing and closing; signing date; at signing,项目既有跨境交易实务编审；待美国法/美国交易实务权威来源复核,ma-signing,CC-BY-4.0,migration_review,Legacy,,legacy_pending_alignment,
term sheet,条款清单；主要条款表,noun phrase,"m_and_a,finance,contracts",INTERNATIONAL_TRANSACTIONAL,document,A preliminary document summarizing principal commercial and legal terms of a proposed transaction before definitive documentation is negotiated and executed.,term sheet 可能整体或部分具有约束力，也可能主要用于记录非约束性商业共识，应以文本和适用法判断。,"Investment, financing and M&A transactions",heads of terms; term sheet,negotiate a term sheet; nonbinding term sheet; key terms,项目既有跨境交易实务编审；待美国法/美国交易实务权威来源复核,ma-term-sheet,CC-BY-4.0,migration_review,Legacy,,legacy_pending_alignment,
transaction structure,交易架构,noun phrase,m_and_a,INTERNATIONAL_TRANSACTIONAL,term,"The legal and commercial arrangement of parties, entities, assets, consideration, financing, and transaction steps used to implement an acquisition, investment, financing, or restructuring.",常见比较包括股权/资产、直接/间接、一次/分步以及现金/股份对价等；不是单一法定结构类型。,M&A and investment planning,deal structure,structure the transaction; transaction structure analysis,项目既有跨境交易实务编审；待美国法/美国交易实务权威来源复核,ma-transaction-structure,CC-BY-4.0,migration_review,Legacy,,legacy_pending_alignment,
virtual data room (VDR),虚拟数据室,noun phrase,m_and_a,INTERNATIONAL_TRANSACTIONAL,term,"A controlled online repository used to upload, organize, review, and manage documents and information for due diligence and other transaction work.",VDR 是交易资料管理工具；其访问权限、下载限制和保密安排通常与 NDA 和信息安全要求配套。,"M&A, financing and due diligence",VDR; virtual data room,open the VDR; VDR access; data-room documents,项目既有跨境交易实务编审；待美国法/美国交易实务权威来源复核,ma-virtual-data-room,CC-BY-4.0,migration_review,Legacy,,legacy_pending_alignment,
waiver of a closing condition,交割条件豁免,noun phrase,"m_and_a,contracts",INTERNATIONAL_TRANSACTIONAL,action,"A contractual waiver by the party entitled to the benefit of a waivable closing condition, allowing closing to proceed without satisfaction of that condition.",只有可处分的合同条件通常才可能被豁免；法定审批或其他强制性要求不能当然通过合同 waiver 消除。,M&A closings,waiver of condition; condition waiver,waive a closing condition; condition may be waived,项目既有跨境交易实务编审；待美国法/美国交易实务权威来源复核,ma-waiver-closing-condition,CC-BY-4.0,migration_review,Legacy,,legacy_pending_alignment,
“but for” test,若无该行为则无结果测试,noun phrase,tort,COMMON-LAW,cross_reference,See causation.,保留来源的参照关系；参照目标是否已编写另行统计。,tort; cross-reference lookup,,,"Oxford Dictionary of Law (10th ed., 2022), headword '“but for” test', entry acref-9780192897497-e-4395; cross-reference checked against supplied EPUB",oxford10-4395-s1,CC-BY-4.0,cross_reference_review,Oxford,acref-9780192897497-e-4395,black_alignment_pending,causation
