中文	繁體	英文	拼音	领域	适用法域	来源地区	类型	来源语境	学习注释	来源记录	条目ID	数据许可	译文审核	中文释义	译法说明	法律依据
(事件的)来龙去脉,背景	(事件的)來龍去脈,背景	context		intellectual_property	待核查	TW	unclassified	A13070000G		tw-tipo-trademark:114	tw-tipo-trademark-0c83fb60058c453cbc1c	OGDL-Taiwan-1.0	source_attributed			
【美】代理人	【美】代理人	alternate		intellectual_property	待核查	TW	unclassified	A13070000G		tw-tipo-trademark:25	tw-tipo-trademark-151a4eb8086d9c1c4c98	OGDL-Taiwan-1.0	source_attributed			
一、二审院长	一、二審院長	Chief Judge		unclassified	待核查	TW	unclassified	憲法法庭書記廳		tw-judicial:2	tw-judicial-b23c0f040211f5425ba9	OGDL-Taiwan-1.0	source_attributed			
一事不再理	一事不再理	res judicata	yi1 shi4 bu4 zai4 li3	unclassified	待核查	TW	unclassified	憲法法庭書記廳		tw-judicial:6	tw-judicial-23dae6508d5dbd3ecd3f	OGDL-Taiwan-1.0	source_attributed			
一件使用样本	一件使用樣本	a specimen of use	yi1 jian4 shi3 yong4 yang4 ben3	intellectual_property	待核查	TW	unclassified	A13070000G		tw-tipo-trademark:535	tw-tipo-trademark-9963ab16369566a15c88	OGDL-Taiwan-1.0	source_attributed			
一体不可分割的	一體不可分割的	unitary	yi1 ti3 bu4 ke3 fen1 ge1 de5	intellectual_property	待核查	TW	unclassified	A13070000G		tw-tipo-trademark:585	tw-tipo-trademark-00121850590cf3b57ef5	OGDL-Taiwan-1.0	source_attributed			
一夫一妻婚姻制度	一夫一妻婚姻制度	monogamy	yi1 fu1 yi1 qi1 hun1 yin1 zhi4 du4	family	待核查	TW	unclassified	憲法法庭書記廳		tw-judicial:3	tw-judicial-7a0a3d3295f394e5112e	OGDL-Taiwan-1.0	source_attributed			
一次退休金	一次退休金	Lump-sum Retirement Payment	yi1 ci4 tui4 xiu1 jin1	unclassified	待核查	TW	unclassified	人事處		tw-judicial:4	tw-judicial-cef1ff10cf43b1f2000a	OGDL-Taiwan-1.0	source_attributed			
一般保证	一般保證	general guarantee	yi4 ban1 bao3 zheng4	contracts,finance	CN	INTERNATIONAL	term	中华人民共和国民法典（2020）	原则上保证人享有先诉抗辩，具体例外包括破产受理、书面放弃等条文情形。	oll-cn-core:cn-general-guarantee	cn-general-guarantee	CC-BY-4.0	project_authored	约定在债务人不能履行债务时，由保证人承担责任的保证方式。	项目释译，非官方译文；general 是本法保证方式名称，不表示责任无限。	中华人民共和国民法典（2020） 第687条 https://www.court.gov.cn/zixun/xiangqing/233181.html
一般公众	一般公眾	general public	yi4 ban1 gong1 zhong4	intellectual_property	待核查	TW	unclassified	A13070000G		tw-tipo-trademark:252	tw-tipo-trademark-639dea57b0df3f9859c3	OGDL-Taiwan-1.0	source_attributed			
一般商业名称	一般商業名稱	common commercial name	yi4 ban1 shang1 ye4 ming2 cheng1	intellectual_property	待核查	TW	unclassified	A13070000G		tw-tipo-trademark:91	tw-tipo-trademark-7b6cd3690e7096ded2d9	OGDL-Taiwan-1.0	source_attributed			
一般计税方法	一般計稅方法	general VAT calculation method	yi4 ban1 ji4 shui4 fang1 fa3	tax	CN	INTERNATIONAL	term	中华人民共和国增值税法（2024通过）	第八条将一般计税方法作为纳税人发生应税交易的基本方法，但法律另有规定的除外；第十四条给出应纳税额计算公式。	oll-cn-tax-trade:cn-vat-general-calculation-method	cn-vat-general-calculation-method	CC-BY-4.0	project_authored	以当期销项税额抵扣当期进项税额后的余额计算增值税应纳税额的计税方法。	项目释译，非官方译文；general VAT calculation method 用于区别简易计税方法。	中华人民共和国增值税法（2024通过） 第8,14条 https://fgk.chinatax.gov.cn/zcfgk/c100009/c5237365/content.html
一般诽谤	一般誹謗	slander	yi4 ban1 fei3 bang4	unclassified	待核查	TW	unclassified	憲法法庭書記廳		tw-judicial:7	tw-judicial-a8334a53a05d4cb2e68d	OGDL-Taiwan-1.0	source_attributed			
一行为重复处罚	一行為重複處罰	double jeopardy ; Ne bis in idem	yi1 xing2 wei2 chong2 fu4 chu3 fa2	unclassified	待核查	TW	unclassified	憲法法庭書記廳		tw-judicial:5	tw-judicial-ee02c78e19adb82ef66c	OGDL-Taiwan-1.0	source_attributed			
一造当事人的程序	一造當事人的程序	ex parte proceeding	yi1 zao4 dang1 shi4 ren2 de5 cheng2 xu4	intellectual_property	待核查	TW	unclassified	A13070000G		tw-tipo-trademark:201	tw-tipo-trademark-c32398e718c4f5df76f0	OGDL-Taiwan-1.0	source_attributed			
七十九年特种考试台湾省基层公务人员考试规则	七十九年特種考試台灣省基層公務人員考試規則	Regulations for Taiwan Province Basic-Level 1990 Civil Servants Specific Examination	qi1 shi2 jiu3 nian2 te4 zhong3 kao3 shi4 tai2 wan1 sheng3 ji1 ceng2 gong1 wu4 ren2 yuan2 kao3 shi4 gui1 ze2	unclassified	待核查	TW	statute	憲法法庭書記廳		tw-judicial:8	tw-judicial-45d204e62762c13144b7	OGDL-Taiwan-1.0	source_attributed			
万国邮政公约最后议定书	萬國郵政公約最後議定書	Final Protocol of Universal Postal Convention	wan4 guo2 you2 zheng4 gong1 yue1 zui4 hou4 yi4 ding4 shu1	unclassified	待核查	TW	unclassified	憲法法庭書記廳		tw-judicial:1567	tw-judicial-fe88f7c4f1ee111eecd3	OGDL-Taiwan-1.0	source_attributed			
三次元的、立体的	三次元的、立體的	three dimensional		intellectual_property	待核查	TW	unclassified	A13070000G		tw-tipo-trademark:555	tw-tipo-trademark-1ef562ea7f214e99ce1a	OGDL-Taiwan-1.0	source_attributed			
上市证券	上市證券	listed securities	shang4 shi4 zheng4 quan4	finance	待核查	TW	unclassified	憲法法庭書記廳		tw-judicial:24	tw-judicial-cc591ed5a1525e326833	OGDL-Taiwan-1.0	source_attributed			
上柜证券	上櫃證券	over-the-counter securities	shang4 gui4 zheng4 quan4	finance	待核查	TW	unclassified	憲法法庭書記廳		tw-judicial:29	tw-judicial-7f874195018b780c3f7b	OGDL-Taiwan-1.0	source_attributed			
上诉	上訴	appeal	shang4 su4	dispute_resolution	待核查	TW	unclassified	民事廳		tw-judicial:25	tw-judicial-c2ad5e1e8e8973156eac	OGDL-Taiwan-1.0	source_attributed			
上诉	上訴	appeal	shang4 su4	intellectual_property	待核查	TW	unclassified	A13070000G		tw-tipo-trademark:27	tw-tipo-trademark-2a3d66098325b5263797	OGDL-Taiwan-1.0	source_attributed			
上诉/抗告权	上訴/抗告權	right of appeal		dispute_resolution	待核查	TW	unclassified	憲法法庭書記廳		tw-judicial:26	tw-judicial-6f0f3157955ea24785bf	OGDL-Taiwan-1.0	source_attributed			
上诉事件维持率	上訴事件維持率	Affirmed Appeals Rate	shang4 su4 shi4 jian4 wei2 chi2 lv4	dispute_resolution	待核查	TW	unclassified	統計處		tw-judicial:28	tw-judicial-f83088a5f880c367c7cf	OGDL-Taiwan-1.0	source_attributed			
上诉人及诉讼代理人席	上訴人及訴訟代理人席	Appellant and Agent ad litem	shang4 su4 ren2 ji2 su4 song4 dai4 li3 ren2 xi2	dispute_resolution	待核查	TW	unclassified	司法行政廳		tw-judicial:27	tw-judicial-c3032e15654ab472ec92	OGDL-Taiwan-1.0	source_attributed			
上诉法院	上訴法院	appeal court	shang4 su4 fa3 yuan4	intellectual_property	待核查	TW	institution	A13070000G		tw-tipo-trademark:28	tw-tipo-trademark-9d1748201da7d127d54d	OGDL-Taiwan-1.0	source_attributed			
下水道法	下水道法	Sewerage Law	xia4 shui3 dao4 fa3	unclassified	待核查	TW	statute	憲法法庭書記廳		tw-judicial:23	tw-judicial-1da68b391fb4340115ac	OGDL-Taiwan-1.0	source_attributed			
不作为	不作為	omission of act	bu4 zuo4 wei2	unclassified	待核查	TW	unclassified	憲法法庭書記廳		tw-judicial:82	tw-judicial-b137b1326c960a482e30	OGDL-Taiwan-1.0	source_attributed			
不信任案	不信任案	bill of no confidence	bu4 xin4 ren4 an4	unclassified	待核查	TW	unclassified	憲法法庭書記廳		tw-judicial:84	tw-judicial-fecf2903cf406ee1c49b	OGDL-Taiwan-1.0	source_attributed			
不充分的、不足的	不充分的、不足的	insufficient (+for/in)		intellectual_property	待核查	TW	unclassified	A13070000G		tw-tipo-trademark:309	tw-tipo-trademark-3b4c351b6051f72f550f	OGDL-Taiwan-1.0	source_attributed			
不公平竞争	不公平競爭	unfair competition	bu4 gong1 ping2 jing4 zheng1	intellectual_property	待核查	TW	unclassified	A13070000G		tw-tipo-trademark:582	tw-tipo-trademark-162d69fb05824f1e23c3	OGDL-Taiwan-1.0	source_attributed			
不公平竞争行为	不公平競爭行為	conducts of unfair competition	bu4 gong1 ping2 jing4 zheng1 xing2 wei2	competition	待核查	TW	unclassified	憲法法庭書記廳		tw-judicial:78	tw-judicial-0bdd09a3537a6a845512	OGDL-Taiwan-1.0	source_attributed			
不动产	不動產	real property	bu4 dong4 chan3	property	待核查	TW	unclassified	憲法法庭書記廳		tw-judicial:86	tw-judicial-36b6b4263ed4e273d4ca	OGDL-Taiwan-1.0	source_attributed			
不动产估价师法	不動產估價師法	Real Estate Appraiser Act	bu4 dong4 chan3 gu1 jia4 shi1 fa3	property	待核查	TW	statute	憲法法庭書記廳		tw-judicial:87	tw-judicial-82c4a917be8a64db5ea0	OGDL-Taiwan-1.0	source_attributed			
不动产权利变更登记	不動產權利變更登記	amendment registration of right to real estate	bu4 dong4 chan3 quan2 li4 bian4 geng1 deng1 ji4	property	待核查	TW	unclassified	憲法法庭書記廳		tw-judicial:89	tw-judicial-38453ef2ecdc6988c6e0	OGDL-Taiwan-1.0	source_attributed			
不动产经纪业管理条例	不動產經紀業管理條例	Real Estate Broking Management Act	bu4 dong4 chan3 jing1 ji4 ye4 guan3 li3 tiao2 li4	property	待核查	TW	statute	憲法法庭書記廳		tw-judicial:88	tw-judicial-ac18263ee70b4b57efdf	OGDL-Taiwan-1.0	source_attributed			
不受理判决	不受理判決	dismissal judgment	bu4 shou4 li3 pan4 jue2	dispute_resolution	待核查	TW	unclassified	憲法法庭書記廳		tw-judicial:83	tw-judicial-01af4570ba95b1e6f13f	OGDL-Taiwan-1.0	source_attributed			
不变期间	不變期間	peremptory period	bu4 bian4 qi1 jian1	unclassified	待核查	TW	unclassified	憲法法庭書記廳		tw-judicial:94	tw-judicial-38e8a113843a9b68379f	OGDL-Taiwan-1.0	source_attributed			
不可废止性	不可廢止性	irrevocability	bu4 ke3 fei4 zhi3 xing4	unclassified	待核查	TW	unclassified	憲法法庭書記廳		tw-judicial:81	tw-judicial-0e15c58cb13af72beeda	OGDL-Taiwan-1.0	source_attributed			
不可抗力	不可抗力	force majeure	bu4 ke3 kang4 li4	civil,contracts	CN	INTERNATIONAL	term	中华人民共和国民法典（2020）	合同责任是否免除取决于其影响；迟延履行后发生不可抗力的，不免除相应违约责任。	oll-cn-core:cn-force-majeure	cn-force-majeure	CC-BY-4.0	project_authored	不能预见、不能避免且不能克服的客观情况。	项目释译，非官方译文；不是所有困难、成本增加或不可控事件都当然满足本定义。	中华人民共和国民法典（2020） 第180,590条 https://www.court.gov.cn/zixun/xiangqing/233181.html
不可抗力	不可抗力	force majeure	bu4 ke3 kang4 li4	unclassified	待核查	TW	unclassified	憲法法庭書記廳		tw-judicial:79	tw-judicial-8c595a0664bbb33f8335	OGDL-Taiwan-1.0	source_attributed			
不可能实行	不可能實行	infeasibility	bu4 ke3 neng2 shi2 xing2	unclassified	待核查	TW	unclassified	憲法法庭書記廳		tw-judicial:80	tw-judicial-0a86de231c52a7426c27	OGDL-Taiwan-1.0	source_attributed			
不堪同居之虐待	不堪同居之虐待	unbearable mistreatment incohabitation	bu4 kan1 tong2 ju1 zhi1 nve4 dai4	unclassified	待核查	TW	unclassified	憲法法庭書記廳		tw-judicial:91	tw-judicial-6cf3c2b54a35b505a864	OGDL-Taiwan-1.0	source_attributed			
不当得利	不當得利	unjust enrichment	bu4 dang4 de2 li4	civil	CN	INTERNATIONAL	term	中华人民共和国民法典（2020）	受损失者可请求返还不当利益；不当并不必然等于故意违法。	oll-cn-core:cn-unjust-enrichment	cn-unjust-enrichment	CC-BY-4.0	project_authored	没有法律根据取得利益，并使他人受到损失的情形。	项目释译，非官方译文；按所引中国法条理解，不能直接套用其他法域的全部构成要件。	中华人民共和国民法典（2020） 第122条 https://www.court.gov.cn/zixun/xiangqing/233181.html
不当行为	不當行為	improper conduct	bu4 dang4 xing2 wei2	unclassified	待核查	TW	unclassified	憲法法庭書記廳		tw-judicial:92	tw-judicial-856c2b5096d13d9a21ac	OGDL-Taiwan-1.0	source_attributed			
不得抗告／上诉	不得抗告／上訴	non-appealable		dispute_resolution	待核查	TW	unclassified	民事廳		tw-judicial:90	tw-judicial-08448f8e25b88290f047	OGDL-Taiwan-1.0	source_attributed			
不正确的、谬误的、不真实的	不正確的、謬誤的、不真實的	false		intellectual_property	待核查	TW	unclassified	A13070000G		tw-tipo-trademark:212	tw-tipo-trademark-950587d93e30589d0a2f	OGDL-Taiwan-1.0	source_attributed			
不确定法律概念	不確定法律概念	indefinite concepts of law	bu4 que4 ding4 fa3 lv4 gai4 nian4	unclassified	待核查	TW	unclassified	憲法法庭書記廳		tw-judicial:93	tw-judicial-5b94b8482ccd96e1bebd	OGDL-Taiwan-1.0	source_attributed			
不起诉处分	不起訴處分	non-prosecutorial disposition	bu4 qi3 su4 chu3 fen4	unclassified	待核查	TW	unclassified	憲法法庭書記廳		tw-judicial:85	tw-judicial-3b14f04a68f275027e41	OGDL-Taiwan-1.0	source_attributed			
不道德的、伤风败俗的、邪恶的	不道德的、傷風敗俗的、邪惡的	immoral		intellectual_property	待核查	TW	unclassified	A13070000G		tw-tipo-trademark:282	tw-tipo-trademark-b70613a7e966206223d8	OGDL-Taiwan-1.0	source_attributed			
与…相反的	與…相反的	counter with		intellectual_property	待核查	TW	unclassified	A13070000G		tw-tipo-trademark:118	tw-tipo-trademark-6c8c9c25c71417c0757d	OGDL-Taiwan-1.0	source_attributed			
与…近似	與…近似	similar		intellectual_property	待核查	TW	unclassified	A13070000G		tw-tipo-trademark:513	tw-tipo-trademark-26635aa2f8732463388e	OGDL-Taiwan-1.0	source_attributed			
与…近似	與…近似	be similar to		intellectual_property	待核查	TW	unclassified	A13070000G		tw-tipo-trademark:514	tw-tipo-trademark-fe25565efaa9d80daa0b	OGDL-Taiwan-1.0	source_attributed			
与证人对质之权利	與證人對質之權利	right to confront with the witness	yu3 zheng4 ren2 dui4 zhi4 zhi1 quan2 li4	unclassified	待核查	TW	unclassified	憲法法庭書記廳		tw-judicial:1759	tw-judicial-6a01f672a87bea64936c	OGDL-Taiwan-1.0	source_attributed			
与贸易有关之智慧财产权协定	與貿易有關之智慧財產權協定	AGREEMENT ON TRADE-RELATED ASPECTS OF INTELLECTUAL PROPERTY RIGHTS	yu3 mao4 yi4 you3 guan1 zhi1 zhi4 hui4 cai2 chan3 quan2 xie2 ding4	intellectual_property	待核查	TW	unclassified	A13070000G		tw-tipo-trademark:571	tw-tipo-trademark-a2be784c1148dcd032fa	OGDL-Taiwan-1.0	source_attributed			
与贸易有关之智慧财产权协定	與貿易有關之智慧財產權協定	TRIPS	yu3 mao4 yi4 you3 guan1 zhi1 zhi4 hui4 cai2 chan3 quan2 xie2 ding4	intellectual_property	待核查	TW	abbreviation	A13070000G		tw-tipo-trademark:570	tw-tipo-trademark-a525a8c70487f19c744c	OGDL-Taiwan-1.0	source_attributed			
专业人员	專業人員	professionals	zhuan1 ye4 ren2 yuan2	unclassified	待核查	TW	unclassified	憲法法庭書記廳		tw-judicial:1248	tw-judicial-a53bf7233fa4b56607c0	OGDL-Taiwan-1.0	source_attributed			
专业评量之原则	專業評量之原則	principle of expertise evaluation	zhuan1 ye4 ping2 liang4 zhi1 yuan2 ze2	unclassified	待核查	TW	unclassified	憲法法庭書記廳		tw-judicial:1249	tw-judicial-060c2086441f742f2b94	OGDL-Taiwan-1.0	source_attributed			
专利	專利	patent	zhuan1 li4	intellectual_property	待核查	TW	unclassified	憲法法庭書記廳		tw-judicial:1241	tw-judicial-8615f43cfb52cd9707bd	OGDL-Taiwan-1.0	source_attributed			
专利权人	專利權人	patentee	zhuan1 li4 quan2 ren2	intellectual_property	待核查	TW	unclassified	憲法法庭書記廳		tw-judicial:1243	tw-judicial-d9ee45f4be0412c22f83	OGDL-Taiwan-1.0	source_attributed			
专利法	專利法	Patent Act	zhuan1 li4 fa3	intellectual_property	待核查	TW	unclassified	憲法法庭書記廳		tw-judicial:1242	tw-judicial-2bba6374a3b77df26927	OGDL-Taiwan-1.0	source_attributed			
专员	專員	Executive Officer	zhuan1 yuan2	unclassified	待核查	TW	unclassified	司法行政廳		tw-judicial:1247	tw-judicial-0a8fd357060f8a3cbc63	OGDL-Taiwan-1.0	source_attributed			
专科学校法	專科學校法	Junior College Act	zhuan1 ke1 xue2 xiao4 fa3	unclassified	待核查	TW	statute	憲法法庭書記廳		tw-judicial:1246	tw-judicial-17af38d4e6af39aed36a	OGDL-Taiwan-1.0	source_attributed			
专门化、特殊化	專門化、特殊化	specialization		intellectual_property	待核查	TW	unclassified	A13070000G		tw-tipo-trademark:532	tw-tipo-trademark-f86b60cf798c9920d856	OGDL-Taiwan-1.0	source_attributed			
专门委员	專門委員	Senior Executive Officer	zhuan1 men2 wei3 yuan2	unclassified	待核查	TW	unclassified	司法行政廳		tw-judicial:1244	tw-judicial-38a8167c74417ef040ac	OGDL-Taiwan-1.0	source_attributed			
专门职业	專門職業	professional services	zhuan1 men2 zhi2 ye4	unclassified	待核查	TW	unclassified	憲法法庭書記廳		tw-judicial:1245	tw-judicial-fa260871c7d300c8cbaf	OGDL-Taiwan-1.0	source_attributed			
世故且精明的	世故且精明的	sophisticated	shi4 gu4 qie3 jing1 ming2 de5	intellectual_property	待核查	TW	unclassified	A13070000G		tw-tipo-trademark:520	tw-tipo-trademark-0bbf90f4ac110a134ee0	OGDL-Taiwan-1.0	source_attributed			
世故精明且绝不会被混淆	世故精明且絕不會被混淆	sophisticated and would never be confused	shi4 gu4 jing1 ming2 qie3 jue2 bu2 hui4 bei4 hun4 xiao2	intellectual_property	待核查	TW	unclassified	A13070000G		tw-tipo-trademark:521	tw-tipo-trademark-094c072737f827be9cc5	OGDL-Taiwan-1.0	source_attributed			
世界智慧财产权组织	世界智慧財產權組織	World Intellectual Property Organization	shi4 jie4 zhi4 hui4 cai2 chan3 quan2 zu3 zhi1	intellectual_property	待核查	TW	unclassified	A13070000G		tw-tipo-trademark:608	tw-tipo-trademark-a1b12ba601ff40ca2b73	OGDL-Taiwan-1.0	source_attributed			
世界智慧财产权组织	世界智慧財產權組織	WIPO	shi4 jie4 zhi4 hui4 cai2 chan3 quan2 zu3 zhi1	intellectual_property	待核查	TW	abbreviation	A13070000G		tw-tipo-trademark:607	tw-tipo-trademark-b47d8bd383e135155c48	OGDL-Taiwan-1.0	source_attributed			
业者、商人	業者、商人	dealer		intellectual_property	待核查	TW	unclassified	A13070000G		tw-tipo-trademark:128	tw-tipo-trademark-c23c758737d84dd8c14f	OGDL-Taiwan-1.0	source_attributed			
两性工作平等法	兩性工作平等法	Act of Gender Equality in Employment	liang3 xing4 gong1 zuo4 ping2 deng3 fa3	unclassified	待核查	TW	statute	憲法法庭書記廳		tw-judicial:694	tw-judicial-622f6f23f8ae76a7c519	OGDL-Taiwan-1.0	source_attributed			
两者随后一并转递审查官。	兩者隨後一併轉遞審查官。	Both are then forwarded to the examining attorney.		intellectual_property	待核查	TW	unclassified	A13070000G		tw-tipo-trademark:240	tw-tipo-trademark-b270b99453d8bee1d3e5	OGDL-Taiwan-1.0	source_attributed			
个人信息	個人信息	personal information	ge4 ren2 xin4 xi1	privacy	CN	INTERNATIONAL	term	中华人民共和国个人信息保护法（2021）	个人信息处理涵盖收集、存储、使用、加工、传输、提供、公开和删除等活动。	oll-cn-core:cn-personal-information	cn-personal-information	CC-BY-4.0	project_authored	以电子或其他方式记录、与已识别或可识别自然人有关的各种信息，不包括匿名化后的信息。	项目释译，非官方译文；采用本法 personal information 语境，不默认与其他法域 personal data 的边界完全相同。	中华人民共和国个人信息保护法（2021） 第4条 https://www.cac.gov.cn/2021-08/20/c_1631050028355286.htm
个人信息保护影响评估	個人信息保護影響評估	personal information protection impact assessment	ge4 ren2 xin4 xi1 bao3 hu4 ying3 xiang3 ping2 gu1	privacy	CN	INTERNATIONAL	term	中华人民共和国个人信息保护法（2021）	第五十五条列举委托处理、公开、向境外提供等触发情形，应逐项核对。	oll-cn-core:cn-pipia	cn-pipia	CC-BY-4.0	project_authored	在敏感信息、自动化决策等法定高影响处理活动前开展并记录的评估。	项目释译，非官方译文；本库可读英文保留 personal information protection，不把其他法域缩写制度直接移入。	中华人民共和国个人信息保护法（2021） 第55条 https://www.cac.gov.cn/2021-08/20/c_1631050028355286.htm
个人信息删除权	個人信息刪除權	right to erasure of personal information	ge4 ren2 xin4 xi1 shan1 chu2 quan2	privacy	CN	INTERNATIONAL	term	中华人民共和国个人信息保护法（2021）	法定保存期未届满或技术上难以删除时，处理应限制于存储及必要安全保护措施。	oll-cn-core:cn-information-erasure	cn-information-erasure	CC-BY-4.0	project_authored	符合法定删除情形而处理者未主动删除时，个人请求删除其信息的权利。	项目释译，非官方译文；不是在任何情形下都能立即彻底删除的无限制权利。	中华人民共和国个人信息保护法（2021） 第47条 https://www.cac.gov.cn/2021-08/20/c_1631050028355286.htm
个人信息处理同意	個人信息處理同意	consent to personal information processing	ge4 ren2 xin4 xi1 chu3 li3 tong2 yi4	privacy	CN	INTERNATIONAL	term	中华人民共和国个人信息保护法（2021）	同意是处理依据之一；第十三条还规定履行合同、法定义务等其他情形。	oll-cn-core:cn-consent-processing	cn-consent-processing	CC-BY-4.0	project_authored	个人在充分知情前提下自愿、明确作出的个人信息处理同意。	项目释译，非官方译文；不要表述为一切处理活动唯一的法律依据。	中华人民共和国个人信息保护法（2021） 第13,14条 https://www.cac.gov.cn/2021-08/20/c_1631050028355286.htm
个人信息处理者	個人信息處理者	personal information handler	ge4 ren2 xin4 xi1 chu3 li3 zhe3	privacy	CN	INTERNATIONAL	role	中华人民共和国个人信息保护法（2021）	关键在自主决定目的和方式；不能仅凭是否实际操作数据判断身份。	oll-cn-core:cn-information-handler	cn-information-handler	CC-BY-4.0	project_authored	在个人信息处理活动中自主决定处理目的和处理方式的组织或个人。	项目释译，非官方译文；不要将本法处理者直接等同 GDPR 的 processor。	中华人民共和国个人信息保护法（2021） 第73条 https://www.cac.gov.cn/2021-08/20/c_1631050028355286.htm
个人信息更正权	個人信息更正權	right to rectification of personal information	ge4 ren2 xin4 xi1 geng1 zheng4 quan2	privacy	CN	INTERNATIONAL	term	中华人民共和国个人信息保护法（2021）	处理者应核实并及时更正、补充；本权利针对信息准确性和完整性。	oll-cn-core:cn-information-correction	cn-information-correction	CC-BY-4.0	project_authored	个人发现信息不准确或不完整时，请求处理者更正、补充的权利。	项目释译，非官方译文；rectification 与删除权分别列示。	中华人民共和国个人信息保护法（2021） 第46条 https://www.cac.gov.cn/2021-08/20/c_1631050028355286.htm
个人身体自由	個人身體自由	individual's physical freedom	ge4 ren2 shen1 ti3 zi4 you2	unclassified	待核查	TW	unclassified	憲法法庭書記廳		tw-judicial:975	tw-judicial-61d85a323b4fef914cfe	OGDL-Taiwan-1.0	source_attributed			
个别性法律	個別性法律	legislation for an isolated case (Einzellfallgesetz)	ge4 bie2 xing4 fa3 lv4	unclassified	待核查	TW	unclassified	憲法法庭書記廳		tw-judicial:976	tw-judicial-fc341cf8f9594ba8ea07	OGDL-Taiwan-1.0	source_attributed			
中医师	中醫師	Chinese herb doctor	zhong1 yi1 shi1	unclassified	待核查	TW	unclassified	憲法法庭書記廳		tw-judicial:115	tw-judicial-637d40ff1e3d675feb97	OGDL-Taiwan-1.0	source_attributed			
中华民国专属经济海域及大陆礁层法	中華民國專屬經濟海域及大陸礁層法	Law on the Exclusive Economic Zone and the Continental Shelf of the Republic of China	zhong1 hua2 min2 guo2 zhuan1 shu3 jing1 ji4 hai3 yu4 ji2 da4 lu4 jiao1 ceng2 fa3	unclassified	待核查	TW	statute	憲法法庭書記廳		tw-judicial:110	tw-judicial-d60709d3fa29c0fb3009	OGDL-Taiwan-1.0	source_attributed			
中华民国四十八年短期公债发行条例	中華民國四十八年短期公債發行條例	Act Governing the Issuance of 1959 Short -Term Public Bond	zhong1 hua2 min2 guo2 si4 shi2 ba1 nian2 duan3 qi1 gong1 zhai4 fa1 xing2 tiao2 li4	unclassified	待核查	TW	statute	憲法法庭書記廳		tw-judicial:108	tw-judicial-639095c50a97413895ed	OGDL-Taiwan-1.0	source_attributed			
中华民国宪法	中華民國憲法	The Constitution of the Republic of China	zhong1 hua2 min2 guo2 xian4 fa3	constitutional	待核查	TW	statute	憲法法庭書記廳		tw-judicial:112	tw-judicial-5de7d5adcd990442fa73	OGDL-Taiwan-1.0	source_attributed			
中华民国宪法增修条文	中華民國憲法增修條文	The Amendment of the Constitution of the Republic of China	zhong1 hua2 min2 guo2 xian4 fa3 zeng1 xiu1 tiao2 wen2	constitutional	待核查	TW	unclassified	憲法法庭書記廳		tw-judicial:113	tw-judicial-796af546e03f730aec12	OGDL-Taiwan-1.0	source_attributed			
中华民国总统	中華民國總統	ROC President	zhong1 hua2 min2 guo2 zong3 tong3	unclassified	待核查	TW	unclassified	憲法法庭書記廳		tw-judicial:114	tw-judicial-4d72353968ed237ef1c4	OGDL-Taiwan-1.0	source_attributed			
中华民国训政时期约法	中華民國訓政時期約法	Provisional Constitution for the Period of Political Tutelage of the Republic of China	zhong1 hua2 min2 guo2 xun4 zheng4 shi2 qi1 yue1 fa3	unclassified	待核查	TW	statute	憲法法庭書記廳		tw-judicial:109	tw-judicial-7dc5c31a572629e53241	OGDL-Taiwan-1.0	source_attributed			
中华民国领海及邻接区法	中華民國領海及鄰接區法	Law on the Territorial Sea and the Contiguous Zone of the Republic of China	zhong1 hua2 min2 guo2 ling3 hai3 ji2 lin2 jie1 qu1 fa3	unclassified	待核查	TW	statute	憲法法庭書記廳		tw-judicial:111	tw-judicial-b3d3c6483b8ef8cc7e78	OGDL-Taiwan-1.0	source_attributed			
中央主管机关	中央主管機關	central governing authority	zhong1 yang1 zhu3 guan3 ji1 guan1	unclassified	待核查	TW	unclassified	憲法法庭書記廳		tw-judicial:97	tw-judicial-383505ad2cf9af7fb9ef	OGDL-Taiwan-1.0	source_attributed			
中央健康保险局	中央健康保險局	Bureau of National Health Insurance	zhong1 yang1 jian4 kang1 bao3 xian3 ju2	unclassified	待核查	TW	unclassified	憲法法庭書記廳		tw-judicial:104	tw-judicial-1aa1b5b3b95ab2ebe678	OGDL-Taiwan-1.0	source_attributed			
中央公教人员福利互助办法	中央公教人員福利互助辦法	Regulations Governing the Fringe Benefits and Mutual Assistance for Civil and Teaching Personnel of Central Government	zhong1 yang1 gong1 jiao4 ren2 yuan2 fu2 li4 hu4 zhu4 ban4 fa3	unclassified	待核查	TW	statute	憲法法庭書記廳		tw-judicial:96	tw-judicial-f9fd047c87f38f532754	OGDL-Taiwan-1.0	source_attributed			
中央政府兴建台湾北部第二高速公路建设公债发行条例	中央政府興建台灣北部第二高速公路建設公債發行條例	Act Governing the Issuance of the Public Construction Bond by the Central Government for Building Second Taiwan North Highway	zhong1 yang1 zheng4 fu3 xing1 jian4 tai2 wan1 bei3 bu4 di4 er4 gao1 su4 gong1 lu4 jian4 she4 gong1 zhai4 fa1 xing2 tiao2 li4	unclassified	待核查	TW	statute	憲法法庭書記廳		tw-judicial:102	tw-judicial-5d19dcb1c341ea3a4e63	OGDL-Taiwan-1.0	source_attributed			
中央政府建设公债及借款条例	中央政府建設公債及借款條例	Central Government Development Bonds and Loans Act	zhong1 yang1 zheng4 fu3 jian4 she4 gong1 zhai4 ji2 jie4 kuan3 tiao2 li4	unclassified	待核查	TW	statute	憲法法庭書記廳		tw-judicial:101	tw-judicial-31780bd2cfa27e35fd00	OGDL-Taiwan-1.0	source_attributed			
中央政府总预算	中央政府總預算	Central Government's budgets	zhong1 yang1 zheng4 fu3 zong3 yu4 suan4	unclassified	待核查	TW	unclassified	憲法法庭書記廳		tw-judicial:103	tw-judicial-4d9277d04fea6aa6c20e	OGDL-Taiwan-1.0	source_attributed			
中央机关	中央機關	central government agency	zhong1 yang1 ji1 guan1	unclassified	待核查	TW	unclassified	憲法法庭書記廳		tw-judicial:106	tw-judicial-cc47d838f707f65007b4	OGDL-Taiwan-1.0	source_attributed			
中央民意代表	中央民意代表	congressperson	zhong1 yang1 min2 yi4 dai4 biao3	unclassified	待核查	TW	unclassified	憲法法庭書記廳		tw-judicial:98	tw-judicial-e4a9394869a661effda1	OGDL-Taiwan-1.0	source_attributed			
中央民意机构	中央民意機構	parliament; national legislative bodies	zhong1 yang1 min2 yi4 ji1 gou4	unclassified	待核查	TW	unclassified	憲法法庭書記廳		tw-judicial:99	tw-judicial-2596f9b832238da35c7d	OGDL-Taiwan-1.0	source_attributed			
中央法规标准法	中央法規標準法	Central Regulation Standard Act	zhong1 yang1 fa3 gui1 biao1 zhun3 fa3	unclassified	待核查	TW	statute	憲法法庭書記廳		tw-judicial:100	tw-judicial-176584a42ec3ecd8ba81	OGDL-Taiwan-1.0	source_attributed			
中央警察大学组织条例	中央警察大學組織條例	Organization Act of the Central Police University	zhong1 yang1 jing3 cha2 da4 xue2 zu3 zhi1 tiao2 li4	unclassified	待核查	TW	statute	憲法法庭書記廳		tw-judicial:107	tw-judicial-a78c435efbc5218662bc	OGDL-Taiwan-1.0	source_attributed			
中央银行法	中央銀行法	The Central Bank of the Republic of China (Taiwan) Act	zhong1 yang1 yin2 hang2 fa3	finance	待核查	TW	statute	憲法法庭書記廳		tw-judicial:105	tw-judicial-dc3c49e03b58f8307dce	OGDL-Taiwan-1.0	source_attributed			
中小企业发展条例	中小企業發展條例	Act for Development of Small and Medium Enterprises	zhong1 xiao3 qi3 ye4 fa1 zhan3 tiao2 li4	unclassified	待核查	TW	statute	憲法法庭書記廳		tw-judicial:95	tw-judicial-9b447517fe46e11ca4c7	OGDL-Taiwan-1.0	source_attributed			
中药	中藥	Chinese medicine	zhong1 yao4	unclassified	待核查	TW	unclassified	憲法法庭書記廳		tw-judicial:116	tw-judicial-43e4975ad653df03282a	OGDL-Taiwan-1.0	source_attributed			
临时会	臨時會	extraordinary session	lin2 shi2 hui4	unclassified	待核查	TW	unclassified	憲法法庭書記廳		tw-judicial:1992	tw-judicial-6feb6d3fd4233b62521a	OGDL-Taiwan-1.0	source_attributed			
主任	主任	Director	zhu3 ren4	unclassified	待核查	TW	unclassified	司法行政廳		tw-judicial:249	tw-judicial-e9d41c573cfad2f4fd9f	OGDL-Taiwan-1.0	source_attributed			
主任公设辩护人	主任公設辯護人	Chief Public Defender	zhu3 ren4 gong1 she4 bian4 hu4 ren2	unclassified	待核查	TW	unclassified	司法行政廳		tw-judicial:250	tw-judicial-96447c1ed414582fc1e3	OGDL-Taiwan-1.0	source_attributed			
主任公证人	主任公證人	Chief Notary Public	zhu3 ren4 gong1 zheng4 ren2	unclassified	待核查	TW	role	司法行政廳		tw-judicial:251	tw-judicial-bf9b236aa48bb5e6d818	OGDL-Taiwan-1.0	source_attributed			
主任医师	主任醫師	Chief Doctor	zhu3 ren4 yi1 shi1	unclassified	待核查	TW	unclassified	司法行政廳		tw-judicial:256	tw-judicial-5e845106f32b4ad4d948	OGDL-Taiwan-1.0	source_attributed			
主任参事	主任參事	Chief Counselor	zhu3 ren4 can1 shi4	unclassified	待核查	TW	unclassified	司法行政廳		tw-judicial:252	tw-judicial-b116cb01dc3b11922b7f	OGDL-Taiwan-1.0	source_attributed			
主任参事室	主任參事室	Chief Counselor	zhu3 ren4 can1 shi4 shi4	unclassified	待核查	TW	unclassified	司法行政廳		tw-judicial:253	tw-judicial-e937f817c922f47f0025	OGDL-Taiwan-1.0	source_attributed			
主任商业调查官	主任商業調查官	Chief Commercial Investigation Officer	zhu3 ren4 shang1 ye4 diao4 cha2 guan1	unclassified	待核查	TW	unclassified	資訊處		tw-judicial:254	tw-judicial-be0abfa683dedd4edea0	OGDL-Taiwan-1.0	source_attributed			
主任观护人	主任觀護人	Chief Probation Officer	zhu3 ren4 guan1 hu4 ren2	unclassified	待核查	TW	unclassified	司法行政廳		tw-judicial:257	tw-judicial-5556707d2b6cb44c7723	OGDL-Taiwan-1.0	source_attributed			
主任调查保护官	主任調查保護官	Chief Investigation and Probation Officer	zhu3 ren4 diao4 cha2 bao3 hu4 guan1	unclassified	待核查	TW	unclassified	司法行政廳		tw-judicial:255	tw-judicial-5f8273af2069dcdba5fc	OGDL-Taiwan-1.0	source_attributed			
主体、实体	主體、實體	entity		intellectual_property	待核查	TW	unclassified	A13070000G		tw-tipo-trademark:189	tw-tipo-trademark-b21ca699a739f126b8a9	OGDL-Taiwan-1.0	source_attributed			
主刑	主刑	primary sentence	zhu3 xing2	criminal	待核查	TW	unclassified	憲法法庭書記廳		tw-judicial:258	tw-judicial-4d05166eec04d40cc9fa	OGDL-Taiwan-1.0	source_attributed			
主商标	主商標	house mark	zhu3 shang1 biao1	intellectual_property	待核查	TW	unclassified	A13070000G		tw-tipo-trademark:274	tw-tipo-trademark-b5a03072d59d0da07587	OGDL-Taiwan-1.0	source_attributed			
主机室	主機室	Computer Facilities	zhu3 ji1 shi4	unclassified	待核查	TW	unclassified	司法行政廳		tw-judicial:263	tw-judicial-0e49e49b3d87547f3838	OGDL-Taiwan-1.0	source_attributed			
主管地政机关	主管地政機關	agency in charge of land administration	zhu3 guan3 di4 zheng4 ji1 guan1	unclassified	待核查	TW	unclassified	憲法法庭書記廳		tw-judicial:260	tw-judicial-3d00eb3a76497a41696e	OGDL-Taiwan-1.0	source_attributed			
主管机关	主管機關	agency-in-charge; authority	zhu3 guan3 ji1 guan1	unclassified	待核查	TW	unclassified	憲法法庭書記廳		tw-judicial:262	tw-judicial-1cce8fc4e4437dbd19e1	OGDL-Taiwan-1.0	source_attributed			
主管机关	主管機關	competent authority	zhu3 guan3 ji1 guan1	intellectual_property	待核查	TW	unclassified	A13070000G		tw-tipo-trademark:96	tw-tipo-trademark-32960957d84b6e53d30b	OGDL-Taiwan-1.0	source_attributed			
主管稽征机关	主管稽徵機關	competent taxing authority	zhu3 guan3 ji1 zheng1 ji1 guan1	unclassified	待核查	TW	unclassified	憲法法庭書記廳		tw-judicial:261	tw-judicial-e7c5d7ddf14c63e81bd1	OGDL-Taiwan-1.0	source_attributed			
主要印象	主要印象	principal impression	zhu3 yao4 yin4 xiang4	intellectual_property	待核查	TW	unclassified	A13070000G		tw-tipo-trademark:291	tw-tipo-trademark-c921c9eece91fc49db61	OGDL-Taiwan-1.0	source_attributed			
主要注册簿	主要註冊簿	principal register	zhu3 yao4 zhu4 ce4 bu4	intellectual_property	待核查	TW	unclassified	A13070000G		tw-tipo-trademark:428	tw-tipo-trademark-ac8bb5a808bf4e50c489	OGDL-Taiwan-1.0	source_attributed			
主要涵义	主要涵義	primary meaning	zhu3 yao4 han2 yi4	intellectual_property	待核查	TW	unclassified	A13070000G		tw-tipo-trademark:427	tw-tipo-trademark-286965dc2e697acf54fb	OGDL-Taiwan-1.0	source_attributed			
主计机构人员设置管理条例	主計機構人員設置管理條例	Statues for Establishment and Management of Budget, Accounting and Statistics Agencies and BAS Personnel	zhu3 ji4 ji1 gou4 ren2 yuan2 she4 zhi4 guan3 li3 tiao2 li4	unclassified	待核查	TW	statute	憲法法庭書記廳		tw-judicial:259	tw-judicial-81c12c9309cd38590d66	OGDL-Taiwan-1.0	source_attributed			
举证责任	舉證責任	burden of proof	ju3 zheng4 ze2 ren4	unclassified	待核查	TW	unclassified	憲法法庭書記廳		tw-judicial:1993	tw-judicial-30a4e134f6aa4a0067c1	OGDL-Taiwan-1.0	source_attributed			
举证责任分配之法则	舉證責任分配之法則	doctrine of distribution of the burden of proof	ju3 zheng4 ze2 ren4 fen1 pei4 zhi1 fa3 ze2	unclassified	待核查	TW	unclassified	憲法法庭書記廳		tw-judicial:1994	tw-judicial-f26678b3ca3e1261d902	OGDL-Taiwan-1.0	source_attributed			
九二一震灾重建暂行条例	九二一震災重建暫行條例	Provisional Act Governing 921 Earthquake Post-Disaster Reconstruction	jiu3 er4 yi1 zhen4 zai1 chong2 jian4 zan4 xing2 tiao2 li4	unclassified	待核查	TW	statute	憲法法庭書記廳		tw-judicial:9	tw-judicial-d47fb67647257b0fe6cd	OGDL-Taiwan-1.0	source_attributed			
习惯	習慣	custom	xi2 guan4	unclassified	待核查	TW	unclassified	憲法法庭書記廳		tw-judicial:1322	tw-judicial-7e580e7a0d9f62b46fbe	OGDL-Taiwan-1.0	source_attributed			
乡、镇、市、区公所	鄉、鎮、市、區公所	office of hsiang, township, city, or precinct		unclassified	待核查	TW	unclassified	憲法法庭書記廳		tw-judicial:1512	tw-judicial-3b0747c17df2677b5fce	OGDL-Taiwan-1.0	source_attributed			
书记	書記	Associate Clerk	shu1 ji4	unclassified	待核查	TW	unclassified	司法行政廳		tw-judicial:1014	tw-judicial-ae9f2082d1f3a2c680bf	OGDL-Taiwan-1.0	source_attributed			
书记官	書記官	Clerk	shu1 ji4 guan1	unclassified	待核查	TW	unclassified	司法行政廳		tw-judicial:1015	tw-judicial-cf8442d79e1ce6d8b4d1	OGDL-Taiwan-1.0	source_attributed			
书记官席	書記官席	Clerk	shu1 ji4 guan1 xi2	unclassified	待核查	TW	unclassified	司法行政廳		tw-judicial:1018	tw-judicial-21698daa635b7e2a226b	OGDL-Taiwan-1.0	source_attributed			
书记官长	書記官長	Chief Clerk	shu1 ji4 guan1 zhang3	unclassified	待核查	TW	unclassified	司法行政廳		tw-judicial:1016	tw-judicial-416d28e480aeaf6e40b5	OGDL-Taiwan-1.0	source_attributed			
书记官长室	書記官長室	Chief Clerk Office	shu1 ji4 guan1 zhang3 shi4	unclassified	待核查	TW	unclassified	司法行政廳		tw-judicial:1017	tw-judicial-f352d6380c9fad44ca55	OGDL-Taiwan-1.0	source_attributed			
书记长（政党）	書記長（政黨）	Secretary General		unclassified	待核查	TW	unclassified	憲法法庭書記廳		tw-judicial:1019	tw-judicial-960c767a69179e4b7a66	OGDL-Taiwan-1.0	source_attributed			
书面劳动合同	書面勞動合同	written employment contract	shu1 mian4 lao2 dong4 he2 tong2	employment	CN	INTERNATIONAL	document	中华人民共和国劳动合同法（2012修正）	建立劳动关系原则上应订立书面劳动合同；已实际用工但未同时订立的，应当自用工之日起一个月内订立。	oll-cn-admin-labor:cn-labor-written-contract	cn-labor-written-contract	CC-BY-4.0	project_authored	用人单位与劳动者以书面形式订立的劳动合同。	项目释译，非官方译文；employment contract 在本项目中对应劳动合同，避免与一般 service contract 混同。	中华人民共和国劳动合同法（2012修正） 第10条 https://fgk.chinatax.gov.cn/zcfgk/c100009/c5193025/content.html
书面同意	書面同意	written consent	shu1 mian4 tong2 yi4	intellectual_property	待核查	TW	unclassified	A13070000G		tw-tipo-trademark:611	tw-tipo-trademark-66e8af843289d5773d6c	OGDL-Taiwan-1.0	source_attributed			
书面形式	書面形式	written form	shu1 mian4 xing2 shi4	contracts	CN	INTERNATIONAL	term	中华人民共和国民法典（2020）	可随时调取查用并能有形表现内容的电子邮件等，视为书面形式。	oll-cn-core:cn-written-form	cn-written-form	CC-BY-4.0	project_authored	能够有形表现所载内容的合同形式，包括符合条件的数据电文。	项目释译，非官方译文；written form 不限于纸张和手写签名。	中华人民共和国民法典（2020） 第469条 https://www.court.gov.cn/zixun/xiangqing/233181.html
书面文件	書面文件	written document	shu1 mian4 wen2 jian4	intellectual_property	待核查	TW	unclassified	A13070000G		tw-tipo-trademark:612	tw-tipo-trademark-90d358adefc67e3b6729	OGDL-Taiwan-1.0	source_attributed			
书面请求	書面請求	written request	shu1 mian4 qing3 qiu2	intellectual_property	待核查	TW	unclassified	A13070000G		tw-tipo-trademark:613	tw-tipo-trademark-3b7995050f058e0a35d6	OGDL-Taiwan-1.0	source_attributed			
书面通知	書面通知	written notice	shu1 mian4 tong1 zhi1	unclassified	待核查	TW	unclassified	民事廳		tw-judicial:1013	tw-judicial-411e11a3e1a536f9d2e2	OGDL-Taiwan-1.0	source_attributed			
争议解决方案	爭議解決方案	ADR	zheng1 yi4 jie3 jue2 fang1 an4	intellectual_property	待核查	TW	abbreviation	A13070000G		tw-tipo-trademark:14	tw-tipo-trademark-186a3a10380d3a34b9bf	OGDL-Taiwan-1.0	source_attributed			
争议解决方案	爭議解決方案	Alternative Dispute Resolution	zheng1 yi4 jie3 jue2 fang1 an4	intellectual_property	待核查	TW	unclassified	A13070000G		tw-tipo-trademark:15	tw-tipo-trademark-b5d096971353b458081d	OGDL-Taiwan-1.0	source_attributed			
事件之本质	事件之本質	Natur der Sache	shi4 jian4 zhi1 ben3 zhi4	unclassified	待核查	TW	unclassified	憲法法庭書記廳		tw-judicial:687	tw-judicial-a47b59fa5b29b2c2359f	OGDL-Taiwan-1.0	source_attributed			
事假	事假	Paid Leave for Personal Affair	shi4 jia4	unclassified	待核查	TW	unclassified	人事處		tw-judicial:689	tw-judicial-4205cb633366d4b664d2	OGDL-Taiwan-1.0	source_attributed			
事前审查	事前審查	prior censorship	shi4 qian2 shen3 cha2	unclassified	待核查	TW	unclassified	憲法法庭書記廳		tw-judicial:688	tw-judicial-b7dffa4bd78ebcf2c26b	OGDL-Taiwan-1.0	source_attributed			
事实上功能性	事實上功能性	De Facto Function	shi4 shi2 shang4 gong1 neng2 xing4	intellectual_property	待核查	TW	unclassified	A13070000G		tw-tipo-trademark:126	tw-tipo-trademark-9d471618a4dd324dd0c7	OGDL-Taiwan-1.0	source_attributed			
事实审	事實審	trial on matters of fact	shi4 shi2 shen3	unclassified	待核查	TW	unclassified	憲法法庭書記廳		tw-judicial:690	tw-judicial-4578748c2a4c9637d940	OGDL-Taiwan-1.0	source_attributed			
事实真相、是非曲直	事實真相、是非曲直	merits		intellectual_property	待核查	TW	unclassified	A13070000G		tw-tipo-trademark:361	tw-tipo-trademark-56afc9f14a9328cd8aff	OGDL-Taiwan-1.0	source_attributed			
二元诉讼制度	二元訴訟制度	dual system of litigation	er4 yuan2 su4 song4 zhi4 du4	dispute_resolution	待核查	TW	unclassified	憲法法庭書記廳		tw-judicial:10	tw-judicial-4912258ea915495e5135	OGDL-Taiwan-1.0	source_attributed			
互惠待遇	互惠待遇	reciprocal treatment	hu4 hui4 dai4 yu4	intellectual_property	待核查	TW	unclassified	A13070000G		tw-tipo-trademark:462	tw-tipo-trademark-54d2bb01c64b3227bca4	OGDL-Taiwan-1.0	source_attributed			
五权分立	五權分立	Five Power Division	wu3 quan2 fen1 li4	unclassified	待核查	TW	unclassified	憲法法庭書記廳		tw-judicial:118	tw-judicial-5683662ba6e61b9bf01c	OGDL-Taiwan-1.0	source_attributed			
五边形	五邊形	pentagon	wu3 bian1 xing2	intellectual_property	待核查	TW	unclassified	A13070000G		tw-tipo-trademark:404	tw-tipo-trademark-41a1d4692a3fe90f22f2	OGDL-Taiwan-1.0	source_attributed			
五院制	五院制	Five-Yuan System	wu3 yuan4 zhi4	unclassified	待核查	TW	unclassified	憲法法庭書記廳		tw-judicial:117	tw-judicial-32fcd467d8c4e21a6919	OGDL-Taiwan-1.0	source_attributed			
交付观察	交付觀察	Empirical execution （Release on observation ）	jiao1 fu4 guan1 cha2	unclassified	待核查	TW	unclassified	少年及家事廳		tw-judicial:421	tw-judicial-0339fc5c44e8d64c2523	OGDL-Taiwan-1.0	source_attributed			
交叉检索	交叉檢索	cross-search	jiao1 cha1 jian3 suo3	intellectual_property	待核查	TW	unclassified	A13070000G		tw-tipo-trademark:122	tw-tipo-trademark-609f8b508ba2e377b64f	OGDL-Taiwan-1.0	source_attributed			
交易前后手	交易前後手	antecedent and subsequent parties to transaction	jiao1 yi4 qian2 hou4 shou3	unclassified	待核查	TW	unclassified	憲法法庭書記廳		tw-judicial:422	tw-judicial-6f36def3e0d85b5d53e8	OGDL-Taiwan-1.0	source_attributed			
交易管道	交易管道	channels of trade	jiao1 yi4 guan3 dao4	intellectual_property	待核查	TW	unclassified	A13070000G		tw-tipo-trademark:67	tw-tipo-trademark-d3fc3bfa78ff4237eb78	OGDL-Taiwan-1.0	source_attributed			
交通工具排放空气污染物罚锾标准	交通工具排放空氣污染物罰鍰標準	Imposition of Fine Standards for Air Pollution Exhausted by Motor Vehicles	jiao1 tong1 gong1 ju4 pai2 fang4 kong1 qi4 wu1 ran3 wu4 fa2 huan2 biao1 zhun3	unclassified	待核查	TW	unclassified	憲法法庭書記廳		tw-judicial:423	tw-judicial-4fa0d4421a340f61665b	OGDL-Taiwan-1.0	source_attributed			
交通纪录科	交通紀錄科	Traffic Affairs Recording Section	jiao1 tong1 ji4 lu4 ke1	unclassified	待核查	TW	unclassified	司法行政廳		tw-judicial:424	tw-judicial-6d351831883c9ca15df8	OGDL-Taiwan-1.0	source_attributed			
产业升级	產業升級	upgrading industries	chan3 ye4 sheng1 ji2	unclassified	待核查	TW	unclassified	憲法法庭書記廳		tw-judicial:1285	tw-judicial-b12a635de0bd027f256b	OGDL-Taiwan-1.0	source_attributed			
产品或服务与产地之关联性	產品或服務與產地之關聯性	Goods/Place or Services/Place Association	chan3 pin3 huo4 fu2 wu4 yu3 chan3 di4 zhi1 guan1 lian2 xing4	intellectual_property	待核查	TW	unclassified	A13070000G		tw-tipo-trademark:264	tw-tipo-trademark-548b4de1a78f0ba33350	OGDL-Taiwan-1.0	source_attributed			
产品或服务与产地之关联性	產品或服務與產地之關聯性	GPSPA	chan3 pin3 huo4 fu2 wu4 yu3 chan3 di4 zhi1 guan1 lian2 xing4	intellectual_property	待核查	TW	abbreviation	A13070000G		tw-tipo-trademark:263	tw-tipo-trademark-e0bf6c0c4e3a8cab644f	OGDL-Taiwan-1.0	source_attributed			
享有特权之申请人在美国申请注册之商标，于注册前无须商业使用，而只要是该已在他国注册之商标权人，且有善意使用于商业之意图。	享有特權之申請人在美國申請註冊之商標，於註冊前無須商業使用，而只要是該已在他國註冊之商標權人，且有善意使用於商業之意圖。	An eligible applicant registers a mark in the United States based on ownership of a registration a statement of a bona fide intention to use the mark in commerce, without use in commerce prior to registration.		intellectual_property	待核查	TW	unclassified	A13070000G		tw-tipo-trademark:179	tw-tipo-trademark-dfc6ee834d431ebabc0a	OGDL-Taiwan-1.0	source_attributed			
亲属会议	親屬會議	family council	qin1 shu3 hui4 yi4	unclassified	待核查	TW	unclassified	憲法法庭書記廳		tw-judicial:1918	tw-judicial-844e7fb6a0fcbc38b83d	OGDL-Taiwan-1.0	source_attributed			
亲属法	親屬法	family law	qin1 shu3 fa3	unclassified	待核查	TW	unclassified	憲法法庭書記廳		tw-judicial:1917	tw-judicial-517daaac4e37fd753d06	OGDL-Taiwan-1.0	source_attributed			
亲权	親權	parental rights	qin1 quan2	family	待核查	TW	unclassified	憲法法庭書記廳		tw-judicial:1919	tw-judicial-4e5f9cbf38b3be07a7cf	OGDL-Taiwan-1.0	source_attributed			
亲权滥用	親權濫用	abuse of parental rights	qin1 quan2 lan4 yong4	family	待核查	TW	unclassified	憲法法庭書記廳		tw-judicial:1920	tw-judicial-c13205bde618dcd9f7b4	OGDL-Taiwan-1.0	source_attributed			
亲职教育	親職教育	Parenting Education	qin1 zhi2 jiao4 yu4	unclassified	待核查	TW	unclassified	少年及家事廳		tw-judicial:1916	tw-judicial-95a262e13d76b414c808	OGDL-Taiwan-1.0	source_attributed			
人事处	人事處	Department of Personnel	ren2 shi4 chu4	unclassified	待核查	TW	unclassified	司法行政廳		tw-judicial:18	tw-judicial-6f67a00e3c4d8ae535eb	OGDL-Taiwan-1.0	source_attributed			
人事室	人事室	Personnel Office	ren2 shi4 shi4	unclassified	待核查	TW	unclassified	司法行政廳		tw-judicial:17	tw-judicial-281724134c7a13f2849a	OGDL-Taiwan-1.0	source_attributed			
人事管理	人事管理	Personnel Management	ren2 shi4 guan3 li3	unclassified	待核查	TW	unclassified	人事處		tw-judicial:19	tw-judicial-0f36024c669570e01717	OGDL-Taiwan-1.0	source_attributed			
人格尊严	人格尊嚴	personal dignity	ren2 ge2 zun1 yan2	civil	待核查	TW	unclassified	憲法法庭書記廳		tw-judicial:20	tw-judicial-43bd6deef7376ded87d2	OGDL-Taiwan-1.0	source_attributed			
人格权	人格權	personal rights	ren2 ge2 quan2	civil	待核查	TW	unclassified	憲法法庭書記廳		tw-judicial:21	tw-judicial-0a01fc1c38bfca8ac668	OGDL-Taiwan-1.0	source_attributed			
人民之自由权利	人民之自由權利	people's freedoms and rights	ren2 min2 zhi1 zi4 you2 quan2 li4	unclassified	待核查	TW	unclassified	憲法法庭書記廳		tw-judicial:11	tw-judicial-a99d9fa5d397e55bb7ef	OGDL-Taiwan-1.0	source_attributed			
人民团体	人民團體	civil association	ren2 min2 tuan2 ti3	unclassified	待核查	TW	unclassified	憲法法庭書記廳		tw-judicial:13	tw-judicial-15ccafad591840a5a546	OGDL-Taiwan-1.0	source_attributed			
人民团体法	人民團體法	Civil Associations Act	ren2 min2 tuan2 ti3 fa3	unclassified	待核查	TW	statute	憲法法庭書記廳		tw-judicial:14	tw-judicial-fa5b532f7f6d600223a1	OGDL-Taiwan-1.0	source_attributed			
人民身体自由；人身自由	人民身體自由；人身自由	personal freedom		unclassified	待核查	TW	unclassified	憲法法庭書記廳		tw-judicial:12	tw-judicial-80f65de2d899942a1e84	OGDL-Taiwan-1.0	source_attributed			
人身保护令状	人身保護令狀	habeas corpus	ren2 shen1 bao3 hu4 ling4 zhuang4	unclassified	待核查	TW	unclassified	憲法法庭書記廳		tw-judicial:16	tw-judicial-bf512a88a42cbc2d4909	OGDL-Taiwan-1.0	source_attributed			
人身自由	人身自由	personal freedom; personal liberty; physical liberty	ren2 shen1 zi4 you2	unclassified	待核查	TW	unclassified	憲法法庭書記廳		tw-judicial:15	tw-judicial-e602e04161e5ffc5316e	OGDL-Taiwan-1.0	source_attributed			
仍为有效	仍為有效	to remain in force	reng2 wei4 you3 xiao4	intellectual_property	待核查	TW	unclassified	A13070000G		tw-tipo-trademark:231	tw-tipo-trademark-a264f8a44a0bae3b6176	OGDL-Taiwan-1.0	source_attributed			
从事于公务之权利	從事於公務之權利	right of holding public offices	cong2 shi4 yu2 gong1 wu4 zhi1 quan2 li4	unclassified	待核查	TW	unclassified	憲法法庭書記廳		tw-judicial:1261	tw-judicial-e8c131e93f2822235f4c	OGDL-Taiwan-1.0	source_attributed			
从价计征	從價計徵	ad valorem assessment	cong2 jia4 ji4 zheng1	tax,trade	CN	INTERNATIONAL	action	中华人民共和国关税法（2024）	第二十三条并列规定从价、从量和复合计征三种方式；从价计征的核心变量是计税价格和比例税率。	oll-cn-tax-trade:cn-customs-ad-valorem	cn-customs-ad-valorem	CC-BY-4.0	project_authored	按照货物计税价格乘以比例税率计算关税应纳税额的计征方式。	项目释译，非官方译文；ad valorem assessment 表示按价值计征关税。	中华人民共和国关税法（2024） 第23条 https://fgk.chinatax.gov.cn/zcfgk/c100009/c5234556/content.html
从刑	從刑	subordinate sentence	cong2 xing2	criminal	待核查	TW	unclassified	憲法法庭書記廳		tw-judicial:1260	tw-judicial-50762656a3b1a1cbd7b3	OGDL-Taiwan-1.0	source_attributed			
从契约	從契約	accessory contract	cong2 qi4 yue1	contracts	待核查	TW	unclassified	憲法法庭書記廳		tw-judicial:1262	tw-judicial-cae4dc5195531c8e5a5b	OGDL-Taiwan-1.0	source_attributed			
从量计征	從量計徵	specific duty assessment	cong2 liang2 ji4 zheng1	tax,trade	CN	INTERNATIONAL	action	中华人民共和国关税法（2024）	第二十三条规定从量计征以货物数量和定额税率计算，不应与按计税价格计算的从价计征混淆。	oll-cn-tax-trade:cn-customs-specific-duty	cn-customs-specific-duty	CC-BY-4.0	project_authored	按照货物数量乘以定额税率计算关税应纳税额的计征方式。	项目释译，非官方译文；specific duty assessment 表示按数量计征。	中华人民共和国关税法（2024） 第23条 https://fgk.chinatax.gov.cn/zcfgk/c100009/c5234556/content.html
付诸新的行政作业	付諸新的行政作業	issue a new action	fu4 zhu1 xin1 de5 xing2 zheng4 zuo4 ye4	intellectual_property	待核查	TW	unclassified	A13070000G		tw-tipo-trademark:328	tw-tipo-trademark-85fadd7863f34d580321	OGDL-Taiwan-1.0	source_attributed			
代位物	代位物	substitutional object	dai4 wei4 wu4	unclassified	待核查	TW	unclassified	憲法法庭書記廳		tw-judicial:266	tw-judicial-f1759c4d11af4618eae5	OGDL-Taiwan-1.0	source_attributed			
代位继承	代位繼承	inheritance in subrogation	dai4 wei4 ji4 cheng2	family	待核查	TW	unclassified	憲法法庭書記廳		tw-judicial:267	tw-judicial-4123560671d7722744d5	OGDL-Taiwan-1.0	source_attributed			
代撰书状	代撰書狀	Drafting Legal Documents	dai4 zhuan4 shu1 zhuang4	unclassified	待核查	TW	unclassified	司法行政廳		tw-judicial:270	tw-judicial-0c004898fe31462d1310	OGDL-Taiwan-1.0	source_attributed			
代收传真	代收傳真	Facsimile Service	dai4 shou1 chuan2 zhen1	unclassified	待核查	TW	unclassified	司法行政廳		tw-judicial:265	tw-judicial-d5dda3d082239f42d548	OGDL-Taiwan-1.0	source_attributed			
代替利益	代替利益	substitutional interest	dai4 ti4 li4 yi4	unclassified	待核查	TW	unclassified	憲法法庭書記廳		tw-judicial:269	tw-judicial-97d76c840f5be8884c3b	OGDL-Taiwan-1.0	source_attributed			
代理	代理	agency	dai4 li3	civil	CN	INTERNATIONAL	term	中华人民共和国民法典（2020）	法律、约定或行为性质要求本人亲自实施的行为，不得代理。	oll-cn-core:cn-agency	cn-agency	CC-BY-4.0	project_authored	代理人在代理权限内，以被代理人名义实施民事法律行为并使其效力归于被代理人的制度。	项目释译，非官方译文；agency 还可表示机构；本条专指民事代理制度。	中华人民共和国民法典（2020） 第161,162条 https://www.court.gov.cn/zixun/xiangqing/233181.html
代表、代理人	代表、代理人	representative		intellectual_property	待核查	TW	unclassified	A13070000G		tw-tipo-trademark:492	tw-tipo-trademark-e259e3a786e9da0f8b1e	OGDL-Taiwan-1.0	source_attributed			
代表总额	代表總額	total number of delegates	dai4 biao3 zong3 e2	unclassified	待核查	TW	unclassified	憲法法庭書記廳		tw-judicial:268	tw-judicial-ee2ca59bcf346a5afad1	OGDL-Taiwan-1.0	source_attributed			
以使用为基础之拒绝条款	以使用為基礎之拒絕條款	Use Based Refusals	yi3 shi3 yong4 wei4 ji1 chu3 zhi1 ju4 jue2 tiao2 kuan3	intellectual_property	待核查	TW	unclassified	A13070000G		tw-tipo-trademark:590	tw-tipo-trademark-cf989d6792c6fdaaf834	OGDL-Taiwan-1.0	source_attributed			
以取得标的不动产所有权为目的之占有	以取得標的不動產所有權為目的之占有	adverse possession	yi3 qu3 de2 biao1 di4 bu4 dong4 chan3 suo3 you3 quan2 wei4 mu4 di4 zhi1 zhan4 you3	civil,property	待核查	TW	unclassified	憲法法庭書記廳		tw-judicial:264	tw-judicial-a17a7ebfb468e263f2e9	OGDL-Taiwan-1.0	source_attributed			
以图样表示	以圖樣表示	graphical representation	yi3 tu2 yang4 biao3 shi4	intellectual_property	待核查	TW	unclassified	A13070000G		tw-tipo-trademark:267	tw-tipo-trademark-f134df091e9f4471bf4e	OGDL-Taiwan-1.0	source_attributed			
仲裁、调解	仲裁、調解	mediation		intellectual_property	待核查	TW	unclassified	A13070000G		tw-tipo-trademark:357	tw-tipo-trademark-fddeef5952ba3f19bb9e	OGDL-Taiwan-1.0	source_attributed			
仲裁人	仲裁人	Arbitrator	zhong4 cai2 ren2	dispute_resolution	待核查	TW	unclassified	民事廳		tw-judicial:426	tw-judicial-7999bdb85abfef1e7397	OGDL-Taiwan-1.0	source_attributed			
仲裁判断	仲裁判斷	Arbitration Award	zhong4 cai2 pan4 duan4	dispute_resolution	待核查	TW	unclassified	民事廳		tw-judicial:427	tw-judicial-f508250bae7f4d1bcbfa	OGDL-Taiwan-1.0	source_attributed			
仲裁协议	仲裁協議	Arbitration Agreement	zhong4 cai2 xie2 yi4	dispute_resolution	待核查	TW	unclassified	民事廳		tw-judicial:428	tw-judicial-c606caa5c1da280af284	OGDL-Taiwan-1.0	source_attributed			
仲裁法庭	仲裁法庭	Arbitral tribunal	zhong4 cai2 fa3 ting2	dispute_resolution	待核查	TW	unclassified	民事廳		tw-judicial:429	tw-judicial-1515c9e33c7b2fbf57d2	OGDL-Taiwan-1.0	source_attributed			
价值判断	價值判斷	value judgment	jia4 zhi2 pan4 duan4	unclassified	待核查	TW	unclassified	憲法法庭書記廳		tw-judicial:1776	tw-judicial-c6c0d5af4e6a0dbd848b	OGDL-Taiwan-1.0	source_attributed			
任意性商标	任意性商標	arbitrary mark	ren4 yi4 xing4 shang1 biao1	intellectual_property	待核查	TW	unclassified	A13070000G		tw-tipo-trademark:38	tw-tipo-trademark-bb28afb9b39b7d5b7515	OGDL-Taiwan-1.0	source_attributed			
任用	任用	Appointment	ren4 yong4	unclassified	待核查	TW	unclassified	人事處		tw-judicial:430	tw-judicial-2d30f6e74d9e5257eb5f	OGDL-Taiwan-1.0	source_attributed			
企业并购法	企業併購法	Business Mergers And Acquisitions Act	qi3 ye4 bing4 gou4 fa3	m_and_a	待核查	TW	statute	憲法法庭書記廳		tw-judicial:431	tw-judicial-2b744a66de4d335c135c	OGDL-Taiwan-1.0	source_attributed			
企业的信誉	企業的信譽	the goodwill of the business	qi3 ye4 de5 xin4 yu4	intellectual_property	待核查	TW	unclassified	A13070000G		tw-tipo-trademark:260	tw-tipo-trademark-65fd90fc5c5d9355781b	OGDL-Taiwan-1.0	source_attributed			
休假	休假	Annual Leave	xiu1 jia4	unclassified	待核查	TW	unclassified	人事處		tw-judicial:425	tw-judicial-10e35e7038bbc28185a5	OGDL-Taiwan-1.0	source_attributed			
优先	優先	override	you1 xian1	intellectual_property	待核查	TW	unclassified	A13070000G		tw-tipo-trademark:393	tw-tipo-trademark-fb261f78124b906d450d	OGDL-Taiwan-1.0	source_attributed			
优先使用权	優先使用權	priority of use	you1 xian1 shi3 yong4 quan2	intellectual_property	待核查	TW	unclassified	A13070000G		tw-tipo-trademark:436	tw-tipo-trademark-c0f8c1c33d64d0631632	OGDL-Taiwan-1.0	source_attributed			
优先受偿权	優先受償權	priority right for claim	you1 xian1 shou4 chang2 quan2	unclassified	待核查	TW	unclassified	憲法法庭書記廳		tw-judicial:1940	tw-judicial-a5b0b35de68a7701fbf6	OGDL-Taiwan-1.0	source_attributed			
优先承受权	優先承受權	right of first refusal	you1 xian1 cheng2 shou4 quan2	unclassified	待核查	TW	unclassified	憲法法庭書記廳		tw-judicial:1941	tw-judicial-0132cc1bd54062be1f9b	OGDL-Taiwan-1.0	source_attributed			
优先权/优先权日	優先權/優先權日	priority/priority date		intellectual_property	待核查	TW	unclassified	A13070000G		tw-tipo-trademark:437	tw-tipo-trademark-03050fa3aa313789b310	OGDL-Taiwan-1.0	source_attributed			
优先权声明	優先權聲明	claim priority	you1 xian1 quan2 sheng1 ming2	intellectual_property	待核查	TW	unclassified	A13070000G		tw-tipo-trademark:74	tw-tipo-trademark-72e05ba443549ff2e15d	OGDL-Taiwan-1.0	source_attributed			
优先权申请日	優先權申請日	priority filing date	you1 xian1 quan2 shen1 qing3 ri4	intellectual_property	待核查	TW	unclassified	A13070000G		tw-tipo-trademark:435	tw-tipo-trademark-e5e04262ecfa04d3a0dd	OGDL-Taiwan-1.0	source_attributed			
优先权请求	優先權請求	priority claim	you1 xian1 quan2 qing3 qiu2	intellectual_property	待核查	TW	unclassified	A13070000G		tw-tipo-trademark:433	tw-tipo-trademark-9ea5139d6f49029e986d	OGDL-Taiwan-1.0	source_attributed			
优先考量	優先考量	overriding concern	you1 xian1 kao3 liang2	intellectual_property	待核查	TW	unclassified	A13070000G		tw-tipo-trademark:394	tw-tipo-trademark-5f040b58ebcd3c5202ff	OGDL-Taiwan-1.0	source_attributed			
优先适用	優先適用	prior application	you1 xian1 shi4 yong4	unclassified	待核查	TW	unclassified	憲法法庭書記廳		tw-judicial:1942	tw-judicial-af5000ad35c5d921df03	OGDL-Taiwan-1.0	source_attributed			
会员身分	會員身分	membership	hui4 yuan2 shen1 fen4	intellectual_property	待核查	TW	unclassified	A13070000G		tw-tipo-trademark:358	tw-tipo-trademark-d7409100877da8400ed8	OGDL-Taiwan-1.0	source_attributed			
会客室	會客室	Reception Room	hui4 ke4 shi4	unclassified	待核查	TW	unclassified	司法行政廳		tw-judicial:1540	tw-judicial-f8de2450e638d2f23b2e	OGDL-Taiwan-1.0	source_attributed			
会计处	會計處	Department of Accounting	kuai4 ji4 chu4	unclassified	待核查	TW	unclassified	司法行政廳		tw-judicial:1547	tw-judicial-cba9bbebd9b89ae76eac	OGDL-Taiwan-1.0	source_attributed			
会计室	會計室	Accounting Office	kuai4 ji4 shi4	unclassified	待核查	TW	unclassified	司法行政廳		tw-judicial:1544	tw-judicial-e7d88a3ead02aeb6439d	OGDL-Taiwan-1.0	source_attributed			
会计师惩戒	會計師懲戒	discipline action on Certified Public Accountant/CPA	kuai4 ji4 shi1 cheng2 jie4	unclassified	待核查	TW	unclassified	憲法法庭書記廳		tw-judicial:1546	tw-judicial-386ca0d3aeed79236aa0	OGDL-Taiwan-1.0	source_attributed			
会计师法	會計師法	Certified Public Accountant Act	kuai4 ji4 shi1 fa3	unclassified	待核查	TW	statute	憲法法庭書記廳		tw-judicial:1545	tw-judicial-c1ce5242d9e6d5afca1f	OGDL-Taiwan-1.0	source_attributed			
会计法	會計法	Accounting Act	kuai4 ji4 fa3	unclassified	待核查	TW	unclassified	憲法法庭書記廳		tw-judicial:1541	tw-judicial-fb10e25b129040df9874	OGDL-Taiwan-1.0	source_attributed			
会计长	會計長	Accountant-General	kuai4 ji4 zhang3	unclassified	待核查	TW	unclassified	司法行政廳		tw-judicial:1542	tw-judicial-4d42e5dfcdbf758c851b	OGDL-Taiwan-1.0	source_attributed			
会计长室	會計長室	Accountant- General	kuai4 ji4 zhang3 shi4	unclassified	待核查	TW	unclassified	司法行政廳		tw-judicial:1543	tw-judicial-6a8e0cd378442a35a154	OGDL-Taiwan-1.0	source_attributed			
会议室	會議室	Conference Room	hui4 yi4 shi4	unclassified	待核查	TW	unclassified	司法行政廳		tw-judicial:1548	tw-judicial-271b362033a0f3064c94	OGDL-Taiwan-1.0	source_attributed			
传唤	傳喚	summon	chuan2 huan4	unclassified	待核查	TW	unclassified	憲法法庭書記廳		tw-judicial:1528	tw-judicial-592f399f519518717ec5	OGDL-Taiwan-1.0	source_attributed			
伪装、模仿、模拟	偽裝、模仿、模擬	simulation		intellectual_property	待核查	TW	unclassified	A13070000G		tw-tipo-trademark:516	tw-tipo-trademark-05321834817777e94c88	OGDL-Taiwan-1.0	source_attributed			
伪造	偽造	counterfeit	wei3 zao4	unclassified	待核查	TW	unclassified	憲法法庭書記廳		tw-judicial:1119	tw-judicial-f00596e975bbf495c08f	OGDL-Taiwan-1.0	source_attributed			
伪造的	偽造的	counterfeiting	wei3 zao4 de5	intellectual_property	待核查	TW	unclassified	A13070000G		tw-tipo-trademark:119	tw-tipo-trademark-614dae1d4256467e212a	OGDL-Taiwan-1.0	source_attributed			
伪造税戳	偽造稅戳	forged stamp	wei3 zao4 shui4 chuo1	tax	待核查	TW	unclassified	憲法法庭書記廳		tw-judicial:1121	tw-judicial-f52ea1f270e948bf6ec1	OGDL-Taiwan-1.0	source_attributed			
伪造身分	偽造身分	forged identity	wei3 zao4 shen1 fen4	unclassified	待核查	TW	unclassified	憲法法庭書記廳		tw-judicial:1120	tw-judicial-5ffbce22b849d2b4dac7	OGDL-Taiwan-1.0	source_attributed			
估计所得额	估計所得額	estimated income	gu1 ji4 suo3 de5 e2	unclassified	待核查	TW	unclassified	憲法法庭書記廳		tw-judicial:595	tw-judicial-05caf0bcb8af2db2ee95	OGDL-Taiwan-1.0	source_attributed			
佃农	佃農	tenant farmer	dian4 nong2	unclassified	待核查	TW	unclassified	憲法法庭書記廳		tw-judicial:597	tw-judicial-5d4ff73d13d035f5ff7e	OGDL-Taiwan-1.0	source_attributed			
但书	但書	proviso	dan4 shu1	unclassified	待核查	TW	unclassified	憲法法庭書記廳		tw-judicial:598	tw-judicial-5a25df67f04b282203ca	OGDL-Taiwan-1.0	source_attributed			
住所	住所	domicile	zhu4 suo3	unclassified	待核查	TW	unclassified	憲法法庭書記廳		tw-judicial:594	tw-judicial-1666a6f037bdd0fd046f	OGDL-Taiwan-1.0	source_attributed			
住所	住所	domicile	zhu4 suo3	intellectual_property	待核查	TW	unclassified	A13070000G		tw-tipo-trademark:168	tw-tipo-trademark-2afd19f051c73a328838	OGDL-Taiwan-1.0	source_attributed			
佐理员	佐理員	Assistant	zuo3 li3 yuan2	unclassified	待核查	TW	unclassified	司法行政廳		tw-judicial:596	tw-judicial-388342ca3ca078984ed1	OGDL-Taiwan-1.0	source_attributed			
体格合适性	體格合適性	physical fitness	ti3 ge2 he2 shi4 xing4	unclassified	待核查	TW	unclassified	憲法法庭書記廳		tw-judicial:2111	tw-judicial-4c9d2ab4883b4f5a980e	OGDL-Taiwan-1.0	source_attributed			
作为义务	作為義務	legal duty to act	zuo4 wei2 yi4 wu4	unclassified	待核查	TW	unclassified	憲法法庭書記廳		tw-judicial:599	tw-judicial-2f0888e9f3a4d3f10d84	OGDL-Taiwan-1.0	source_attributed			
作品	作品	copyright work	zuo4 pin3	intellectual_property	CN	INTERNATIONAL	term	中华人民共和国著作权法（2020修正）	是否属于本定义需看独创性和表达形式等要素，不能仅凭文件存在判断。	oll-cn-core:cn-copyright-work	cn-copyright-work	CC-BY-4.0	project_authored	文学、艺术和科学领域内，具有独创性并能以一定形式表现的智力成果。	项目释译，非官方译文；work 在本词条是著作权法对象，不是工作任务。	中华人民共和国著作权法（2020修正） 第3条 https://www.ncac.gov.cn/xxfb/flfg/flfg_532/202103/t20210309_50530.html
作证	作證	testify	zuo4 zheng4	unclassified	待核查	TW	unclassified	憲法法庭書記廳		tw-judicial:600	tw-judicial-6779c69134cf9e401f1c	OGDL-Taiwan-1.0	source_attributed			
使用	使用	use	shi3 yong4	intellectual_property	待核查	TW	unclassified	A13070000G		tw-tipo-trademark:587	tw-tipo-trademark-40a15d7f4387fd494248	OGDL-Taiwan-1.0	source_attributed			
使用声明	使用聲明	Statement of Use	shi3 yong4 sheng1 ming2	intellectual_property	待核查	TW	unclassified	A13070000G		tw-tipo-trademark:523 | tw-tipo-trademark:539	tw-tipo-trademark-72ad92426602f2f5fabd	OGDL-Taiwan-1.0	source_attributed			
使用声明	使用聲明	allegation of use	shi3 yong4 sheng1 ming2	intellectual_property	待核查	TW	unclassified	A13070000G		tw-tipo-trademark:19	tw-tipo-trademark-8c6dd5c6ee0836dd7c23	OGDL-Taiwan-1.0	source_attributed			
使用声明	使用聲明	SOU	shi3 yong4 sheng1 ming2	intellectual_property	待核查	TW	abbreviation	A13070000G		tw-tipo-trademark:522	tw-tipo-trademark-ad654fc1f9dcdd54ec33	OGDL-Taiwan-1.0	source_attributed			
使用声明之修正	使用聲明之修正	Amendment to Allege Use	shi3 yong4 sheng1 ming2 zhi1 xiu1 zheng4	intellectual_property	待核查	TW	unclassified	A13070000G		tw-tipo-trademark:2	tw-tipo-trademark-686eebdb5736b9d60f16	OGDL-Taiwan-1.0	source_attributed			
使用声明之修正	使用聲明之修正	AAU	shi3 yong4 sheng1 ming2 zhi1 xiu1 zheng4	intellectual_property	待核查	TW	abbreviation	A13070000G		tw-tipo-trademark:1	tw-tipo-trademark-bc269f0982bd0e470f14	OGDL-Taiwan-1.0	source_attributed			
使用收益权	使用收益權	right to use and collect benefits	shi3 yong4 shou1 yi4 quan2	unclassified	待核查	TW	unclassified	憲法法庭書記廳		tw-judicial:692	tw-judicial-cc4fcb2f3989f0c7f23b	OGDL-Taiwan-1.0	source_attributed			
使用证据	使用證據	proof of use	shi3 yong4 zheng4 ju4	intellectual_property	待核查	TW	unclassified	A13070000G		tw-tipo-trademark:446	tw-tipo-trademark-a96493d89900024680fa	OGDL-Taiwan-1.0	source_attributed			
供作证明或证据的	供作證明或證據的	probative	gong1 zuo4 zheng4 ming2 huo4 zheng4 ju4 de5	intellectual_property	待核查	TW	unclassified	A13070000G		tw-tipo-trademark:440	tw-tipo-trademark-15812f64164a8cbded07	OGDL-Taiwan-1.0	source_attributed			
供应、提供	供應、提供	furnish (+with/to)		intellectual_property	待核查	TW	unclassified	A13070000G		tw-tipo-trademark:248	tw-tipo-trademark-fb333a249c4b5c95eb25	OGDL-Taiwan-1.0	source_attributed			
依据、按照	依據、按照	pursuant to		intellectual_property	待核查	TW	unclassified	A13070000G		tw-tipo-trademark:458	tw-tipo-trademark-970e60ac4fde1b76528c	OGDL-Taiwan-1.0	source_attributed			
依据商标法第四十四条(d)项规定，优先权之请求无须于申请人之所属国已为商标注册之申请。	依據商標法第四十四條(d)項規定，優先權之請求無須於申請人之所屬國已為商標註冊之申請。	Under trademark Act section 44(d), the priority claim does not require that the applicant establish that the country where the application was filed is its country of origin.		intellectual_property	待核查	TW	unclassified	A13070000G		tw-tipo-trademark:434	tw-tipo-trademark-a676448e40b0a7d88147	OGDL-Taiwan-1.0	source_attributed			
依据美国商标法第44条项规定，申请人必须从原属国取得境外注册权。所谓原属国，依该条规定，系指凡有设营业所或住所之所在国而言，否则以国籍定之，但以美国为缔约国成员之一始有适用，如不适用，则以获准商标注册之相关国家为其原属国。	依據美國商標法第44條項規定，申請人必須從原屬國取得境外註冊權。所謂原屬國，依該條規定，係指凡有設營業所或住所之所在國而言，否則以國籍定之，但以美國為締約國成員之一始有適用，如不適用，則以獲准商標註冊之相關國家為其原屬國。	An applicant must own a foreign registration from the applicant's country of origin under U. S. Trademark Act Section44 (e).		intellectual_property	待核查	TW	unclassified	A13070000G		tw-tipo-trademark:34	tw-tipo-trademark-150a32de180267f08f05	OGDL-Taiwan-1.0	source_attributed			
依职权	依職權	ex officio	yi1 zhi2 quan2	intellectual_property	待核查	TW	unclassified	A13070000G		tw-tipo-trademark:200	tw-tipo-trademark-ce1bec86e1a72bf0f265	OGDL-Taiwan-1.0	source_attributed			
依附式之比例代表制	依附式之比例代表制	proportional representation by way of attachment	yi1 fu4 shi4 zhi1 bi3 li4 dai4 biao3 zhi4	unclassified	待核查	TW	unclassified	憲法法庭書記廳		tw-judicial:691	tw-judicial-2807305d5f4ae81cddf4	OGDL-Taiwan-1.0	source_attributed			
侵害	侵害	infringement	qin1 hai4	unclassified	待核查	TW	unclassified	憲法法庭書記廳		tw-judicial:859	tw-judicial-49a3906ef3ddcf667cf6	OGDL-Taiwan-1.0	source_attributed			
侵害	侵害	infringement	qin1 hai4	intellectual_property	待核查	TW	unclassified	A13070000G		tw-tipo-trademark:300	tw-tipo-trademark-dbef844413f14da096fa	OGDL-Taiwan-1.0	source_attributed			
侵害鉴定专业机构	侵害鑑定專業機構	professional infringement analysis agencies	qin1 hai4 jian4 ding4 zhuan1 ye4 ji1 gou4	unclassified	待核查	TW	unclassified	憲法法庭書記廳		tw-judicial:860	tw-judicial-40279d30f929791eb28c	OGDL-Taiwan-1.0	source_attributed			
侵害鉴定报告	侵害鑑定報告	infringement analysis report	qin1 hai4 jian4 ding4 bao4 gao4	unclassified	待核查	TW	unclassified	憲法法庭書記廳		tw-judicial:861	tw-judicial-79d3c568273260383f38	OGDL-Taiwan-1.0	source_attributed			
侵权行为	侵權行為	tortious acts; torts	qin1 quan2 xing2 wei2	civil	待核查	TW	unclassified	憲法法庭書記廳		tw-judicial:862	tw-judicial-e7164edac898101e492c	OGDL-Taiwan-1.0	source_attributed			
促进产业升级条例	促進產業升級條例	Act for Upgrading Industries	cu4 jin4 chan3 ye4 sheng1 ji2 tiao2 li4	unclassified	待核查	TW	statute	憲法法庭書記廳		tw-judicial:882	tw-judicial-05554989b977e63cd818	OGDL-Taiwan-1.0	source_attributed			
促进产业升级条例施行细则	促進產業升級條例施行細則	Enforcement Rules of the Act for Upgrading Industries	cu4 jin4 chan3 ye4 sheng1 ji2 tiao2 li4 shi1 xing2 xi4 ze2	unclassified	待核查	TW	statute	憲法法庭書記廳		tw-judicial:883	tw-judicial-c5f3c5774da43a2ed2c0	OGDL-Taiwan-1.0	source_attributed			
促进民间参与公共建设法	促進民間參與公共建設法	Act for Promotion of Private Participation in Infrastructure Projects	cu4 jin4 min2 jian1 can1 yu4 gong1 gong4 jian4 she4 fa3	unclassified	待核查	TW	statute	憲法法庭書記廳		tw-judicial:881	tw-judicial-9348a890b57ea897dd21	OGDL-Taiwan-1.0	source_attributed			
保价邮件	保價郵件	value-insured mail	bao3 jia4 you2 jian4	unclassified	待核查	TW	unclassified	憲法法庭書記廳		tw-judicial:867	tw-judicial-6008c848be0860c426d8	OGDL-Taiwan-1.0	source_attributed			
保全程序	保全程序	preventive proceeding	bao3 quan2 cheng2 xu4	unclassified	待核查	TW	unclassified	憲法法庭書記廳		tw-judicial:863	tw-judicial-d4d63ebc394f24478861	OGDL-Taiwan-1.0	source_attributed			
保安处分	保安處分	rehabilitative measure	bao3 an1 chu3 fen4	unclassified	待核查	TW	unclassified	憲法法庭書記廳		tw-judicial:864	tw-judicial-d560dd0b031716a846c8	OGDL-Taiwan-1.0	source_attributed			
保密义务	保密義務	confidentiality obligation	bao3 mi4 yi4 wu4	employment,intellectual_property	CN	INTERNATIONAL	term	中华人民共和国劳动合同法（2012修正）	劳动合同法允许在劳动合同中约定相关保密事项；负有保密义务的人员还可能依法约定竞业限制。	oll-cn-admin-labor:cn-labor-confidentiality-obligation	cn-labor-confidentiality-obligation	CC-BY-4.0	project_authored	劳动关系中，劳动者依约对用人单位商业秘密和与知识产权相关的保密事项承担的保密责任。	项目释译，非官方译文；confidentiality obligation 仅概括本条劳动合同语境，不替代商业秘密法的完整义务体系。	中华人民共和国劳动合同法（2012修正） 第23条 https://fgk.chinatax.gov.cn/zcfgk/c100009/c5193025/content.html
保护令	保護令	protection order	bao3 hu4 ling4	unclassified	待核查	TW	unclassified	憲法法庭書記廳		tw-judicial:879	tw-judicial-0d27fdad0c4202286767	OGDL-Taiwan-1.0	source_attributed			
保护作品完整权	保護作品完整權	right to integrity of a work	bao3 hu4 zuo4 pin3 wan2 zheng3 quan2	intellectual_property	CN	INTERNATIONAL	term	中华人民共和国著作权法（2020修正）	该权利的保护期不受限制；须结合具体作品及使用行为理解。	oll-cn-core:cn-integrity-right	cn-integrity-right	CC-BY-4.0	project_authored	保护作品不被歪曲或篡改的权利。	项目释译，非官方译文；integrity 在此指作品完整，不是数据校验完整性。	中华人民共和国著作权法（2020修正） 第10,22条 https://www.ncac.gov.cn/xxfb/flfg/flfg_532/202103/t20210309_50530.html
保护管束	保護管束	Probation	bao3 hu4 guan3 shu4	unclassified	待核查	TW	unclassified	少年及家事廳		tw-judicial:880	tw-judicial-6c3cd903fc230f9bb7d5	OGDL-Taiwan-1.0	source_attributed			
保护范围	保護範圍	scope of protection	bao3 hu4 fan4 wei2	intellectual_property	待核查	TW	unclassified	A13070000G		tw-tipo-trademark:503	tw-tipo-trademark-f8078c1e4dbbbe5263a5	OGDL-Taiwan-1.0	source_attributed			
保税工厂	保稅工廠	bonded factory	bao3 shui4 gong1 chang3	tax	待核查	TW	unclassified	憲法法庭書記廳		tw-judicial:865	tw-judicial-bd45e2d75609b8b95353	OGDL-Taiwan-1.0	source_attributed			
保证	保證	guarantee	bao3 zheng4	unclassified	待核查	TW	unclassified	憲法法庭書記廳		tw-judicial:874	tw-judicial-51086c417df6cd250c35	OGDL-Taiwan-1.0	source_attributed			
保证人	保證人	guarantor	bao3 zheng4 ren2	unclassified	待核查	TW	role	憲法法庭書記廳		tw-judicial:875	tw-judicial-339e4d639a72b282970d	OGDL-Taiwan-1.0	source_attributed			
保证债务	保證債務	obligation based on guaranty	bao3 zheng4 zhai4 wu4	unclassified	待核查	TW	unclassified	憲法法庭書記廳		tw-judicial:878	tw-judicial-23392d8aff7a54787eb6	OGDL-Taiwan-1.0	source_attributed			
保证合同	保證合同	guarantee contract	bao3 zheng4 he2 tong2	contracts,finance	CN	INTERNATIONAL	term	中华人民共和国民法典（2020）	保证方式未约定或约定不明确时，依第六百八十六条按一般保证承担责任。	oll-cn-core:cn-guarantee-contract	cn-guarantee-contract	CC-BY-4.0	project_authored	保证人与债权人约定，在债务人不履行等情形下，由保证人履行债务或承担责任的合同。	项目释译，非官方译文；与提供财产担保的担保物权不同。	中华人民共和国民法典（2020） 第681,686条 https://www.court.gov.cn/zixun/xiangqing/233181.html
保证契约	保證契約	guaranty agreement	bao3 zheng4 qi4 yue1	contracts	待核查	TW	unclassified	憲法法庭書記廳		tw-judicial:877	tw-judicial-1ff8176e30d76fc67f4e	OGDL-Taiwan-1.0	source_attributed			
保证金	保證金	deposit;guarantee deposit	bao3 zheng4 jin1	unclassified	待核查	TW	unclassified	憲法法庭書記廳		tw-judicial:876	tw-judicial-f4ee3008b9acd7f90e68	OGDL-Taiwan-1.0	source_attributed			
保险	保險	Insurance	bao3 xian3	unclassified	待核查	TW	unclassified	人事處		tw-judicial:868	tw-judicial-42039f20887b65c1de1a	OGDL-Taiwan-1.0	source_attributed			
保险事故	保險事故	insurance perils	bao3 xian3 shi4 gu4	unclassified	待核查	TW	unclassified	憲法法庭書記廳		tw-judicial:871	tw-judicial-c1c30d5faf0da923c380	OGDL-Taiwan-1.0	source_attributed			
保险代理人经纪人公证人管理规则	保險代理人經紀人公證人管理規則	Regulations Governing Insurance Agents	bao3 xian3 dai4 li3 ren2 jing1 ji4 ren2 gong1 zheng4 ren2 guan3 li3 gui1 ze2	unclassified	待核查	TW	statute	憲法法庭書記廳		tw-judicial:869	tw-judicial-b7d3def4d3519c52ca6c	OGDL-Taiwan-1.0	source_attributed			
保险年资	保險年資	insured years	bao3 xian3 nian2 zi1	unclassified	待核查	TW	unclassified	憲法法庭書記廳		tw-judicial:870	tw-judicial-a00348f2e702f1e7c6e9	OGDL-Taiwan-1.0	source_attributed			
保险法	保險法	Insurance Act	bao3 xian3 fa3	unclassified	待核查	TW	unclassified	憲法法庭書記廳		tw-judicial:872	tw-judicial-337a116a6498cad20fbf	OGDL-Taiwan-1.0	source_attributed			
保险经纪人、代理人及公证人	保險經紀人、代理人及公證人	insurance agent, brokers and adjusters		unclassified	待核查	TW	role	憲法法庭書記廳		tw-judicial:873	tw-judicial-a97bc6753fa1bcb7c92c	OGDL-Taiwan-1.0	source_attributed			
保障措施	保障措施	safeguard measures	bao3 zhang4 cuo4 shi1	trade	CN	INTERNATIONAL	term	中华人民共和国对外贸易法（2025第二次修订）	第四十八条的触发逻辑与反倾销、反补贴不同，核心在进口数量大量增加及严重损害或威胁，不要求证明倾销或专向性补贴。	oll-cn-tax-trade:cn-safeguard-measures	cn-safeguard-measures	CC-BY-4.0	project_authored	因进口产品数量大量增加并对国内同类或直接竞争产品产业造成严重损害或严重损害威胁时，国家依法采取的必要贸易救济措施。	项目释译，非官方译文；safeguard measures 为通行贸易救济术语。	中华人民共和国对外贸易法（2025第二次修订） 第48条 https://www.baiyinqu.gov.cn/XZJDBMDW/bmdw/byqswjn/fdzdgknr/lzyj/zcfg/art/2025/art_f4f31ac31bb8407a8b8d6afd5ac8f411.html
保障；担保	保障；擔保	security		unclassified	待核查	TW	unclassified	憲法法庭書記廳		tw-judicial:866	tw-judicial-0764f53a859a9fe55c42	OGDL-Taiwan-1.0	source_attributed			
信息网络传播权	信息網絡傳播權	right of communication through information networks	xin4 xi1 wang3 luo4 chuan2 bo1 quan2	intellectual_property	CN	INTERNATIONAL	term	中华人民共和国著作权法（2020修正）	注意公众可自行选择时间地点的特征，与广播权的条文表述区分。	oll-cn-core:cn-network-dissemination	cn-network-dissemination	CC-BY-4.0	project_authored	以有线或无线方式向公众提供作品，使其可在自己选定的时间和地点获得作品的权利。	项目释译，非官方译文；采用解释性英文，不将全部网络行为自动归入本权利。	中华人民共和国著作权法（2020修正） 第10条 https://www.ncac.gov.cn/xxfb/flfg/flfg_532/202103/t20210309_50530.html
信托业法	信託業法	Trust Enterprise Act	xin4 tuo1 ye4 fa3	finance	待核查	TW	statute	憲法法庭書記廳		tw-judicial:857	tw-judicial-5dc87497a976c5b01111	OGDL-Taiwan-1.0	source_attributed			
信托占有	信託占有	trust receipt	xin4 tuo1 zhan4 you3	finance	待核查	TW	unclassified	憲法法庭書記廳		tw-judicial:856	tw-judicial-c966e22739f0429869df	OGDL-Taiwan-1.0	source_attributed			
信用合作社	信用合作社	credit cooperative	xin4 yong4 he2 zuo4 she4	unclassified	待核查	TW	unclassified	憲法法庭書記廳		tw-judicial:854	tw-judicial-2709df81abfe1815ca48	OGDL-Taiwan-1.0	source_attributed			
信用合作社法	信用合作社法	The Credit Cooperatives Act Of The Republic Of China	xin4 yong4 he2 zuo4 she4 fa3	unclassified	待核查	TW	statute	憲法法庭書記廳		tw-judicial:855	tw-judicial-bb147503959369065b63	OGDL-Taiwan-1.0	source_attributed			
信誉、商誉、善意	信譽、商譽、善意	goodwill		intellectual_property	待核查	TW	unclassified	A13070000G		tw-tipo-trademark:259	tw-tipo-trademark-7dba1cb07db957c987fa	OGDL-Taiwan-1.0	source_attributed			
信赖保护原则	信賴保護原則	principle of legitimate expectation; principle of reliance protection (Der Grundsatz des Vertrauenschutzes; Vertrauenschutzprinzip)	xin4 lai4 bao3 hu4 yuan2 ze2	unclassified	待核查	TW	unclassified	憲法法庭書記廳		tw-judicial:858	tw-judicial-854683c4dfdb8ab167c3	OGDL-Taiwan-1.0	source_attributed			
俸给	俸給	Pay	feng4 gei3	unclassified	待核查	TW	unclassified	人事處		tw-judicial:973	tw-judicial-a3bf676a5d5e51315afc	OGDL-Taiwan-1.0	source_attributed			
候保室	候保室	Bail-Waiting Room	hou4 bao3 shi4	unclassified	待核查	TW	unclassified	司法行政廳		tw-judicial:977	tw-judicial-fc10b59ba7ef1c712337	OGDL-Taiwan-1.0	source_attributed			
候审室	候審室	Trial Waiting Room	hou4 shen3 shi4	unclassified	待核查	TW	unclassified	司法行政廳		tw-judicial:979	tw-judicial-fd1eab2ecfbe2f3098f4	OGDL-Taiwan-1.0	source_attributed			
候讯室	候訊室	Question Waiting Room	hou4 xun4 shi4	unclassified	待核查	TW	unclassified	司法行政廳		tw-judicial:978	tw-judicial-ff38a789684127565a0a	OGDL-Taiwan-1.0	source_attributed			
债务	債務	debt	zhai4 wu4	unclassified	待核查	TW	unclassified	憲法法庭書記廳		tw-judicial:1523	tw-judicial-4b51ea3c7fede88a7502	OGDL-Taiwan-1.0	source_attributed			
债务人	債務人	debtor	zhai4 wu4 ren2	unclassified	待核查	TW	unclassified	憲法法庭書記廳		tw-judicial:1524	tw-judicial-91c751d0798bea49e4a4	OGDL-Taiwan-1.0	source_attributed			
债务转移	債務轉移	transfer of a debt	zhai4 wu4 zhuan3 yi2	contracts,finance	CN	INTERNATIONAL	term	中华人民共和国民法典（2020）	须经债权人同意；催告后的合理期限内未作表示，视为不同意。	oll-cn-core:cn-transfer-debt	cn-transfer-debt	CC-BY-4.0	project_authored	债务人将全部或部分债务移交第三人承担的安排。	项目释译，非官方译文；不要用债权转让的规则替代债务转移规则。	中华人民共和国民法典（2020） 第551条 https://www.court.gov.cn/zixun/xiangqing/233181.html
债权	債權	right to claim performance	zhai4 quan2	core,civil,contracts	CN	INTERNATIONAL	term	中华人民共和国民法典（2020）	债权可以来自合同、侵权、无因管理、不当得利及其他法律规定；不只指借款。	oll-cn-core:cn-claim-right	cn-claim-right	CC-BY-4.0	project_authored	权利人请求特定义务人为或者不为一定行为的权利。	项目释译，非官方译文；claim 在不同上下文也可指诉讼请求；这里用完整短语限定其含义。	中华人民共和国民法典（2020） 第118条 https://www.court.gov.cn/zixun/xiangqing/233181.html
债权人	債權人	creditor	zhai4 quan2 ren2	civil	待核查	TW	unclassified	憲法法庭書記廳		tw-judicial:1525	tw-judicial-f31119864077a720fd3b	OGDL-Taiwan-1.0	source_attributed			
债权人的权利	債權人的權利	creditor's rights	zhai4 quan2 ren2 de5 quan2 li4	civil	待核查	TW	unclassified	憲法法庭書記廳		tw-judicial:1526	tw-judicial-6323bff78f00ffb04498	OGDL-Taiwan-1.0	source_attributed			
债权平等	債權平等	equality of claims	zhai4 quan2 ping2 deng3	civil	待核查	TW	unclassified	憲法法庭書記廳		tw-judicial:1527	tw-judicial-923fc16a71c0eb5194aa	OGDL-Taiwan-1.0	source_attributed			
债权转让	債權轉讓	assignment of a claim	zhai4 quan2 zhuan3 rang4	contracts,finance	CN	INTERNATIONAL	term	中华人民共和国民法典（2020）	债权性质、当事人约定或法律规定可能限制转让；金钱与非金钱债权的约定限制对抗规则不同。	oll-cn-core:cn-assignment-claim	cn-assignment-claim	CC-BY-4.0	project_authored	债权人把全部或部分债权转让给第三人的安排。	项目释译，非官方译文；assignment of a claim 与 transfer of a debt 分开使用。	中华人民共和国民法典（2020） 第545条 https://www.court.gov.cn/zixun/xiangqing/233181.html
值星庭长室	值星庭長室	On-Duty Division-Chief Judge Office	zhi2 xing1 ting2 zhang3 shi4	unclassified	待核查	TW	unclassified	司法行政廳		tw-judicial:974	tw-judicial-92eaf9bd4a4945230ce1	OGDL-Taiwan-1.0	source_attributed			
假冒	假冒	passing off	jia3 mao4	intellectual_property	待核查	TW	unclassified	A13070000G		tw-tipo-trademark:401	tw-tipo-trademark-e84b4e13fed749d6414b	OGDL-Taiwan-1.0	source_attributed			
假名、笔名、雅号	假名、筆名、雅號	pseudonym		intellectual_property	待核查	TW	unclassified	A13070000G		tw-tipo-trademark:454	tw-tipo-trademark-964ed6c8e4e11393c139	OGDL-Taiwan-1.0	source_attributed			
假处分	假處分	Provisional Injunction	jia3 chu3 fen4	unclassified	待核查	TW	unclassified	行政訴訟及懲戒廳		tw-judicial:1130	tw-judicial-740ca5593310664a8df9	OGDL-Taiwan-1.0	source_attributed			
假处分	假處分	preliminary injunction	jia3 chu3 fen4	intellectual_property	待核查	TW	unclassified	A13070000G		tw-tipo-trademark:421	tw-tipo-trademark-165a4a3c2c54bca201de	OGDL-Taiwan-1.0	source_attributed			
假扣押	假扣押	provisional attachment	jia3 kou4 ya1	unclassified	待核查	TW	unclassified	行政訴訟及懲戒廳		tw-judicial:1129	tw-judicial-5ba79df293e8276eb9aa	OGDL-Taiwan-1.0	source_attributed			
假日生活辅导	假日生活輔導	holiday consulting	jia4 ri4 sheng1 huo2 fu3 dao3	unclassified	待核查	TW	unclassified	少年及家事廳		tw-judicial:1128	tw-judicial-23758603d5a8f7ef94f1	OGDL-Taiwan-1.0	source_attributed			
停业处分	停業處分	suspension from practice	ting2 ye4 chu3 fen4	unclassified	待核查	TW	unclassified	憲法法庭書記廳		tw-judicial:1127	tw-judicial-3c0bce21f14122c0eb32	OGDL-Taiwan-1.0	source_attributed			
停止受理	停止受理	suspense of application	ting2 zhi3 shou4 li3	unclassified	待核查	TW	unclassified	憲法法庭書記廳		tw-judicial:1122	tw-judicial-6a6060bc7400f9c203a1	OGDL-Taiwan-1.0	source_attributed			
停止执行	停止執行	stay	ting2 zhi3 zhi2 xing2	unclassified	待核查	TW	unclassified	憲法法庭書記廳		tw-judicial:1123	tw-judicial-a311bef5ed13927d48f9	OGDL-Taiwan-1.0	source_attributed			
停止职务	停止職務	suspension of duty	ting2 zhi3 zhi2 wu4	unclassified	待核查	TW	unclassified	憲法法庭書記廳		tw-judicial:1125	tw-judicial-5844432ef8bca649c474	OGDL-Taiwan-1.0	source_attributed			
停止诉讼程序	停止訴訟程序	suspend the pending procedure	ting2 zhi3 su4 song4 cheng2 xu4	dispute_resolution	待核查	TW	unclassified	憲法法庭書記廳		tw-judicial:1124	tw-judicial-0a60c8dd79559b9919fb	OGDL-Taiwan-1.0	source_attributed			
停车场	停車場	Parking Lot	ting2 che1 chang3	unclassified	待核查	TW	unclassified	司法行政廳		tw-judicial:1126	tw-judicial-47070f14e64ecaff3c1f	OGDL-Taiwan-1.0	source_attributed			
储蓄互助社法	儲蓄互助社法	Credit Union Act	chu3 xu4 hu4 zhu4 she4 fa3	unclassified	待核查	TW	statute	憲法法庭書記廳		tw-judicial:1943	tw-judicial-1365fc7588bdd6c06fb4	OGDL-Taiwan-1.0	source_attributed			
储藏室	儲藏室	Storage Room	chu3 cang2 shi4	unclassified	待核查	TW	unclassified	司法行政廳		tw-judicial:1944	tw-judicial-c38e8c0a10b7a4423712	OGDL-Taiwan-1.0	source_attributed			
催缴书	催繳書	written call for capital contribution	cui1 jiao3 shu1	company	CN	INTERNATIONAL	document	中华人民共和国公司法（2023修订）	催缴出资及失权通知分别有法定程序，不能只凭欠缴事实直接替代通知。	oll-cn-core:cn-notice-capital-call	cn-notice-capital-call	CC-BY-4.0	project_authored	公司发现股东未按期足额出资后，向其发出的书面催缴文件。	项目释译，非官方译文；call 在此指要求缴纳资本，不是电话呼叫。	中华人民共和国公司法（2023修订） 第51,52条 https://fgk.chinatax.gov.cn/zcfgk/c100009/c5233383/content.html
儿童福利法	兒童福利法	Children Welfare Act	er2 tong2 fu2 li4 fa3	unclassified	待核查	TW	statute	憲法法庭書記廳		tw-judicial:693	tw-judicial-85516c3099e9c214d76b	OGDL-Taiwan-1.0	source_attributed			
元	元	yuan (NT$, New Taiwan dollar)	yuan2	unclassified	待核查	TW	unclassified	憲法法庭書記廳		tw-judicial:119	tw-judicial-b9961e987bf1af224957	OGDL-Taiwan-1.0	source_attributed			
先予试用	先予試用	Probation	xian1 yu3 shi4 yong4	unclassified	待核查	TW	unclassified	人事處		tw-judicial:433	tw-judicial-8eca6e6d16a22c0e5d24	OGDL-Taiwan-1.0	source_attributed			
先天的识别性	先天的識別性	inherent distinctiveness	xian1 tian1 de5 shi2 bie2 xing4	intellectual_property	待核查	TW	unclassified	A13070000G		tw-tipo-trademark:301	tw-tipo-trademark-2a5cf2e6e4cacb059fed	OGDL-Taiwan-1.0	source_attributed			
先行通知	先行通知	priority action	xian1 xing2 tong1 zhi1	intellectual_property	待核查	TW	unclassified	A13070000G		tw-tipo-trademark:432	tw-tipo-trademark-136c150e467015cecc46	OGDL-Taiwan-1.0	source_attributed			
光碟管理条例	光碟管理條例	Optical Disk Act	guang1 die2 guan3 li3 tiao2 li4	unclassified	待核查	TW	statute	憲法法庭書記廳		tw-judicial:432	tw-judicial-d837402eddd8e71a5733	OGDL-Taiwan-1.0	source_attributed			
免刑判决	免刑判決	judgment for exemption punishment	mian3 xing2 pan4 jue2	criminal,dispute_resolution	待核查	TW	unclassified	憲法法庭書記廳		tw-judicial:601	tw-judicial-0944dd076b374eca4dd2	OGDL-Taiwan-1.0	source_attributed			
免征增值税	免徵增值稅	VAT exemption	mian3 zheng1 zeng1 zhi2 shui4	tax	CN	INTERNATIONAL	term	中华人民共和国增值税法（2024通过）	第二十三条规定小规模纳税人销售额未达到起征点时免征；第二十四条列出法定免税项目。免税与第十条的零税率属于不同制度概念。	oll-cn-tax-trade:cn-vat-exemption	cn-vat-exemption	CC-BY-4.0	project_authored	法律规定对特定交易、项目或者达到特定条件的情形不征收增值税的税收处理。	项目释译，非官方译文；VAT exemption 表示免征处理，不与 zero VAT rate 混同。	中华人民共和国增值税法（2024通过） 第23,24条 https://fgk.chinatax.gov.cn/zcfgk/c100009/c5237365/content.html
免征赠与税	免徵贈與稅	gift tax exemption	mian3 zheng1 zeng4 yu3 shui4	tax	待核查	TW	unclassified	憲法法庭書記廳		tw-judicial:609	tw-judicial-a07dab08b6f7df54e497	OGDL-Taiwan-1.0	source_attributed			
免税	免稅	tax exempt; tax exemption; tax-exempt	mian3 shui4	tax	待核查	TW	unclassified	憲法法庭書記廳		tw-judicial:605	tw-judicial-ed99a4ca5eacfc2a933c	OGDL-Taiwan-1.0	source_attributed			
免税出口区	免稅出口區	duty free export processing zones	mian3 shui4 chu1 kou3 qu1	tax,trade	待核查	TW	unclassified	憲法法庭書記廳		tw-judicial:606	tw-judicial-bb2ae526a06a89698772	OGDL-Taiwan-1.0	source_attributed			
免税额	免稅額	amount of tax exemption	mian3 shui4 e2	tax	待核查	TW	unclassified	憲法法庭書記廳		tw-judicial:607	tw-judicial-492e3b617981d231f26d	OGDL-Taiwan-1.0	source_attributed			
免职	免職	removal	mian3 zhi2	unclassified	待核查	TW	unclassified	憲法法庭書記廳		tw-judicial:610	tw-judicial-bdef5aac4d0498bdcb0f	OGDL-Taiwan-1.0	source_attributed			
免职之惩处处分	免職之懲處處分	discharge decision	mian3 zhi2 zhi1 cheng2 chu3 chu3 fen4	unclassified	待核查	TW	unclassified	憲法法庭書記廳		tw-judicial:611	tw-judicial-3aa016fda5edc7e81d94	OGDL-Taiwan-1.0	source_attributed			
免诉判决	免訴判決	dismissal judgment	mian3 su4 pan4 jue2	dispute_resolution	待核查	TW	unclassified	憲法法庭書記廳		tw-judicial:608	tw-judicial-191c0a42182bfdff09a6	OGDL-Taiwan-1.0	source_attributed			
免责权	免責權	privilege of immunity	mian3 ze2 quan2	unclassified	待核查	TW	unclassified	憲法法庭書記廳		tw-judicial:604	tw-judicial-2cdce3412fbcb8ad75bf	OGDL-Taiwan-1.0	source_attributed			
免除	免除	exemption	mian3 chu2	unclassified	待核查	TW	unclassified	憲法法庭書記廳		tw-judicial:602	tw-judicial-3395ca3d4b55c67b1263	OGDL-Taiwan-1.0	source_attributed			
免除其刑	免除其刑	exemption of the punishment	mian3 chu2 qi2 xing2	criminal	待核查	TW	unclassified	憲法法庭書記廳		tw-judicial:603	tw-judicial-e65b523ce1a23bf08f35	OGDL-Taiwan-1.0	source_attributed			
党务	黨務	affairs of the party	dang3 wu4	unclassified	待核查	TW	unclassified	憲法法庭書記廳		tw-judicial:2094	tw-judicial-d8bd634df4e113135d57	OGDL-Taiwan-1.0	source_attributed			
入出国及移民法	入出國及移民法	Immigration Act	ru4 chu1 guo2 ji2 yi2 min2 fa3	civil	待核查	TW	statute	憲法法庭書記廳		tw-judicial:22	tw-judicial-3ed0c80c243241103c30	OGDL-Taiwan-1.0	source_attributed			
全名	全名	full name	quan2 ming2	intellectual_property	待核查	TW	unclassified	A13070000G		tw-tipo-trademark:245	tw-tipo-trademark-b32f40570e847e6308b7	OGDL-Taiwan-1.0	source_attributed			
全国军公教人员待遇支给办法	全國軍公教人員待遇支給辦法	Regulations Governing the Payment of Remuneration to Military, Public and Teaching Personnel	quan2 guo2 jun1 gong1 jiao4 ren2 yuan2 dai4 yu4 zhi1 gei3 ban4 fa3	unclassified	待核查	TW	statute	憲法法庭書記廳		tw-judicial:443	tw-judicial-01894d3a92f7bef15f9d	OGDL-Taiwan-1.0	source_attributed			
全国性中央民意代表	全國性中央民意代表	representatives at large	quan2 guo2 xing4 zhong1 yang1 min2 yi4 dai4 biao3	unclassified	待核查	TW	unclassified	憲法法庭書記廳		tw-judicial:442	tw-judicial-c1eb7c8f1f4eefca7db3	OGDL-Taiwan-1.0	source_attributed			
全年综合所得	全年綜合所得	total annual consolidated income	quan2 nian2 zong1 he2 suo3 de5	unclassified	待核查	TW	unclassified	憲法法庭書記廳		tw-judicial:441	tw-judicial-b94557cb51c522f0d645	OGDL-Taiwan-1.0	source_attributed			
全民健康保险	全民健康保險	national health insurance	quan2 min2 jian4 kang1 bao3 xian3	unclassified	待核查	TW	unclassified	憲法法庭書記廳		tw-judicial:434	tw-judicial-f4dc5f04e807936bec01	OGDL-Taiwan-1.0	source_attributed			
全民健康保险医事服务机构医疗服务审查办法	全民健康保險醫事服務機構醫療服務審查辦法	Regulations Governing the Review of the Medical Services Rendered by the Medical Organizations for National Health Insurance	quan2 min2 jian4 kang1 bao3 xian3 yi1 shi4 fu2 wu4 ji1 gou4 yi1 liao2 fu2 wu4 shen3 cha2 ban4 fa3	unclassified	待核查	TW	statute	憲法法庭書記廳		tw-judicial:439	tw-judicial-e9d8fc970c011ac3aa37	OGDL-Taiwan-1.0	source_attributed			
全民健康保险医疗办法	全民健康保險醫療辦法	Regulations Governing the National Health Insurance Medical Care	quan2 min2 jian4 kang1 bao3 xian3 yi1 liao2 ban4 fa3	unclassified	待核查	TW	statute	憲法法庭書記廳		tw-judicial:440	tw-judicial-e44361253ba2169cb692	OGDL-Taiwan-1.0	source_attributed			
全民健康保险法	全民健康保險法	National Health Insurance Act	quan2 min2 jian4 kang1 bao3 xian3 fa3	unclassified	待核查	TW	statute	憲法法庭書記廳		tw-judicial:435	tw-judicial-59a11f56ed716a9f3a8c	OGDL-Taiwan-1.0	source_attributed			
全民健康保险法施行细则	全民健康保險法施行細則	Enforcement Rules of the National Health Insurance Act	quan2 min2 jian4 kang1 bao3 xian3 fa3 shi1 xing2 xi4 ze2	unclassified	待核查	TW	statute	憲法法庭書記廳		tw-judicial:436	tw-judicial-a6b7dae1d060f54454a3	OGDL-Taiwan-1.0	source_attributed			
全民健康保险特殊诊疗项目及药材事前审查作业要点	全民健康保險特殊診療項目及藥材事前審查作業要點	Operational Guidelines Governing the Preapproval of Specific Diagnostic Items and Medications for National Health Insurance	quan2 min2 jian4 kang1 bao3 xian3 te4 shu1 zhen3 liao2 xiang4 mu4 ji2 yao4 cai2 shi4 qian2 shen3 cha2 zuo4 ye4 yao4 dian3	unclassified	待核查	TW	statute	憲法法庭書記廳		tw-judicial:437	tw-judicial-136a0a47b682b85e35e5	OGDL-Taiwan-1.0	source_attributed			
全民健康保险高科技诊疗项目及审查程序作业要点	全民健康保險高科技診療項目及審查程序作業要點	Operational Guidelines Governing the Preapproval of High Technological Diagnostic Items for National Health Insurance	quan2 min2 jian4 kang1 bao3 xian3 gao1 ke1 ji4 zhen3 liao2 xiang4 mu4 ji2 shen3 cha2 cheng2 xu4 zuo4 ye4 yao4 dian3	unclassified	待核查	TW	statute	憲法法庭書記廳		tw-judicial:438	tw-judicial-116b4367ad2f4c15c9ed	OGDL-Taiwan-1.0	source_attributed			
公假	公假	Leave for Statutory Reasons	gong1 jia4	unclassified	待核查	TW	unclassified	人事處		tw-judicial:155	tw-judicial-c9606223c63a225264ea	OGDL-Taiwan-1.0	source_attributed			
公共债务法	公共債務法	The Public Debt Act	gong1 gong4 zhai4 wu4 fa3	unclassified	待核查	TW	statute	憲法法庭書記廳		tw-judicial:140	tw-judicial-01bec058afb82a3ebf8f	OGDL-Taiwan-1.0	source_attributed			
公共关系室	公共關係室	Public Relations Office	gong1 gong4 guan1 xi4 shi4	unclassified	待核查	TW	unclassified	司法行政廳		tw-judicial:141	tw-judicial-76445e7eff1c62e10a3f	OGDL-Taiwan-1.0	source_attributed			
公共关系室主任	公共關係室主任	Director	gong1 gong4 guan1 xi4 shi4 zhu3 ren4	unclassified	待核查	TW	unclassified	司法行政廳		tw-judicial:142	tw-judicial-665b912fa525678d385c	OGDL-Taiwan-1.0	source_attributed			
公共利益	公共利益	public interests	gong1 gong4 li4 yi4	unclassified	待核查	TW	unclassified	憲法法庭書記廳		tw-judicial:137	tw-judicial-5157f3558ed3f2a4993e	OGDL-Taiwan-1.0	source_attributed			
公共地役权	公共地役權	public easement	gong1 gong4 di4 yi4 quan2	property	待核查	TW	unclassified	憲法法庭書記廳		tw-judicial:136	tw-judicial-1a57e14d28c58dd09c31	OGDL-Taiwan-1.0	source_attributed			
公共秩序、善良风俗	公共秩序、善良風俗	public order and good morals		unclassified	待核查	TW	unclassified	憲法法庭書記廳		tw-judicial:138	tw-judicial-488eb2371a13ebc0be36	OGDL-Taiwan-1.0	source_attributed			
公共设施保留地	公共設施保留地	reserved land for public facilities	gong1 gong4 she4 shi1 bao3 liu2 di4	unclassified	待核查	TW	unclassified	憲法法庭書記廳		tw-judicial:139	tw-judicial-222aadc724d0747a7cf8	OGDL-Taiwan-1.0	source_attributed			
公务人力发展中心组织条例	公務人力發展中心組織條例	Organization Act of the Civil Service Development Institute	gong1 wu4 ren2 li4 fa1 zhan3 zhong1 xin1 zu3 zhi1 tiao2 li4	unclassified	待核查	TW	statute	憲法法庭書記廳		tw-judicial:156	tw-judicial-6418d827b0ccf52300f1	OGDL-Taiwan-1.0	source_attributed			
公务人员; 公务员	公務人員; 公務員	civil servants; government employees; public functionaries; public servants		administrative	待核查	TW	unclassified	憲法法庭書記廳		tw-judicial:157	tw-judicial-7aed3a9c97e4c7a4756f	OGDL-Taiwan-1.0	source_attributed			
公务人员任用法	公務人員任用法	Public Functionaries Appointment Act	gong1 wu4 ren2 yuan2 ren4 yong4 fa3	unclassified	待核查	TW	statute	憲法法庭書記廳		tw-judicial:158	tw-judicial-791e3e5b21e64e44209f	OGDL-Taiwan-1.0	source_attributed			
公务人员住宅及福利委员会组织条例	公務人員住宅及福利委員會組織條例	Organization Act of the Civil Service Housing and Welfare Committee	gong1 wu4 ren2 yuan2 zhu4 zhai2 ji2 fu2 li4 wei3 yuan2 hui4 zu3 zhi1 tiao2 li4	unclassified	待核查	TW	statute	憲法法庭書記廳		tw-judicial:161	tw-judicial-a4e5fc29f8f2d1df515b	OGDL-Taiwan-1.0	source_attributed			
公务人员保险	公務人員保險	government employee insurance; insurance for government employees	gong1 wu4 ren2 yuan2 bao3 xian3	unclassified	待核查	TW	unclassified	憲法法庭書記廳		tw-judicial:163	tw-judicial-e3cd0218e569a1431f94	OGDL-Taiwan-1.0	source_attributed			
公务人员保险法	公務人員保險法	Public Functionaries Insurance Act	gong1 wu4 ren2 yuan2 bao3 xian3 fa3	unclassified	待核查	TW	statute	憲法法庭書記廳		tw-judicial:164	tw-judicial-c7c571c794e8474fecfa	OGDL-Taiwan-1.0	source_attributed			
公务人员保险法施行细则	公務人員保險法施行細則	Enforcement Rules of the Public Functionaries Insurance Act	gong1 wu4 ren2 yuan2 bao3 xian3 fa3 shi1 xing2 xi4 ze2	unclassified	待核查	TW	statute	憲法法庭書記廳		tw-judicial:165	tw-judicial-421f604f63a7cdb8397c	OGDL-Taiwan-1.0	source_attributed			
公务人员保障法	公務人員保障法	Civil Service Protection Act	gong1 wu4 ren2 yuan2 bao3 zhang4 fa3	unclassified	待核查	TW	statute	憲法法庭書記廳		tw-judicial:162	tw-judicial-9724be5a2c1ee9d5da9c	OGDL-Taiwan-1.0	source_attributed			
公务人员俸给法	公務人員俸給法	Public Functionaries Remuneration Act	gong1 wu4 ren2 yuan2 feng4 gei3 fa3	unclassified	待核查	TW	statute	憲法法庭書記廳		tw-judicial:166	tw-judicial-a4ae39a1a7a9b27b974b	OGDL-Taiwan-1.0	source_attributed			
公务人员俸给法施行细则	公務人員俸給法施行細則	Enforcement Rules of Public Functionaries Remuneration Act	gong1 wu4 ren2 yuan2 feng4 gei3 fa3 shi1 xing2 xi4 ze2	unclassified	待核查	TW	statute	憲法法庭書記廳		tw-judicial:167	tw-judicial-c14ff7b3d573a2ffa83b	OGDL-Taiwan-1.0	source_attributed			
公务人员抚恤法	公務人員撫卹法	Act Governing the Payment of Compensation to Surviving Dependents of Public Functionaries	gong1 wu4 ren2 yuan2 fu3 xu4 fa3	unclassified	待核查	TW	statute	憲法法庭書記廳		tw-judicial:171	tw-judicial-a1abec56a9b5b0ea76ea	OGDL-Taiwan-1.0	source_attributed			
公务人员考绩法	公務人員考績法	Public Functionaries Merit Evaluation Act	gong1 wu4 ren2 yuan2 kao3 ji4 fa3	unclassified	待核查	TW	statute	憲法法庭書記廳		tw-judicial:160	tw-judicial-03ac039df01f5415c892	OGDL-Taiwan-1.0	source_attributed			
公务人员考试法	公務人員考試法	Civil Service Examinations Act	gong1 wu4 ren2 yuan2 kao3 shi4 fa3	unclassified	待核查	TW	statute	憲法法庭書記廳		tw-judicial:159	tw-judicial-0b2915354dabfacedac6	OGDL-Taiwan-1.0	source_attributed			
公务人员退休法	公務人員退休法	Public Functionaries Retirement Act	gong1 wu4 ren2 yuan2 tui4 xiu1 fa3	unclassified	待核查	TW	statute	憲法法庭書記廳		tw-judicial:168	tw-judicial-22b68f018756a0d91e93	OGDL-Taiwan-1.0	source_attributed			
公务人员退休法施行细则	公務人員退休法施行細則	Enforcement Rules of Public Functionaries Retirement Act	gong1 wu4 ren2 yuan2 tui4 xiu1 fa3 shi1 xing2 xi4 ze2	unclassified	待核查	TW	statute	憲法法庭書記廳		tw-judicial:169	tw-judicial-46bb061860b988924f8f	OGDL-Taiwan-1.0	source_attributed			
公务人员高等考试暨普通考试训练办法	公務人員高等考試暨普通考試訓練辦法	Regulations Governing the Training of Public Functionaries Passing High Level or Ordinary Level Civil Test	gong1 wu4 ren2 yuan2 gao1 deng3 kao3 shi4 ji4 pu3 tong1 kao3 shi4 xun4 lian4 ban4 fa3	unclassified	待核查	TW	statute	憲法法庭書記廳		tw-judicial:170	tw-judicial-8c7e4d68e4f3847d3a7e	OGDL-Taiwan-1.0	source_attributed			
公务员惩戒委员会	公務員懲戒委員會	Public Functionary Disciplinary Sanction Commission	gong1 wu4 yuan2 cheng2 jie4 wei3 yuan2 hui4	administrative	待核查	TW	institution	司法行政廳		tw-judicial:174	tw-judicial-02c953b581bd27fa938b	OGDL-Taiwan-1.0	source_attributed			
公务员惩戒委员会组织法	公務員懲戒委員會組織法	Organic Act of Commission on the Disciplinary Sanction of Functionaries	gong1 wu4 yuan2 cheng2 jie4 wei3 yuan2 hui4 zu3 zhi1 fa3	administrative	待核查	TW	statute	憲法法庭書記廳		tw-judicial:175	tw-judicial-f7754cdb72c709d7c63d	OGDL-Taiwan-1.0	source_attributed			
公务员惩戒法	公務員懲戒法	Public Functionaries Discipline Act	gong1 wu4 yuan2 cheng2 jie4 fa3	administrative	待核查	TW	statute	憲法法庭書記廳		tw-judicial:176	tw-judicial-08015b72c3bdad77df9a	OGDL-Taiwan-1.0	source_attributed			
公务员服务法	公務員服務法	Public Functionary Service Act	gong1 wu4 yuan2 fu2 wu4 fa3	administrative	待核查	TW	statute	憲法法庭書記廳		tw-judicial:172	tw-judicial-2e873a3cd8e11daa0189	OGDL-Taiwan-1.0	source_attributed			
公务员请假规则	公務員請假規則	Rules Governing the Public Functionaries’ Request for Leave	gong1 wu4 yuan2 qing3 jia4 gui1 ze2	administrative	待核查	TW	statute	憲法法庭書記廳		tw-judicial:173	tw-judicial-e8a4512fc374533c9ebc	OGDL-Taiwan-1.0	source_attributed			
公务机密维护	公務機密維護	Protection of Official Confidential Information	gong1 wu4 ji1 mi4 wei2 hu4	unclassified	待核查	TW	unclassified	政風處		tw-judicial:177	tw-judicial-9fdb723426c4dfd18e6c	OGDL-Taiwan-1.0	source_attributed			
公医制度	公醫制度	public medical service	gong1 yi1 zhi4 du4	unclassified	待核查	TW	unclassified	憲法法庭書記廳		tw-judicial:194	tw-judicial-18da039e7119c972c449	OGDL-Taiwan-1.0	source_attributed			
公印文书	公印文書	document bearing official seal	gong1 yin4 wen2 shu1	unclassified	待核查	TW	unclassified	憲法法庭書記廳		tw-judicial:143	tw-judicial-62da5806567404c2333a	OGDL-Taiwan-1.0	source_attributed			
公司合并	公司合併	merger of business	gong1 si1 he2 bing4	intellectual_property	待核查	TW	unclassified	A13070000G		tw-tipo-trademark:360	tw-tipo-trademark-570294549324d42ed9b9	OGDL-Taiwan-1.0	source_attributed			
公司法	公司法	Company Act	gong1 si1 fa3	company	待核查	TW	unclassified	憲法法庭書記廳		tw-judicial:128	tw-judicial-5e9a7b2ed9d98e52035e	OGDL-Taiwan-1.0	source_attributed			
公司研究与发展人才培训及建立国际品牌形象支出适用投资抵减办法	公司研究與發展人才培訓及建立國際品牌形象支出適用投資抵減辦法	Regulations Governing the Reduction of Expenditures for Corporate Research and Development, Talent Training and Establishing International Brand as Investment	gong1 si1 yan2 jiu1 yu3 fa1 zhan3 ren2 cai2 pei2 xun4 ji2 jian4 li4 guo2 ji4 pin3 pai2 xing2 xiang4 zhi1 chu1 shi4 yong4 tou2 zi1 di3 jian3 ban4 fa3	company	待核查	TW	statute	憲法法庭書記廳		tw-judicial:129	tw-judicial-a673eb381428f77d0c8a	OGDL-Taiwan-1.0	source_attributed			
公司章程	公司章程	articles of association	gong1 si1 zhang1 cheng2	company	CN	INTERNATIONAL	document	中华人民共和国公司法（2023修订）	记忆其约束对象，不要仅把章程视为对外宣传材料。	oll-cn-core:cn-articles-association	cn-articles-association	CC-BY-4.0	project_authored	设立公司依法制定，并对公司、股东、董事、监事及高级管理人员有约束力的组织文件。	项目释译，非官方译文；不同法域组织文件名称有差异，本译法限本法语境。	中华人民共和国公司法（2023修订） 第5条 https://fgk.chinatax.gov.cn/zcfgk/c100009/c5233383/content.html
公司章程	公司章程	articles of incorporation	gong1 si1 zhang1 cheng2	company	待核查	TW	unclassified	憲法法庭書記廳		tw-judicial:131	tw-judicial-b67bb0a83939c7711cb9	OGDL-Taiwan-1.0	source_attributed			
公司行为	公司行為	conduct of the corporation	gong1 si1 xing2 wei2	company	待核查	TW	unclassified	憲法法庭書記廳		tw-judicial:127	tw-judicial-a46c9a3850431f74ba89	OGDL-Taiwan-1.0	source_attributed			
公司负责人	公司負責人	responsible person of the corporation	gong1 si1 fu4 ze2 ren2	company	待核查	TW	unclassified	憲法法庭書記廳		tw-judicial:130	tw-judicial-be0f9d5d17f89faa390d	OGDL-Taiwan-1.0	source_attributed			
公同共有人	公同共有人	joint owners	gong1 tong2 gong4 you3 ren2	unclassified	待核查	TW	unclassified	憲法法庭書記廳		tw-judicial:144	tw-judicial-c471185a44f1c5f9368b	OGDL-Taiwan-1.0	source_attributed			
公同关系	公同關係	joint relationship	gong1 tong2 guan1 xi4	unclassified	待核查	TW	unclassified	憲法法庭書記廳		tw-judicial:145	tw-judicial-e90430e91c24a3405a8e	OGDL-Taiwan-1.0	source_attributed			
公告	公告	official notice	gong1 gao4	unclassified	待核查	TW	unclassified	憲法法庭書記廳		tw-judicial:148	tw-judicial-7e48e18f4d6cf3822348	OGDL-Taiwan-1.0	source_attributed			
公告	公告	Publication	gong1 gao4	intellectual_property	待核查	TW	unclassified	A13070000G		tw-tipo-trademark:455	tw-tipo-trademark-ea46511c76f0f7ca111c	OGDL-Taiwan-1.0	source_attributed			
公告土地现值	公告土地現值	government assessed land value	gong1 gao4 tu3 di4 xian4 zhi2	property	待核查	TW	unclassified	憲法法庭書記廳		tw-judicial:149	tw-judicial-35b528cebb25d50972fe	OGDL-Taiwan-1.0	source_attributed			
公告地价	公告地價	government published land value	gong1 gao4 di4 jia4	unclassified	待核查	TW	unclassified	憲法法庭書記廳		tw-judicial:150	tw-judicial-37674fe393382c139806	OGDL-Taiwan-1.0	source_attributed			
公平交易法	公平交易法	Fair Trade Act	gong1 ping2 jiao1 yi4 fa3	competition	待核查	TW	statute	憲法法庭書記廳		tw-judicial:132	tw-judicial-a49f56a93ad1ec34a0b0	OGDL-Taiwan-1.0	source_attributed			
公序良俗	公序良俗	public order and good morals	gong1 xu4 liang2 su2	core,civil	CN	INTERNATIONAL	term	中华人民共和国民法典（2020）	违背公序良俗的民事法律行为无效；它与违反强制性规定的判断分别列示。	oll-cn-core:cn-public-order-good-morals	cn-public-order-good-morals	CC-BY-4.0	project_authored	民事法律行为不得违背的公共秩序与善良风俗要求。	项目释译，非官方译文；本短语保留中国民法概念，不简化成任意个人道德评价。	中华人民共和国民法典（2020） 第143,153条 https://www.court.gov.cn/zixun/xiangqing/233181.html
公开透明原则	公開透明原則	principle of transparency	gong1 kai1 tou4 ming2 yuan2 ze2	unclassified	待核查	TW	unclassified	憲法法庭書記廳		tw-judicial:183	tw-judicial-d3428d94e9824791e4e0	OGDL-Taiwan-1.0	source_attributed			
公教人员退休金其他现金给与补偿金发给办法	公教人員退休金其他現金給與補償金發給辦法	Regulations Regarding Supplementary Compensation for Government Employees and Teachers’ Pension and other Cash Benefits	gong1 jiao4 ren2 yuan2 tui4 xiu1 jin1 qi2 ta1 xian4 jin1 ji3 yu3 bu3 chang2 jin1 fa4 gei3 ban4 fa3	unclassified	待核查	TW	statute	憲法法庭書記廳		tw-judicial:178	tw-judicial-057d083756f317cc5a8f	OGDL-Taiwan-1.0	source_attributed			
公文、文件	公文、文件	document		intellectual_property	待核查	TW	unclassified	A13070000G		tw-tipo-trademark:166	tw-tipo-trademark-2df69a05c19f1393e385	OGDL-Taiwan-1.0	source_attributed			
公文书	公文書	public document	gong1 wen2 shu1	unclassified	待核查	TW	unclassified	憲法法庭書記廳		tw-judicial:125	tw-judicial-afde3b3c28ab9a91e240	OGDL-Taiwan-1.0	source_attributed			
公文程式条例	公文程式條例	Act Governing the Forms of Official Documents	gong1 wen2 cheng2 shi4 tiao2 li4	unclassified	待核查	TW	statute	憲法法庭書記廳		tw-judicial:126	tw-judicial-4f17199d0934c3bc3d5f	OGDL-Taiwan-1.0	source_attributed			
公有地优先承购权	公有地優先承購權	preemption right of public land	gong1 you3 di4 you1 xian1 cheng2 gou4 quan2	unclassified	待核查	TW	unclassified	憲法法庭書記廳		tw-judicial:146	tw-judicial-cea5e00f563226b3d76a	OGDL-Taiwan-1.0	source_attributed			
公有财产	公有財產	public property	gong1 you3 cai2 chan3	unclassified	待核查	TW	unclassified	憲法法庭書記廳		tw-judicial:147	tw-judicial-fcf28de046991e015802	OGDL-Taiwan-1.0	source_attributed			
公权力	公權力	public authority	gong1 quan2 li4	administrative	待核查	TW	unclassified	憲法法庭書記廳		tw-judicial:202	tw-judicial-9b1d58f57866b9452e4f	OGDL-Taiwan-1.0	source_attributed			
公权力之行使	公權力之行使	exercise of public authority	gong1 quan2 li4 zhi1 xing2 shi3	administrative	待核查	TW	unclassified	憲法法庭書記廳		tw-judicial:203	tw-judicial-5f310ba01802b42cd5ee	OGDL-Taiwan-1.0	source_attributed			
公法	公法	public law	gong1 fa3	administrative	待核查	TW	unclassified	憲法法庭書記廳		tw-judicial:151	tw-judicial-3efcebe7b05320c68d5f	OGDL-Taiwan-1.0	source_attributed			
公法上之不当得利	公法上之不當得利	unjust enrichment in public law	gong1 fa3 shang4 zhi1 bu4 dang4 de2 li4	administrative	待核查	TW	unclassified	憲法法庭書記廳		tw-judicial:153	tw-judicial-181cfe44b1dd9f9d5ae3	OGDL-Taiwan-1.0	source_attributed			
公法上效果	公法上效果	effect in public law	gong1 fa3 shang4 xiao4 guo3	administrative	待核查	TW	unclassified	憲法法庭書記廳		tw-judicial:154	tw-judicial-c293a0d1ff1b3b59856e	OGDL-Taiwan-1.0	source_attributed			
公法人	公法人	public legal person	gong1 fa3 ren2	administrative	待核查	TW	unclassified	憲法法庭書記廳		tw-judicial:152	tw-judicial-1466d2432dc95061a435	OGDL-Taiwan-1.0	source_attributed			
公用事业	公用事業	public utilities; public utility	gong1 yong4 shi4 ye4	unclassified	待核查	TW	unclassified	憲法法庭書記廳		tw-judicial:133	tw-judicial-d15e211da4e6c566af21	OGDL-Taiwan-1.0	source_attributed			
公用需要	公用需要	public necessity	gong1 yong4 xu1 yao4	unclassified	待核查	TW	unclassified	憲法法庭書記廳		tw-judicial:134	tw-judicial-513bc2d6003958fd2f65	OGDL-Taiwan-1.0	source_attributed			
公积	公積	surplus	gong1 ji1	unclassified	待核查	TW	unclassified	憲法法庭書記廳		tw-judicial:184	tw-judicial-9ccaec380a14c881d456	OGDL-Taiwan-1.0	source_attributed			
公立学校聘任之教师	公立學校聘任之教師	public schools teachers	gong1 li4 xue2 xiao4 pin4 ren4 zhi1 jiao4 shi1	unclassified	待核查	TW	unclassified	憲法法庭書記廳		tw-judicial:135	tw-judicial-57a4378b34a532ebe6c2	OGDL-Taiwan-1.0	source_attributed			
公职	公職	government employment	gong1 zhi2	unclassified	待核查	TW	unclassified	憲法法庭書記廳		tw-judicial:188	tw-judicial-bfe228b893ecc9c69a56	OGDL-Taiwan-1.0	source_attributed			
公职人员利益冲突回避法	公職人員利益衝突迴避法	Act on Recusal of Public Servants Due to Conflicts of Interest	gong1 zhi2 ren2 yuan2 li4 yi4 chong1 tu1 hui2 bi4 fa3	unclassified	待核查	TW	statute	政風處		tw-judicial:189	tw-judicial-00a57a23cec668a67932	OGDL-Taiwan-1.0	source_attributed			
公职人员财产申报法	公職人員財產申報法	Act on Property-Declaration by Public Servants	gong1 zhi2 ren2 yuan2 cai2 chan3 shen1 bao4 fa3	unclassified	待核查	TW	statute	政風處		tw-judicial:190	tw-judicial-fe67d512eb226ace2ab1	OGDL-Taiwan-1.0	source_attributed			
公职人员财产申报资料审核及查阅办法	公職人員財產申報資料審核及查閱辦法	Regulations Governing Examination and Browsing of Materials of Property-Declaration by Public Servants	gong1 zhi2 ren2 yuan2 cai2 chan3 shen1 bao4 zi1 liao4 shen3 he2 ji2 cha2 yue4 ban4 fa3	unclassified	待核查	TW	statute	政風處		tw-judicial:192	tw-judicial-1c3ebb3cee4e7c032825	OGDL-Taiwan-1.0	source_attributed			
公职人员财产申报资料查阅室	公職人員財產申報資料查閱室	Inquiring Room for the Declared Properties of the Public Servants	gong1 zhi2 ren2 yuan2 cai2 chan3 shen1 bao4 zi1 liao4 cha2 yue4 shi4	unclassified	待核查	TW	unclassified	司法行政廳		tw-judicial:191	tw-judicial-674b3e4bc2666771f202	OGDL-Taiwan-1.0	source_attributed			
公职人员选举罢免法	公職人員選舉罷免法	Civil Servants Election And Recall Act	gong1 zhi2 ren2 yuan2 xuan3 ju3 ba4 mian3 fa3	unclassified	待核查	TW	statute	憲法法庭書記廳		tw-judicial:193	tw-judicial-19dbb510559492f4f889	OGDL-Taiwan-1.0	source_attributed			
公营事业;公营事业机构;国营事业	公營事業;公營事業機構;國營事業	state-owned enterprise		unclassified	待核查	TW	unclassified	憲法法庭書記廳		tw-judicial:185	tw-judicial-c36027dca058320fe9e0	OGDL-Taiwan-1.0	source_attributed			
公营事业机关	公營事業機關	state-owned organization	gong1 ying2 shi4 ye4 ji1 guan1	unclassified	待核查	TW	unclassified	憲法法庭書記廳		tw-judicial:187	tw-judicial-e7fdafdd38cc263f334e	OGDL-Taiwan-1.0	source_attributed			
公营事业移转民营条例	公營事業移轉民營條例	Statute of Privatization of Government-Owned Enterprises	gong1 ying2 shi4 ye4 yi2 zhuan3 min2 ying2 tiao2 li4	unclassified	待核查	TW	statute	憲法法庭書記廳		tw-judicial:186	tw-judicial-5e5180a63f0db78886cb	OGDL-Taiwan-1.0	source_attributed			
公设辩护人	公設辯護人	Public Defender	gong1 she4 bian4 hu4 ren2	unclassified	待核查	TW	unclassified	司法行政廳		tw-judicial:179	tw-judicial-b1c49d7afb0e367f1f1f	OGDL-Taiwan-1.0	source_attributed			
公设辩护人室	公設辯護人室	Public Defender Office	gong1 she4 bian4 hu4 ren2 shi4	unclassified	待核查	TW	unclassified	司法行政廳		tw-judicial:180	tw-judicial-16a69d6b3c93cdbad0e3	OGDL-Taiwan-1.0	source_attributed			
公证	公證	notarize	gong1 zheng4	unclassified	待核查	TW	unclassified	民事廳		tw-judicial:195	tw-judicial-2d832c2ac02953f429d8	OGDL-Taiwan-1.0	source_attributed			
公证书	公證書	notarial deed	gong1 zheng4 shu1	unclassified	待核查	TW	unclassified	民事廳		tw-judicial:199	tw-judicial-21900588a1431e311aa3	OGDL-Taiwan-1.0	source_attributed			
公证人	公證人	Notary	gong1 zheng4 ren2	unclassified	待核查	TW	role	民事廳		tw-judicial:196	tw-judicial-b93c74d86a15bbc9a376	OGDL-Taiwan-1.0	source_attributed			
公证处	公證處	Notary Public Office	gong1 zheng4 chu4	unclassified	待核查	TW	unclassified	司法行政廳		tw-judicial:200	tw-judicial-98843ee6a6a11796df8c	OGDL-Taiwan-1.0	source_attributed			
公证服务	公證服務	Notarization Service	gong1 zheng4 fu2 wu4	unclassified	待核查	TW	unclassified	司法行政廳		tw-judicial:197	tw-judicial-d274528406b692e230f2	OGDL-Taiwan-1.0	source_attributed			
公证法	公證法	The Notary Act	gong1 zheng4 fa3	unclassified	待核查	TW	unclassified	民事廳		tw-judicial:198	tw-judicial-edcdbc25895c94359cbd	OGDL-Taiwan-1.0	source_attributed			
公证结婚礼堂	公證結婚禮堂	Notary Marriage Auditorium	gong1 zheng4 jie2 hun1 li3 tang2	family	待核查	TW	unclassified	司法行政廳		tw-judicial:201	tw-judicial-71c40057afe0459c34bc	OGDL-Taiwan-1.0	source_attributed			
公诉	公訴	public prosecution	gong1 su4	unclassified	待核查	TW	unclassified	憲法法庭書記廳		tw-judicial:181	tw-judicial-0c8b043722bfcf95429a	OGDL-Taiwan-1.0	source_attributed			
公费	公費	government fund	gong1 fei4	unclassified	待核查	TW	unclassified	憲法法庭書記廳		tw-judicial:182	tw-judicial-c05ad02892a3330e4d5a	OGDL-Taiwan-1.0	source_attributed			
共同体商标	共同體商標	Community Trade Mark (CTM)	gong4 tong2 ti3 shang1 biao1	intellectual_property	待核查	TW	unclassified	A13070000G		tw-tipo-trademark:94	tw-tipo-trademark-2f75220f9fbb1d5c1e21	OGDL-Taiwan-1.0	source_attributed			
共同体商标	共同體商標	CTMR	gong4 tong2 ti3 shang1 biao1	intellectual_property	待核查	TW	abbreviation	A13070000G		tw-tipo-trademark:123	tw-tipo-trademark-6d80fd74749b153a9a11	OGDL-Taiwan-1.0	source_attributed			
共同体商标	共同體商標	Community Trade Mark Regulation	gong4 tong2 ti3 shang1 biao1	intellectual_property	待核查	TW	unclassified	A13070000G		tw-tipo-trademark:124	tw-tipo-trademark-84dae182c283ed52e4bc	OGDL-Taiwan-1.0	source_attributed			
共同体新式样	共同體新式樣	Community Designs Regulation	gong4 tong2 ti3 xin1 shi4 yang4	intellectual_property	待核查	TW	unclassified	A13070000G		tw-tipo-trademark:64	tw-tipo-trademark-51c0522dafa27772fe59	OGDL-Taiwan-1.0	source_attributed			
共同体新式样	共同體新式樣	CDR	gong4 tong2 ti3 xin1 shi4 yang4	intellectual_property	待核查	TW	abbreviation	A13070000G		tw-tipo-trademark:63	tw-tipo-trademark-ac636eca206f8dee34cd	OGDL-Taiwan-1.0	source_attributed			
共同诉讼	共同訴訟	Joint Proceedings	gong4 tong2 su4 song4	dispute_resolution	待核查	TW	unclassified	行政訴訟及懲戒廳		tw-judicial:444	tw-judicial-f8fb79b7f9c4d29905ab	OGDL-Taiwan-1.0	source_attributed			
共有	共有	co-ownership	gong4 you3	unclassified	待核查	TW	unclassified	憲法法庭書記廳		tw-judicial:445	tw-judicial-c64dc1f9674ce137f2b5	OGDL-Taiwan-1.0	source_attributed			
共有人	共有人	co-owner	gong4 you3 ren2	unclassified	待核查	TW	unclassified	憲法法庭書記廳		tw-judicial:446	tw-judicial-73e16f1370394cfb1092	OGDL-Taiwan-1.0	source_attributed			
共有物	共有物	common property	gong4 you3 wu4	unclassified	待核查	TW	unclassified	憲法法庭書記廳		tw-judicial:447	tw-judicial-40e1ce72bd63137770e1	OGDL-Taiwan-1.0	source_attributed			
关于	關於	refer (+to)	guan1 yu2	intellectual_property	待核查	TW	unclassified	A13070000G		tw-tipo-trademark:470	tw-tipo-trademark-39970fe7efb99fd1bc26	OGDL-Taiwan-1.0	source_attributed			
关于分割之请求，申请人必须声明该申请注册之商标已持续作为商业或与具体指定之商品和服务相关联之使用，申请人始得为之。	關於分割之請求，申請人必須聲明該申請註冊之商標已持續作為商業或與具體指定之商品和服務相關聯之使用，申請人始得為之。	Dividing an application, the applicant must assert that using the mark in commerce on or in connection with the identified goods and services.		intellectual_property	待核查	TW	unclassified	A13070000G		tw-tipo-trademark:163	tw-tipo-trademark-3f506729d8fdf467f699	OGDL-Taiwan-1.0	source_attributed			
关税	關稅	customs duty	guan1 shui4	tax,trade	CN	INTERNATIONAL	term	中华人民共和国关税法（2024）	第二条规定关税的基本征收对象和征收机关；具体税率、计税价格、减免及程序另有条文规定。	oll-cn-tax-trade:cn-customs-duty	cn-customs-duty	CC-BY-4.0	project_authored	海关依照《关税法》和有关法律、行政法规，对准许进出口的货物和进境物品征收的税。	项目释译，非官方译文；customs duty 在本批次专指《关税法》中的关税。	中华人民共和国关税法（2024） 第2条 https://fgk.chinatax.gov.cn/zcfgk/c100009/c5234556/content.html
关税	關稅	customs duties; customs duty	guan1 shui4	tax,trade	待核查	TW	unclassified	憲法法庭書記廳		tw-judicial:2068	tw-judicial-38d26915d51c91de944f	OGDL-Taiwan-1.0	source_attributed			
关税优先权	關稅優先權	priority of customs duties	guan1 shui4 you1 xian1 quan2	tax,trade	待核查	TW	unclassified	憲法法庭書記廳		tw-judicial:2070	tw-judicial-5a6ce982e4f644b4fd85	OGDL-Taiwan-1.0	source_attributed			
关税减免	關稅減免	customs duty relief	guan1 shui4 jian3 mian3	tax,trade	CN	INTERNATIONAL	term	中华人民共和国关税法（2024）	第三十二条列示免征关税情形，第三十三条列示减征关税情形；免征与减征的法定条件不同，学习时应继续区分。	oll-cn-tax-trade:cn-customs-duty-relief	cn-customs-duty-relief	CC-BY-4.0	project_authored	法律规定对特定进出口货物或进境物品免征或者减征关税的税收优惠处理。	项目释译，非官方译文；customs duty relief 作为上位学习用语概括 exemption 与 reduction，不替代具体法定条件。	中华人民共和国关税法（2024） 第32,33条 https://fgk.chinatax.gov.cn/zcfgk/c100009/c5234556/content.html
关税扣缴义务人	關稅扣繳義務人	customs duty withholding agent	guan1 shui4 kou4 jiao3 yi4 wu4 ren2	tax,trade	CN	INTERNATIONAL	role	中华人民共和国关税法（2024）	第三条特别涉及跨境电子商务零售进口的平台经营者、物流企业、报关企业以及法律、行政法规规定的其他主体；扣缴义务人与关税纳税人不是同一概念。	oll-cn-tax-trade:cn-customs-duty-withholding-agent	cn-customs-duty-withholding-agent	CC-BY-4.0	project_authored	依法负有代扣代缴或者代收代缴关税税款义务的单位或个人。	项目释译，非官方译文；withholding agent 在此覆盖法条中的代扣代缴、代收代缴义务主体。	中华人民共和国关税法（2024） 第3条 https://fgk.chinatax.gov.cn/zcfgk/c100009/c5234556/content.html
关税法	關稅法	Customs Act	guan1 shui4 fa3	tax,trade	待核查	TW	unclassified	憲法法庭書記廳		tw-judicial:2069	tw-judicial-e985a07c3002836746c1	OGDL-Taiwan-1.0	source_attributed			
关税纳税人	關稅納稅人	customs duty taxpayer	guan1 shui4 na4 shui4 ren2	tax,trade	CN	INTERNATIONAL	role	中华人民共和国关税法（2024）	第三条分别列明进口货物收货人、出口货物发货人以及进境物品携带人或收件人等纳税主体。	oll-cn-tax-trade:cn-customs-duty-taxpayer	cn-customs-duty-taxpayer	CC-BY-4.0	project_authored	依法就进口货物、出口货物或者进境物品承担关税纳税义务的主体。	项目释译，非官方译文；customs duty taxpayer 指关税法定纳税主体。	中华人民共和国关税法（2024） 第3条 https://fgk.chinatax.gov.cn/zcfgk/c100009/c5234556/content.html
关税配额	關稅配額	tariff quota	guan1 shui4 pei4 e2	tax,trade	CN	INTERNATIONAL	term	中华人民共和国对外贸易法（2025第二次修订）	第二十一条授权对部分进出口货物实行关税配额管理；具体税率适用还应结合《关税法》和税则规则。	oll-cn-tax-trade:cn-tariff-quota	cn-tariff-quota	CC-BY-4.0	project_authored	国家对部分进出口货物实行的、把一定数量配额与特定关税待遇相联系的管理制度。	项目释译，非官方译文；tariff quota 为通行贸易术语，本条只确立可实行该管理制度。	中华人民共和国对外贸易法（2025第二次修订） 第21条 https://www.baiyinqu.gov.cn/XZJDBMDW/bmdw/byqswjn/fdzdgknr/lzyj/zcfg/art/2025/art_f4f31ac31bb8407a8b8d6afd5ac8f411.html
关系人	關係人	relevant party	guan1 xi4 ren2	unclassified	待核查	TW	unclassified	憲法法庭書記廳		tw-judicial:2067	tw-judicial-cb564497431132b231e6	OGDL-Taiwan-1.0	source_attributed			
兵役	兵役	military service	bing1 yi4	unclassified	待核查	TW	unclassified	憲法法庭書記廳		tw-judicial:612	tw-judicial-4258442dddaa2fd84ab5	OGDL-Taiwan-1.0	source_attributed			
兵役义务	兵役義務	military conscription duties	bing1 yi4 yi4 wu4	unclassified	待核查	TW	unclassified	憲法法庭書記廳		tw-judicial:615	tw-judicial-fe11a9ce67afc7964e42	OGDL-Taiwan-1.0	source_attributed			
兵役体检	兵役體檢	physical examination in connection with military services	bing1 yi4 ti3 jian3	unclassified	待核查	TW	unclassified	憲法法庭書記廳		tw-judicial:616	tw-judicial-132909d4686ba78dd517	OGDL-Taiwan-1.0	source_attributed			
兵役法	兵役法	Act of Military Service System	bing1 yi4 fa3	unclassified	待核查	TW	unclassified	憲法法庭書記廳		tw-judicial:613	tw-judicial-848e06f692617048ccec	OGDL-Taiwan-1.0	source_attributed			
兵役法施行法	兵役法施行法	The Enforcement Act of Act of Military Service System	bing1 yi4 fa3 shi1 xing2 fa3	unclassified	待核查	TW	statute	憲法法庭書記廳		tw-judicial:614	tw-judicial-4247f3c46a64fd29148a	OGDL-Taiwan-1.0	source_attributed			
其他重大事由	其他重大事由	other material reasons	qi2 ta1 zhong4 da4 shi4 you2	unclassified	待核查	TW	unclassified	憲法法庭書記廳		tw-judicial:696	tw-judicial-4752f0ad84a0588160d7	OGDL-Taiwan-1.0	source_attributed			
具保、责付	具保、責付	Release on Bond, to the Custody of Another		unclassified	待核查	TW	unclassified	司法行政廳		tw-judicial:695	tw-judicial-a256d2757af4adf483f9	OGDL-Taiwan-1.0	source_attributed			
典押当业	典押當業	pawn business	dian3 ya1 dang4 ye4	unclassified	待核查	TW	unclassified	憲法法庭書記廳		tw-judicial:697	tw-judicial-9e6151e22181cb6eb23f	OGDL-Taiwan-1.0	source_attributed			
典押当业管理规则	典押當業管理規則	Rules Governing the Supervision of the Pawnshops	dian3 ya1 dang4 ye4 guan3 li3 gui1 ze2	unclassified	待核查	TW	statute	憲法法庭書記廳		tw-judicial:698	tw-judicial-5937dcfab5b94c807c90	OGDL-Taiwan-1.0	source_attributed			
典权	典權	right of dien	dian3 quan2	unclassified	待核查	TW	unclassified	憲法法庭書記廳		tw-judicial:700	tw-judicial-0fd18d161d3ad3cda33d	OGDL-Taiwan-1.0	source_attributed			
典权人	典權人	dien-holder	dian3 quan2 ren2	unclassified	待核查	TW	unclassified	憲法法庭書記廳		tw-judicial:701	tw-judicial-f0d9df144b3286c72050	OGDL-Taiwan-1.0	source_attributed			
典试法	典試法	Act Governing the Administration of Examination	dian3 shi4 fa3	unclassified	待核查	TW	unclassified	憲法法庭書記廳		tw-judicial:699	tw-judicial-5a87058aac87c8104324	OGDL-Taiwan-1.0	source_attributed			
养女	養女	adopted daughter	yang3 nv3	unclassified	待核查	TW	unclassified	憲法法庭書記廳		tw-judicial:1868	tw-judicial-ed4934aa33c190a3d1f8	OGDL-Taiwan-1.0	source_attributed			
养子	養子	adopted son	yang3 zi5	unclassified	待核查	TW	unclassified	憲法法庭書記廳		tw-judicial:1869	tw-judicial-384669fcd6baa337f49b	OGDL-Taiwan-1.0	source_attributed			
养子女	養子女	adopted children	yang3 zi3 nv3	unclassified	待核查	TW	unclassified	少年及家事廳		tw-judicial:1870	tw-judicial-0c822d7011502cd83bf1	OGDL-Taiwan-1.0	source_attributed			
养父母	養父母	adoptive parents	yang3 fu4 mu3	unclassified	待核查	TW	unclassified	憲法法庭書記廳		tw-judicial:1871	tw-judicial-889d9cc839cd4e400e25	OGDL-Taiwan-1.0	source_attributed			
养老给付保险金	養老給付保險金	insurance premium old age benefit	yang3 lao3 ji3 fu4 bao3 xian3 jin1	unclassified	待核查	TW	unclassified	憲法法庭書記廳		tw-judicial:1872	tw-judicial-d0d52e70109fe9b1b49f	OGDL-Taiwan-1.0	source_attributed			
兼职	兼職	concurrent serving	jian1 zhi2	unclassified	待核查	TW	unclassified	憲法法庭書記廳		tw-judicial:981	tw-judicial-ff21ad871f31ad4e9660	OGDL-Taiwan-1.0	source_attributed			
兼营营业人营业税额计算办法	兼營營業人營業稅額計算辦法	Regulations for the Computation of Business Tax for Dual-Status Business Entities	jian1 ying2 ying2 ye4 ren2 ying2 ye4 shui4 e2 ji4 suan4 ban4 fa3	tax	待核查	TW	statute	憲法法庭書記廳		tw-judicial:980	tw-judicial-43129a752ff353587eef	OGDL-Taiwan-1.0	source_attributed			
兽医师法	獸醫師法	Medical Care Act	shou4 yi1 shi1 fa3	unclassified	待核查	TW	statute	憲法法庭書記廳		tw-judicial:2044	tw-judicial-30c7b0dd3237875505af	OGDL-Taiwan-1.0	source_attributed			
内乱、外患罪	內亂、外患罪	offenses against internal and external security		criminal	待核查	TW	unclassified	憲法法庭書記廳		tw-judicial:122	tw-judicial-d189aab4c9cc05825230	OGDL-Taiwan-1.0	source_attributed			
内乱罪	內亂罪	sedition	nei4 luan4 zui4	criminal	待核查	TW	unclassified	憲法法庭書記廳		tw-judicial:123	tw-judicial-fda415362a1fa02a2e11	OGDL-Taiwan-1.0	source_attributed			
内容、要旨	內容、要旨	content		intellectual_property	待核查	TW	unclassified	A13070000G		tw-tipo-trademark:113	tw-tipo-trademark-6a4f07e21b60b806b515	OGDL-Taiwan-1.0	source_attributed			
内政部役政署组织条例	內政部役政署組織條例	Organizational Statute for Conscription Affairs Administration, Ministry of the Interior	nei4 zheng4 bu4 yi4 zheng4 shu3 zu3 zhi1 tiao2 li4	unclassified	待核查	TW	statute	憲法法庭書記廳		tw-judicial:120	tw-judicial-84359f0bcc0dd9f7d3aa	OGDL-Taiwan-1.0	source_attributed			
内政部消防署组织条例	內政部消防署組織條例	The Organization Act of National Fire Agency, Ministry of the Interior	nei4 zheng4 bu4 xiao1 fang2 shu3 zu3 zhi1 tiao2 li4	unclassified	待核查	TW	statute	憲法法庭書記廳		tw-judicial:121	tw-judicial-f9111cd7be1af354055b	OGDL-Taiwan-1.0	source_attributed			
内部不一致	內部不一致	Internal inconsistency	nei4 bu4 bu4 yi1 zhi4	intellectual_property	待核查	TW	unclassified	A13070000G		tw-tipo-trademark:315	tw-tipo-trademark-2175427471062f0d324c	OGDL-Taiwan-1.0	source_attributed			
内部市场协调局	內部市場協調局	OHIM	nei4 bu4 shi4 chang3 xie2 tiao2 ju2	intellectual_property	待核查	TW	abbreviation	A13070000G		tw-tipo-trademark:380	tw-tipo-trademark-975da9e732dd12b2fd2e	OGDL-Taiwan-1.0	source_attributed			
内部市场协调局	內部市場協調局	Office for Harmonisation in the Internal Market	nei4 bu4 shi4 chang3 xie2 tiao2 ju2	intellectual_property	待核查	TW	unclassified	A13070000G		tw-tipo-trademark:381	tw-tipo-trademark-cf0ff9d5f97cadeab140	OGDL-Taiwan-1.0	source_attributed			
内阁	內閣	cabinet	nei4 ge2	unclassified	待核查	TW	unclassified	憲法法庭書記廳		tw-judicial:124	tw-judicial-0841caa794119662d0fd	OGDL-Taiwan-1.0	source_attributed			
再审	再審	action for retrial; appeal for retrial; retrial	zai4 shen3	unclassified	待核查	TW	unclassified	憲法法庭書記廳		tw-judicial:450	tw-judicial-ef03e82cdc00e6ebbf45	OGDL-Taiwan-1.0	source_attributed			
再审之诉	再審之訴	action for retrial	zai4 shen3 zhi1 su4	unclassified	待核查	TW	unclassified	憲法法庭書記廳		tw-judicial:451	tw-judicial-116568725d5d401531b6	OGDL-Taiwan-1.0	source_attributed			
再审程序	再審程序	proceeding for retrial	zai4 shen3 cheng2 xu4	unclassified	待核查	TW	unclassified	憲法法庭書記廳		tw-judicial:452	tw-judicial-37537ed921e06b9483a8	OGDL-Taiwan-1.0	source_attributed			
再提名	再提名	re-nomination	zai4 ti2 ming2	unclassified	待核查	TW	unclassified	憲法法庭書記廳		tw-judicial:448	tw-judicial-2b5bac69602a72d5c1f2	OGDL-Taiwan-1.0	source_attributed			
再诉愿	再訴願	administrative re-appeal	zai4 su4 yuan4	dispute_resolution	待核查	TW	unclassified	憲法法庭書記廳		tw-judicial:449	tw-judicial-40c7d7b2ff6389e7a0c3	OGDL-Taiwan-1.0	source_attributed			
军事审判	軍事審判	military trial	jun1 shi4 shen3 pan4	dispute_resolution	待核查	TW	unclassified	憲法法庭書記廳		tw-judicial:956	tw-judicial-9e389d638ca5443bcd3a	OGDL-Taiwan-1.0	source_attributed			
军事审判机关	軍事審判機關	military tribunals	jun1 shi4 shen3 pan4 ji1 guan1	dispute_resolution	待核查	TW	unclassified	憲法法庭書記廳		tw-judicial:958	tw-judicial-6a39f3707ac3ea04ed3c	OGDL-Taiwan-1.0	source_attributed			
军事审判法	軍事審判法	Military trial	jun1 shi4 shen3 pan4 fa3	dispute_resolution	待核查	TW	statute	憲法法庭書記廳		tw-judicial:957	tw-judicial-e744886ca880f1bf32c7	OGDL-Taiwan-1.0	source_attributed			
军事教育条例	軍事教育條例	Act of Military Education	jun1 shi4 jiao4 yu4 tiao2 li4	unclassified	待核查	TW	statute	憲法法庭書記廳		tw-judicial:955	tw-judicial-88b2d7796ce3413598df	OGDL-Taiwan-1.0	source_attributed			
军人保险条例	軍人保險條例	Act of Insurance for Military Personnel	jun1 ren2 bao3 xian3 tiao2 li4	unclassified	待核查	TW	statute	憲法法庭書記廳		tw-judicial:951	tw-judicial-3a143988e4058f8b3525	OGDL-Taiwan-1.0	source_attributed			
军人及其家属优待条例	軍人及其家屬優待條例	Statute of Favors for Military Servicemen & Their Dependents	jun1 ren2 ji2 qi2 jia1 shu3 you1 dai4 tiao2 li4	unclassified	待核查	TW	statute	憲法法庭書記廳		tw-judicial:950	tw-judicial-1011bb356ff893c5dc15	OGDL-Taiwan-1.0	source_attributed			
军人婚姻条例	軍人婚姻條例	Act of Marriage for Military Personnel	jun1 ren2 hun1 yin1 tiao2 li4	family	待核查	TW	statute	憲法法庭書記廳		tw-judicial:952	tw-judicial-0368fd8188648d4965db	OGDL-Taiwan-1.0	source_attributed			
军人抚恤条例	軍人撫卹條例	Indemnities Act for Military Personnel	jun1 ren2 fu3 xu4 tiao2 li4	unclassified	待核查	TW	statute	憲法法庭書記廳		tw-judicial:954	tw-judicial-103691e1dbde79d6430f	OGDL-Taiwan-1.0	source_attributed			
军人福利	軍人福利	benefits for military personnel	jun1 ren2 fu2 li4	unclassified	待核查	TW	unclassified	憲法法庭書記廳		tw-judicial:953	tw-judicial-846d6c0f1d1cb3ced571	OGDL-Taiwan-1.0	source_attributed			
农业发展条例	農業發展條例	Agricultural Development Act	nong2 ye4 fa1 zhan3 tiao2 li4	unclassified	待核查	TW	statute	憲法法庭書記廳		tw-judicial:1607	tw-judicial-d9a3e88b35650a58fc4c	OGDL-Taiwan-1.0	source_attributed			
农业发展条例施行细则	農業發展條例施行細則	Enforcement Rules of the Agricultural Development Act	nong2 ye4 fa1 zhan3 tiao2 li4 shi1 xing2 xi4 ze2	unclassified	待核查	TW	statute	憲法法庭書記廳		tw-judicial:1608	tw-judicial-9ea535de1f50ca928841	OGDL-Taiwan-1.0	source_attributed			
农业用地	農業用地	agricultural land	nong2 ye4 yong4 di4	unclassified	待核查	TW	unclassified	憲法法庭書記廳		tw-judicial:1606	tw-judicial-1d66cf3e5cf614a1534f	OGDL-Taiwan-1.0	source_attributed			
农会	農會	Farmers Association	nong2 hui4	unclassified	待核查	TW	unclassified	憲法法庭書記廳		tw-judicial:1604	tw-judicial-12374e4a17712e3dbbed	OGDL-Taiwan-1.0	source_attributed			
农会法	農會法	The Farmers Association Act	nong2 hui4 fa3	unclassified	待核查	TW	unclassified	憲法法庭書記廳		tw-judicial:1605	tw-judicial-6c1b6c8f81ece4a2f301	OGDL-Taiwan-1.0	source_attributed			
农地承租人	農地承租人	tenant-farmer	nong2 di4 cheng2 zu1 ren2	unclassified	待核查	TW	unclassified	憲法法庭書記廳		tw-judicial:1603	tw-judicial-15c1fe25bad5a85dc5f2	OGDL-Taiwan-1.0	source_attributed			
农民健康保险	農民健康保險	health insurance for farmers	nong2 min2 jian4 kang1 bao3 xian3	unclassified	待核查	TW	unclassified	憲法法庭書記廳		tw-judicial:1599	tw-judicial-91a16aeee378cce9ceb9	OGDL-Taiwan-1.0	source_attributed			
农民健康保险条例	農民健康保險條例	Farmers Health Insurance Act	nong2 min2 jian4 kang1 bao3 xian3 tiao2 li4	unclassified	待核查	TW	statute	憲法法庭書記廳		tw-judicial:1600	tw-judicial-aa92f8b4dd9c904b0e30	OGDL-Taiwan-1.0	source_attributed			
农田水利会组织规程	農田水利會組織規程	Organic Regulations of the Irrigation Association	nong2 tian2 shui3 li4 hui4 zu3 zhi1 gui1 cheng2	unclassified	待核查	TW	unclassified	憲法法庭書記廳		tw-judicial:1601	tw-judicial-ed029a6a2f8a81510ca3	OGDL-Taiwan-1.0	source_attributed			
农田水利会组织通则	農田水利會組織通則	The Act o Irrigation Association Organization	nong2 tian2 shui3 li4 hui4 zu3 zhi1 tong1 ze2	unclassified	待核查	TW	unclassified	憲法法庭書記廳		tw-judicial:1602	tw-judicial-d8617803309d39f5a61d	OGDL-Taiwan-1.0	source_attributed			
农药管理法	農藥管理法	Agro-pesticides Management Act	nong2 yao4 guan3 li3 fa3	unclassified	待核查	TW	statute	憲法法庭書記廳		tw-judicial:1609	tw-judicial-a538fadd54ce035783a3	OGDL-Taiwan-1.0	source_attributed			
冤狱	冤獄	wrongful imprisonment	yuan1 yu4	unclassified	待核查	TW	unclassified	憲法法庭書記廳		tw-judicial:982	tw-judicial-5e19b7ae5db40b6bec55	OGDL-Taiwan-1.0	source_attributed			
冤狱赔偿	冤獄賠償	compensation for wrongful imprisonment	yuan1 yu4 pei2 chang2	unclassified	待核查	TW	unclassified	憲法法庭書記廳		tw-judicial:983	tw-judicial-d970c87dd6f66d2603a8	OGDL-Taiwan-1.0	source_attributed			
冤狱赔偿法	冤獄賠償法	Act of Compensation for Wrongful Detentions and Executions	yuan1 yu4 pei2 chang2 fa3	unclassified	待核查	TW	statute	憲法法庭書記廳		tw-judicial:984	tw-judicial-768a4f13693b0c0702f5	OGDL-Taiwan-1.0	source_attributed			
冲动的	衝動的	impulse	chong1 dong4 de5	intellectual_property	待核查	TW	unclassified	A13070000G		tw-tipo-trademark:292	tw-tipo-trademark-f4b5c33047334cf6bd02	OGDL-Taiwan-1.0	source_attributed			
冲动的或世故精明的购买	衝動的或世故精明的購買	impulse vs. careful, sophisticated purchasing	chong1 dong4 de5 huo4 shi4 gu4 jing1 ming2 de5 gou4 mai3	intellectual_property	待核查	TW	unclassified	A13070000G		tw-tipo-trademark:293	tw-tipo-trademark-09083bfb5c1e01156cbe	OGDL-Taiwan-1.0	source_attributed			
冲突之商标	衝突之商標	conflicting marks	chong1 tu1 zhi1 shang1 biao1	intellectual_property	待核查	TW	unclassified	A13070000G		tw-tipo-trademark:104	tw-tipo-trademark-6be0a3de4e62a64479aa	OGDL-Taiwan-1.0	source_attributed			
决定	決定	decision	jue2 ding4	intellectual_property	待核查	TW	unclassified	A13070000G		tw-tipo-trademark:130	tw-tipo-trademark-0172af88b6f173521647	OGDL-Taiwan-1.0	source_attributed			
决定、判决	決定、判決	determine		intellectual_property	待核查	TW	unclassified	A13070000G		tw-tipo-trademark:146	tw-tipo-trademark-d92716855975b7e2f4ab	OGDL-Taiwan-1.0	source_attributed			
决算	決算	Financial Statement	jue2 suan4	unclassified	待核查	TW	unclassified	會計處		tw-judicial:658	tw-judicial-bf4c4e542f8612f6790c	OGDL-Taiwan-1.0	source_attributed			
决算法	決算法	Financial Statement Act	jue2 suan4 fa3	unclassified	待核查	TW	unclassified	會計處		tw-judicial:659	tw-judicial-fba50f5a6a8af4bc4dbb	OGDL-Taiwan-1.0	source_attributed			
准予公告	准予公告	be approved for publication	zhun3 yu3 gong1 gao4	intellectual_property	待核查	TW	unclassified	A13070000G		tw-tipo-trademark:37	tw-tipo-trademark-a9b474549805f19e7542	OGDL-Taiwan-1.0	source_attributed			
准用	準用	applicable mutatis mutandis	zhun3 yong4	unclassified	待核查	TW	unclassified	憲法法庭書記廳		tw-judicial:1561	tw-judicial-76f51850575f4763d000	OGDL-Taiwan-1.0	source_attributed			
准用	準用	mutatis mutandis	zhun3 yong4	intellectual_property	待核查	TW	unclassified	A13070000G		tw-tipo-trademark:367	tw-tipo-trademark-cb4067a746b0c584a8a7	OGDL-Taiwan-1.0	source_attributed			
准财产权	準財產權	quasi-property rights	zhun3 cai2 chan3 quan2	intellectual_property	待核查	TW	unclassified	A13070000G		tw-tipo-trademark:460	tw-tipo-trademark-b51a3b461dae9a55c942	OGDL-Taiwan-1.0	source_attributed			
减俸	減俸	salary cut	jian3 feng4	unclassified	待核查	TW	unclassified	憲法法庭書記廳		tw-judicial:1437	tw-judicial-fbb095302a1874a5fb35	OGDL-Taiwan-1.0	source_attributed			
减刑	減刑	reduction of punishment	jian3 xing2	criminal	待核查	TW	unclassified	憲法法庭書記廳		tw-judicial:1436	tw-judicial-6c4d5be0881e8457e78e	OGDL-Taiwan-1.0	source_attributed			
减税或免税	減稅或免稅	tax reduction or exemption	jian3 shui4 huo4 mian3 shui4	tax	待核查	TW	unclassified	憲法法庭書記廳		tw-judicial:1438	tw-judicial-9209f9ff2f0c9cef2ab1	OGDL-Taiwan-1.0	source_attributed			
减轻损害	減輕損害	mitigate damages	jian3 qing1 sun3 hai4	unclassified	待核查	TW	unclassified	憲法法庭書記廳		tw-judicial:1439	tw-judicial-f5e4dac9e5409ea436e4	OGDL-Taiwan-1.0	source_attributed			
几何图案的	幾何圖案的	geometrical	ji3 he2 tu2 an4 de5	intellectual_property	待核查	TW	unclassified	A13070000G		tw-tipo-trademark:256	tw-tipo-trademark-1e9e11c9033131e7c9ff	OGDL-Taiwan-1.0	source_attributed			
凭证	憑證	voucher	ping2 zheng4	unclassified	待核查	TW	unclassified	憲法法庭書記廳		tw-judicial:1898	tw-judicial-8617c258f3a8fd65b163	OGDL-Taiwan-1.0	source_attributed			
出卖及出典	出賣及出典	sale and dien	chu1 mai4 ji2 chu1 dian3	unclassified	待核查	TW	unclassified	憲法法庭書記廳		tw-judicial:277	tw-judicial-b1edd7ba6f5ac87e1bed	OGDL-Taiwan-1.0	source_attributed			
出版品协调执行小组	出版品協調執行小組	Publications Coordinating & Administrative Task Force	chu1 ban3 pin3 xie2 tiao2 zhi2 xing2 xiao3 zu3	unclassified	待核查	TW	unclassified	憲法法庭書記廳		tw-judicial:273	tw-judicial-dd7c5c63d092796f0330	OGDL-Taiwan-1.0	source_attributed			
出版法	出版法	Publication Act	chu1 ban3 fa3	unclassified	待核查	TW	unclassified	憲法法庭書記廳		tw-judicial:272	tw-judicial-6082c664df167c97a4b0	OGDL-Taiwan-1.0	source_attributed			
出版自由	出版自由	freedom of publication	chu1 ban3 zi4 you2	unclassified	待核查	TW	unclassified	憲法法庭書記廳		tw-judicial:271	tw-judicial-10942b292629f08284cd	OGDL-Taiwan-1.0	source_attributed			
出租耕地	出租耕地	leased farm land	chu1 zu1 geng1 di4	unclassified	待核查	TW	unclassified	憲法法庭書記廳		tw-judicial:274	tw-judicial-3d4964a67f3600222ba3	OGDL-Taiwan-1.0	source_attributed			
出纳	出納	Teller	chu1 na4	unclassified	待核查	TW	unclassified	司法行政廳		tw-judicial:275	tw-judicial-eefd6d70c85473c7b008	OGDL-Taiwan-1.0	source_attributed			
出纳室	出納室	Cashier Office	chu1 na4 shi4	unclassified	待核查	TW	unclassified	司法行政廳		tw-judicial:276	tw-judicial-4e2deb4d7ad17afd5409	OGDL-Taiwan-1.0	source_attributed			
出资	出資	capital contribution	chu1 zi1	company	CN	INTERNATIONAL	term	中华人民共和国公司法（2023修订）	货币应足额存入公司银行账户，非货币财产应办理财产权转移手续。	oll-cn-core:cn-capital-contribution	cn-capital-contribution	CC-BY-4.0	project_authored	股东依章程向公司缴付认缴货币或依法转移非货币财产权的行为。	项目释译，非官方译文；不要把认缴承诺与实际缴纳混为一谈。	中华人民共和国公司法（2023修订） 第49条 https://fgk.chinatax.gov.cn/zcfgk/c100009/c5233383/content.html
出资加速到期	出資加速到期	accelerated payment of subscribed capital	chu1 zi1 jia1 su4 dao4 qi1	company,finance	CN	INTERNATIONAL	term	中华人民共和国公司法（2023修订）	请求主体包括公司及已到期债权的债权人，触发条件不是一般经营亏损。	oll-cn-core:cn-accelerated-contribution	cn-accelerated-contribution	CC-BY-4.0	project_authored	公司不能清偿到期债务时，依法要求尚未到出资期限的股东提前缴纳认缴出资的制度。	项目释译，非官方译文；这是第五十四条制度的概括性名称。	中华人民共和国公司法（2023修订） 第54条 https://fgk.chinatax.gov.cn/zcfgk/c100009/c5233383/content.html
分割	分割	divide	fen1 ge1	intellectual_property	待核查	TW	unclassified	A13070000G		tw-tipo-trademark:162	tw-tipo-trademark-5ce637dd27d48ef69237	OGDL-Taiwan-1.0	source_attributed			
分割	分割	division	fen1 ge1	intellectual_property	待核查	TW	unclassified	A13070000G		tw-tipo-trademark:164	tw-tipo-trademark-d6cf53de6df4a4ceda07	OGDL-Taiwan-1.0	source_attributed			
分析师	分析師	Systems Analyst	fen1 xi1 shi1	unclassified	待核查	TW	unclassified	司法行政廳		tw-judicial:204	tw-judicial-078684a22f475a587c58	OGDL-Taiwan-1.0	source_attributed			
分案室	分案室	Case Assignment Office	fen1 an4 shi4	unclassified	待核查	TW	unclassified	司法行政廳		tw-judicial:205	tw-judicial-7601748023f513d9a6ca	OGDL-Taiwan-1.0	source_attributed			
分类	分類	classification	fen1 lei4	intellectual_property	待核查	TW	unclassified	A13070000G		tw-tipo-trademark:75	tw-tipo-trademark-056f31c358613b022177	OGDL-Taiwan-1.0	source_attributed			
分类	分類	classify	fen1 lei4	intellectual_property	待核查	TW	unclassified	A13070000G		tw-tipo-trademark:76	tw-tipo-trademark-0ce010f5e1ac8b5b6847	OGDL-Taiwan-1.0	source_attributed			
分辨、识别	分辨、識別	discern		intellectual_property	待核查	TW	unclassified	A13070000G		tw-tipo-trademark:152	tw-tipo-trademark-e0844a1dd9ea30b0bc6e	OGDL-Taiwan-1.0	source_attributed			
切开、分开	切開、分開	dissect		intellectual_property	待核查	TW	unclassified	A13070000G		tw-tipo-trademark:158	tw-tipo-trademark-f260d9de53f4ea5d198a	OGDL-Taiwan-1.0	source_attributed			
刑事上之诉究	刑事上之訴究	criminal prosecution	xing2 shi4 shang4 zhi1 su4 jiu1	criminal	待核查	TW	unclassified	憲法法庭書記廳		tw-judicial:453	tw-judicial-71b40a4d284d43d76766	OGDL-Taiwan-1.0	source_attributed			
刑事厅	刑事廳	Criminal Department	xing2 shi4 ting1	criminal	待核查	TW	unclassified	司法行政廳		tw-judicial:461	tw-judicial-b7a6e75a17b4259e312f	OGDL-Taiwan-1.0	source_attributed			
刑事商谈室	刑事商談室	Criminal Negotiation Room	xing2 shi4 shang1 tan2 shi4	criminal	待核查	TW	unclassified	司法行政廳		tw-judicial:457	tw-judicial-1c7b89d003299dd682d8	OGDL-Taiwan-1.0	source_attributed			
刑事庭	刑事庭	criminal court division	xing2 shi4 ting2	criminal	待核查	TW	unclassified	刑事廳		tw-judicial:455	tw-judicial-9d1268323df6d40aad25	OGDL-Taiwan-1.0	source_attributed			
刑事案件	刑事案件	criminal cases	xing2 shi4 an4 jian4	criminal	待核查	TW	unclassified	憲法法庭書記廳		tw-judicial:456	tw-judicial-df95397ef47955fec58e	OGDL-Taiwan-1.0	source_attributed			
刑事第一法庭	刑事第一法庭	Criminal Court Room 1	xing2 shi4 di4 yi1 fa3 ting2	criminal	待核查	TW	unclassified	司法行政廳		tw-judicial:458	tw-judicial-42d4907457164f99631e	OGDL-Taiwan-1.0	source_attributed			
刑事纪录科	刑事紀錄科	Criminal Recording Section	xing2 shi4 ji4 lu4 ke1	criminal	待核查	TW	unclassified	司法行政廳		tw-judicial:454	tw-judicial-508f30628ea85f67fb60	OGDL-Taiwan-1.0	source_attributed			
刑事诉讼法	刑事訴訟法	The Code of Criminal Procedure	xing2 shi4 su4 song4 fa3	criminal,dispute_resolution	待核查	TW	statute	憲法法庭書記廳		tw-judicial:460	tw-judicial-5dabaa600d5f24ee148e	OGDL-Taiwan-1.0	source_attributed			
刑事责任	刑事責任	criminal liability	xing2 shi4 ze2 ren4	criminal	待核查	TW	unclassified	憲法法庭書記廳		tw-judicial:459	tw-judicial-1e6dd6d36fafdb2c396a	OGDL-Taiwan-1.0	source_attributed			
刑法	刑法	Criminal Code of the Republic of China	xing2 fa3	criminal	待核查	TW	unclassified	憲法法庭書記廳		tw-judicial:462	tw-judicial-a18194327e3f20d903d8	OGDL-Taiwan-1.0	source_attributed			
刑罚	刑罰	criminal punishment	xing2 fa2	criminal	待核查	TW	unclassified	憲法法庭書記廳		tw-judicial:463	tw-judicial-d1e63d4b3ee2f4f982dd	OGDL-Taiwan-1.0	source_attributed			
刑罚权	刑罰權	power of criminal punishment	xing2 fa2 quan2	criminal	待核查	TW	unclassified	憲法法庭書記廳		tw-judicial:464	tw-judicial-58ba74379aa5f99aa4a8	OGDL-Taiwan-1.0	source_attributed			
列印出的资料	列印出的資料	printout	lie4 yin4 chu1 de5 zi1 liao4	intellectual_property	待核查	TW	unclassified	A13070000G		tw-tipo-trademark:429	tw-tipo-trademark-e24ca2c6bceceba2df93	OGDL-Taiwan-1.0	source_attributed			
创制权	創制權	right of initiative	chuang4 zhi4 quan2	unclassified	待核查	TW	unclassified	憲法法庭書記廳		tw-judicial:1384	tw-judicial-d6a510b797c8079dff34	OGDL-Taiwan-1.0	source_attributed			
创造性商标	創造性商標	fanciful or coined mark	chuang4 zao4 xing4 shang1 biao1	intellectual_property	待核查	TW	unclassified	A13070000G		tw-tipo-trademark:216	tw-tipo-trademark-63e44ca8c22f68e95a91	OGDL-Taiwan-1.0	source_attributed			
初审期间	初審期間	initial examination period	chu1 shen3 qi1 jian1	intellectual_property	待核查	TW	unclassified	A13070000G		tw-tipo-trademark:302	tw-tipo-trademark-3719b10f3b38486f3584	OGDL-Taiwan-1.0	source_attributed			
初审法院	初審法院	court of first instance	chu1 shen3 fa3 yuan4	dispute_resolution	待核查	TW	institution	憲法法庭書記廳		tw-judicial:839	tw-judicial-6384527c2c90a6367141	OGDL-Taiwan-1.0	source_attributed			
初步审阅	初步審閱	preliminary review	chu1 bu4 shen3 yue4	intellectual_property	待核查	TW	unclassified	A13070000G		tw-tipo-trademark:422	tw-tipo-trademark-186fe015b449aa11aab2	OGDL-Taiwan-1.0	source_attributed			
初步检索	初步檢索	preliminary search	chu1 bu4 jian3 suo3	intellectual_property	待核查	TW	unclassified	A13070000G		tw-tipo-trademark:423	tw-tipo-trademark-f1603273223c293b7ed9	OGDL-Taiwan-1.0	source_attributed			
删除、擦去	刪除、擦去	delete		intellectual_property	待核查	TW	unclassified	A13070000G		tw-tipo-trademark:138	tw-tipo-trademark-9592e29dfd152b6c0129	OGDL-Taiwan-1.0	source_attributed			
判例	判例	precedent(s)	pan4 li4	unclassified	待核查	TW	unclassified	憲法法庭書記廳		tw-judicial:622	tw-judicial-63ad91b54ff753c266ee	OGDL-Taiwan-1.0	source_attributed			
判例	判例	precedent	pan4 li4	intellectual_property	待核查	TW	unclassified	A13070000G		tw-tipo-trademark:418	tw-tipo-trademark-ea61914f555c64f53b5a	OGDL-Taiwan-1.0	source_attributed			
判例法	判例法	decisional law	pan4 li4 fa3	intellectual_property	待核查	TW	unclassified	A13070000G		tw-tipo-trademark:131	tw-tipo-trademark-57c9a817f8c75edef227	OGDL-Taiwan-1.0	source_attributed			
判决	判決	judgment	pan4 jue2	dispute_resolution	待核查	TW	unclassified	民事廳		tw-judicial:618	tw-judicial-3f172215317504a08fa5	OGDL-Taiwan-1.0	source_attributed			
判决不适用法规或适用不当	判決不適用法規或適用不當	law not applied to or wrongly applied to judgment	pan4 jue2 bu4 shi4 yong4 fa3 gui1 huo4 shi4 yong4 bu4 dang4	dispute_resolution	待核查	TW	unclassified	民事廳		tw-judicial:619	tw-judicial-5c4fd8ca7df3c418a5ec	OGDL-Taiwan-1.0	source_attributed			
判决更正	判決更正	correctional of judgment	pan4 jue2 geng1 zheng4	dispute_resolution	待核查	TW	unclassified	憲法法庭書記廳		tw-judicial:620	tw-judicial-8b3cc4beff7b43422bf8	OGDL-Taiwan-1.0	source_attributed			
判决违法	判決違法	judgment that is illegal in substance	pan4 jue2 wei2 fa3	dispute_resolution	待核查	TW	statute	憲法法庭書記廳		tw-judicial:621	tw-judicial-f8ea424d1350589fbaca	OGDL-Taiwan-1.0	source_attributed			
利害关系人	利害關係人	Interested Person	li4 hai4 guan1 xi4 ren2	unclassified	待核查	TW	unclassified	民事廳		tw-judicial:623	tw-judicial-ebe9e6a58313fcf5648b	OGDL-Taiwan-1.0	source_attributed			
利息	利息	interest	li4 xi1	finance	待核查	TW	unclassified	憲法法庭書記廳		tw-judicial:624	tw-judicial-be536107851adcb13a0e	OGDL-Taiwan-1.0	source_attributed			
利息所得	利息所得	income from interest	li4 xi1 suo3 de5	finance	待核查	TW	unclassified	憲法法庭書記廳		tw-judicial:625	tw-judicial-895f7120895c7dad5fab	OGDL-Taiwan-1.0	source_attributed			
利益担保	利益擔保	security interest	li4 yi4 dan1 bao3	intellectual_property	待核查	TW	unclassified	A13070000G		tw-tipo-trademark:507	tw-tipo-trademark-16cc42b2fd5a29255981	OGDL-Taiwan-1.0	source_attributed			
别除权	別除權	right of exclusion	bie2 chu2 quan2	unclassified	待核查	TW	unclassified	民事廳		tw-judicial:617	tw-judicial-4b1928802047daf53076	OGDL-Taiwan-1.0	source_attributed			
到案	到案	appear before the authority	dao4 an4	unclassified	待核查	TW	unclassified	憲法法庭書記廳		tw-judicial:702	tw-judicial-af4a6d82fbf0e6abea83	OGDL-Taiwan-1.0	source_attributed			
制度、习俗	制度、習俗	institutions		intellectual_property	待核查	TW	unclassified	A13070000G		tw-tipo-trademark:307	tw-tipo-trademark-4dcb7d71b37e3c061f67	OGDL-Taiwan-1.0	source_attributed			
制裁	制裁	sanction	zhi4 cai2	unclassified	待核查	TW	unclassified	憲法法庭書記廳		tw-judicial:703	tw-judicial-f69ee82539568ef93958	OGDL-Taiwan-1.0	source_attributed			
前婚姻	前婚姻	prior marriage; previous marriage	qian2 hun1 yin1	family	待核查	TW	unclassified	憲法法庭書記廳		tw-judicial:884	tw-judicial-d1e586cfd5c940252381	OGDL-Taiwan-1.0	source_attributed			
前审	前審	previous trial	qian2 shen3	unclassified	待核查	TW	unclassified	憲法法庭書記廳		tw-judicial:885	tw-judicial-0a6a23316c6bf53f6a47	OGDL-Taiwan-1.0	source_attributed			
副会计长	副會計長	Deputy Accountant-General	fu4 kuai4 ji4 zhang3	unclassified	待核查	TW	unclassified	司法行政廳		tw-judicial:1140	tw-judicial-bb2e6dc547eae0340d31	OGDL-Taiwan-1.0	source_attributed			
副会计长室	副會計長室	Deputy Accountant-General	fu4 kuai4 ji4 zhang3 shi4	unclassified	待核查	TW	unclassified	司法行政廳		tw-judicial:1141	tw-judicial-2a234748a4385db7df17	OGDL-Taiwan-1.0	source_attributed			
副厅长	副廳長	Deputy Director-General	fu4 ting1 zhang3	unclassified	待核查	TW	unclassified	司法行政廳		tw-judicial:1143	tw-judicial-e8341aac550b5ad58fd7	OGDL-Taiwan-1.0	source_attributed			
副厅长室	副廳長室	Deputy Director-General	fu4 ting1 zhang3 shi4	unclassified	待核查	TW	unclassified	司法行政廳		tw-judicial:1144	tw-judicial-bb7ffb932385f9b9cd0b	OGDL-Taiwan-1.0	source_attributed			
副处长	副處長	Deputy Director-General	fu4 chu4 zhang3	unclassified	待核查	TW	unclassified	司法行政廳		tw-judicial:1138	tw-judicial-9c6d9204d23906acf082	OGDL-Taiwan-1.0	source_attributed			
副处长室	副處長室	Deputy Director-General	fu4 chu4 zhang3 shi4	unclassified	待核查	TW	unclassified	司法行政廳		tw-judicial:1139	tw-judicial-eb9cf24fab768afcc8cb	OGDL-Taiwan-1.0	source_attributed			
副总统	副總統	Vice President	fu4 zong3 tong3	unclassified	待核查	TW	unclassified	憲法法庭書記廳		tw-judicial:1142	tw-judicial-63a7420bc31dc2723fbb	OGDL-Taiwan-1.0	source_attributed			
副本	副本	duplicate copy	fu4 ben3	intellectual_property	待核查	TW	unclassified	A13070000G		tw-tipo-trademark:172	tw-tipo-trademark-eb2ccf4e819197c04925	OGDL-Taiwan-1.0	source_attributed			
副法警长	副法警長	Deputy-Chief Court Police或Deputy-Chief Judicial Police	fu4 fa3 jing3 zhang3	unclassified	待核查	TW	unclassified	司法行政廳		tw-judicial:1131	tw-judicial-e009d9f1ef5bf4ac9481	OGDL-Taiwan-1.0	source_attributed			
副秘书长	副秘書長	Deputy Secretary-General	fu4 mi4 shu1 zhang3	unclassified	待核查	TW	unclassified	司法行政廳		tw-judicial:1132	tw-judicial-2cd1ac166dbec37daf77	OGDL-Taiwan-1.0	source_attributed			
副秘书长室	副秘書長室	Deputy Secretary-General	fu4 mi4 shu1 zhang3 shi4	unclassified	待核查	TW	unclassified	司法行政廳		tw-judicial:1133	tw-judicial-55bfcb04627bc7f50614	OGDL-Taiwan-1.0	source_attributed			
副秘书长室主任	副秘書長室主任	Director	fu4 mi4 shu1 zhang3 shi4 zhu3 ren4	unclassified	待核查	TW	unclassified	司法行政廳		tw-judicial:1134	tw-judicial-c67eaaa698dfa03abe7e	OGDL-Taiwan-1.0	source_attributed			
副院长	副院長	Vice-President	fu4 yuan4 zhang3	unclassified	待核查	TW	unclassified	司法行政廳		tw-judicial:1135	tw-judicial-181d54fd4cbc0f69df36	OGDL-Taiwan-1.0	source_attributed			
副院长室	副院長室	Vice-President	fu4 yuan4 zhang3 shi4	unclassified	待核查	TW	unclassified	司法行政廳		tw-judicial:1136	tw-judicial-8742df5e451cdb06e2fa	OGDL-Taiwan-1.0	source_attributed			
副院长室主任	副院長室主任	Director	fu4 yuan4 zhang3 shi4 zhu3 ren4	unclassified	待核查	TW	unclassified	司法行政廳		tw-judicial:1137	tw-judicial-07d3287da98676f988f1	OGDL-Taiwan-1.0	source_attributed			
办理强制执行事件应行注意事项	辦理強制執行事件應行注意事項	Precautionary Matters on Handling Compulsory Enforcement	ban4 li3 qiang2 zhi4 zhi2 xing2 shi4 jian4 ying1 xing2 zhu4 yi4 shi4 xiang4	unclassified	待核查	TW	unclassified	民事廳		tw-judicial:1923	tw-judicial-ec3df2e5899f9889c9c6	OGDL-Taiwan-1.0	source_attributed			
办理强制执行应行注意事项	辦理強制執行應行注意事項	Precautionary Matters on Handling Compulsory Execution	ban4 li3 qiang2 zhi4 zhi2 xing2 ying1 xing2 zhu4 yi4 shi4 xiang4	unclassified	待核查	TW	unclassified	憲法法庭書記廳		tw-judicial:1924	tw-judicial-a037a87981ab321dc61a	OGDL-Taiwan-1.0	source_attributed			
办理民事诉讼事件应行注意事项	辦理民事訴訟事件應行注意事項	Precautionary Matters on Handling Civil Procedure	ban4 li3 min2 shi4 su4 song4 shi4 jian4 ying1 xing2 zhu4 yi4 shi4 xiang4	civil,dispute_resolution	待核查	TW	unclassified	憲法法庭書記廳		tw-judicial:1922	tw-judicial-44ccda687e50c4385568	OGDL-Taiwan-1.0	source_attributed			
功能、作用	功能、作用	function		intellectual_property	待核查	TW	unclassified	A13070000G		tw-tipo-trademark:247	tw-tipo-trademark-783add45d5ebbf42de8a	OGDL-Taiwan-1.0	source_attributed			
功能理论	功能理論	functionality doctrine	gong1 neng2 li3 lun4	intellectual_property	待核查	TW	unclassified	A13070000G		tw-tipo-trademark:246	tw-tipo-trademark-fc0feaf454725cfa39ae	OGDL-Taiwan-1.0	source_attributed			
加值型及非加值型营业税法	加值型及非加值型營業稅法	Value-Added and Non-Value-Added Business Tax Act	jia1 zhi2 xing2 ji2 fei1 jia1 zhi2 xing2 ying2 ye4 shui4 fa3	tax	待核查	TW	statute	憲法法庭書記廳		tw-judicial:278	tw-judicial-a945720264453e43d29c	OGDL-Taiwan-1.0	source_attributed			
加害人	加害人	infringer	jia1 hai4 ren2	unclassified	待核查	TW	unclassified	憲法法庭書記廳		tw-judicial:279	tw-judicial-371320b44e23e590c10e	OGDL-Taiwan-1.0	source_attributed			
加给	加給	Allowance	jia1 gei3	unclassified	待核查	TW	unclassified	人事處		tw-judicial:280	tw-judicial-1899b18e1cfd20768a2f	OGDL-Taiwan-1.0	source_attributed			
动产抵押	動產抵押	chattel mortgage	dong4 chan3 di3 ya1	property	待核查	TW	unclassified	憲法法庭書記廳		tw-judicial:1154	tw-judicial-cec8311c846ff1b06ae2	OGDL-Taiwan-1.0	source_attributed			
动产担保交易	動產擔保交易	chattel secured transaction	dong4 chan3 dan1 bao3 jiao1 yi4	unclassified	待核查	TW	unclassified	憲法法庭書記廳		tw-judicial:1155	tw-judicial-4acc30d78fe07e54ff1e	OGDL-Taiwan-1.0	source_attributed			
动产担保交易法	動產擔保交易法	Personal Property Secured Transactions Act	dong4 chan3 dan1 bao3 jiao1 yi4 fa3	unclassified	待核查	TW	statute	憲法法庭書記廳		tw-judicial:1156	tw-judicial-ebf72fe75d5d2978332f	OGDL-Taiwan-1.0	source_attributed			
动产质权	動產質權	pledge over movables	dong4 chan3 zhi4 quan2	property,finance	CN	INTERNATIONAL	term	中华人民共和国民法典（2020）	本词专指动产质权，突出占有移转；不概括全部权利质押制度。	oll-cn-core:cn-pledge-movables	cn-pledge-movables	CC-BY-4.0	project_authored	债务人或第三人将动产交由债权人占有，使债权人依法就其优先受偿的权利。	项目释译，非官方译文；与不转移占有的 mortgage right 区分。	中华人民共和国民法典（2020） 第425条 https://www.court.gov.cn/zixun/xiangqing/233181.html
动员戡乱时期	動員戡亂時期	Period of National Mobilization in Suppression of Communist Rebellion	dong4 yuan2 kan1 luan4 shi2 qi1	unclassified	待核查	TW	unclassified	憲法法庭書記廳		tw-judicial:1149	tw-judicial-f444fde1d37e8873e7bd	OGDL-Taiwan-1.0	source_attributed			
动员戡乱时期临时条款	動員戡亂時期臨時條款	Temporary Provisions Effective During the Period of National Mobilization for Suppression of the Communist Rebellion	dong4 yuan2 kan1 luan4 shi2 qi1 lin2 shi2 tiao2 kuan3	unclassified	待核查	TW	unclassified	憲法法庭書記廳		tw-judicial:1153	tw-judicial-1f39aac2a72adbeae477	OGDL-Taiwan-1.0	source_attributed			
动员戡乱时期劳资纠纷处理办法	動員戡亂時期勞資糾紛處理辦法	Regulations Governing Settlement of Labor Disputes During the Period of National Mobilization for Suppression of the Communist Rebellion	dong4 yuan2 kan1 luan4 shi2 qi1 lao2 zi1 jiu1 fen1 chu3 li3 ban4 fa3	unclassified	待核查	TW	statute	憲法法庭書記廳		tw-judicial:1152	tw-judicial-c10932efe20bff60297c	OGDL-Taiwan-1.0	source_attributed			
动员戡乱时期国家安全法	動員戡亂時期國家安全法	National Security Act During the Period of National Mobilization for Suppression of the Communist Rebellion	dong4 yuan2 kan1 luan4 shi2 qi1 guo2 jia1 an1 quan2 fa3	unclassified	待核查	TW	statute	憲法法庭書記廳		tw-judicial:1150	tw-judicial-aa9c0218f02a6487ee70	OGDL-Taiwan-1.0	source_attributed			
动员戡乱时期国家安全法施行细则	動員戡亂時期國家安全法施行細則	Enforcement Rules of the National Security Act During the Period of National Mobilization for Suppression of the Communist Rebellion	dong4 yuan2 kan1 luan4 shi2 qi1 guo2 jia1 an1 quan2 fa3 shi1 xing2 xi4 ze2	unclassified	待核查	TW	statute	憲法法庭書記廳		tw-judicial:1151	tw-judicial-1d6bf0c4783fb9518fe1	OGDL-Taiwan-1.0	source_attributed			
动物传染病防治条例	動物傳染病防治條例	Statute for Prevention and Control of Infectious Animal Disease	dong4 wu4 chuan2 ran3 bing4 fang2 zhi4 tiao2 li4	unclassified	待核查	TW	statute	憲法法庭書記廳		tw-judicial:1148	tw-judicial-b58ab006e5865d013a19	OGDL-Taiwan-1.0	source_attributed			
动物保护法	動物保護法	Animal Protection Act	dong4 wu4 bao3 hu4 fa3	unclassified	待核查	TW	statute	憲法法庭書記廳		tw-judicial:1147	tw-judicial-8aa54b3d94d3e1c5a07e	OGDL-Taiwan-1.0	source_attributed			
动物用药品管理法	動物用藥品管理法	Veterinary Drugs Control Act	dong4 wu4 yong4 yao4 pin3 guan3 li3 fa3	unclassified	待核查	TW	statute	憲法法庭書記廳		tw-judicial:1146	tw-judicial-01fa834d5aea65ffb2ec	OGDL-Taiwan-1.0	source_attributed			
助理设计师	助理設計師	Assistant Systems Designer	zhu4 li3 she4 ji4 shi1	unclassified	待核查	TW	unclassified	司法行政廳		tw-judicial:626	tw-judicial-1595a87339594a2cbc7b	OGDL-Taiwan-1.0	source_attributed			
劳务派遣单位	勞務派遣單位	labor dispatch agency	lao2 wu4 pai4 qian3 dan1 wei4	employment	CN	INTERNATIONAL	institution	中华人民共和国劳动合同法（2012修正）	第五十八条明确劳务派遣单位属于本法所称用人单位，并要求其与被派遣劳动者订立二年以上固定期限劳动合同、按月支付劳动报酬等。	oll-cn-admin-labor:cn-labor-dispatch-agency	cn-labor-dispatch-agency	CC-BY-4.0	project_authored	依法经营劳务派遣业务、与被派遣劳动者建立劳动合同关系并承担用人单位义务的单位。	项目释译，非官方译文；labor dispatch agency 指派遣单位，不等同于接受被派遣劳动者实际用工的用工单位。	中华人民共和国劳动合同法（2012修正） 第58条 https://fgk.chinatax.gov.cn/zcfgk/c100009/c5193025/content.html
劳务派遣经营许可	勞務派遣經營許可	labor dispatch business permit	lao2 wu4 pai4 qian3 jing1 ying2 xu3 ke3	employment	CN	INTERNATIONAL	document	中华人民共和国劳动合同法（2012修正）	第五十七条同时规定注册资本、经营场所设施、管理制度等经营条件；未经许可不得经营劳务派遣业务。	oll-cn-admin-labor:cn-labor-dispatch-license	cn-labor-dispatch-license	CC-BY-4.0	project_authored	经营劳务派遣业务前，经营主体依法向劳动行政部门申请并取得的行政许可。	项目释译，非官方译文；business permit 强调开展劳务派遣业务所需行政许可。	中华人民共和国劳动合同法（2012修正） 第57条 https://fgk.chinatax.gov.cn/zcfgk/c100009/c5193025/content.html
劳动关系	勞動關係	employment relationship	lao2 dong4 guan1 xi4	employment	CN	INTERNATIONAL	term	中华人民共和国劳动合同法（2012修正）	劳动合同法第七条以“用工之日”作为劳动关系建立的时间点；即使劳动合同在用工前订立，劳动关系仍自实际用工之日起建立。	oll-cn-admin-labor:cn-labor-employment-relationship	cn-labor-employment-relationship	CC-BY-4.0	project_authored	用人单位与劳动者因实际用工而依法建立的劳动法律关系。	项目释译，非官方译文；employment relationship 指劳动法意义上的关系，不等同于任意劳务或承揽关系。	中华人民共和国劳动合同法（2012修正） 第7,10条 https://fgk.chinatax.gov.cn/zcfgk/c100009/c5193025/content.html
劳动合同类型	勞動合同類型	types of employment contracts	lao2 dong4 he2 tong2 lei4 xing2	employment	CN	INTERNATIONAL	term	中华人民共和国劳动合同法（2012修正）	“固定期限”和“无固定期限”是法定分类；第三类以完成一定工作任务作为期限边界。	oll-cn-admin-labor:cn-labor-contract-types	cn-labor-contract-types	CC-BY-4.0	project_authored	劳动合同法按期限安排将劳动合同分为固定期限、无固定期限以及以完成一定工作任务为期限三类。	项目释译，非官方译文；types of employment contracts 表示第十二条的法定分类。	中华人民共和国劳动合同法（2012修正） 第12条 https://fgk.chinatax.gov.cn/zcfgk/c100009/c5193025/content.html
劳动合同终止	勞動合同終止	termination of an employment contract	lao2 dong4 he2 tong2 zhong1 zhi3	employment	CN	INTERNATIONAL	term	中华人民共和国劳动合同法（2012修正）	“终止”与“解除”在劳动合同法中是不同制度用语；第四十四条列举终止事由，不能把所有劳动关系结束都一概标成同一种原因。	oll-cn-admin-labor:cn-labor-contract-termination	cn-labor-contract-termination	CC-BY-4.0	project_authored	劳动合同因期满、劳动者依法开始享受基本养老保险待遇、主体死亡或用人单位破产解散等法定事由而终止。	项目释译，非官方译文；termination 在英文中可能同时覆盖中文的解除和终止，使用时应结合中文制度标签与条文依据。	中华人民共和国劳动合同法（2012修正） 第44条 https://fgk.chinatax.gov.cn/zcfgk/c100009/c5193025/content.html
劳动基准法	勞動基準法	Labor Standards Act	lao2 dong4 ji1 zhun3 fa3	employment	待核查	TW	statute	憲法法庭書記廳		tw-judicial:1392	tw-judicial-4beb614edf74890da4a7	OGDL-Taiwan-1.0	source_attributed			
劳动基准法施行细则	勞動基準法施行細則	Enforcement Rules of the Labor Standards Act	lao2 dong4 ji1 zhun3 fa3 shi1 xing2 xi4 ze2	employment	待核查	TW	statute	憲法法庭書記廳		tw-judicial:1393	tw-judicial-7c60f0bdcfe076bcb369	OGDL-Taiwan-1.0	source_attributed			
劳动条件	勞動條件	standard of working condition	lao2 dong4 tiao2 jian4	employment	待核查	TW	unclassified	憲法法庭書記廳		tw-judicial:1394	tw-judicial-a49c81ef5d4d4e3ee6c0	OGDL-Taiwan-1.0	source_attributed			
劳动检查法	勞動檢查法	Labor Inspection Act	lao2 dong4 jian3 cha2 fa3	employment	待核查	TW	statute	憲法法庭書記廳		tw-judicial:1397	tw-judicial-458d9185b13bf54d8db0	OGDL-Taiwan-1.0	source_attributed			
劳动者即时解除劳动合同	勞動者即時解除勞動合同	immediate termination of an employment contract by the employee	lao2 dong4 zhe3 ji2 shi2 jie3 chu2 lao2 dong4 he2 tong2	employment	CN	INTERNATIONAL	action	中华人民共和国劳动合同法（2012修正）	第三十八条还列有其他劳动者可以解除合同的情形；“立即解除且无需事先告知”特指该条第二款列举的严重情形。	oll-cn-admin-labor:cn-labor-employee-immediate-termination	cn-labor-employee-immediate-termination	CC-BY-4.0	project_authored	在用人单位以暴力、威胁、非法限制人身自由强迫劳动，或者违章指挥、强令冒险作业危及劳动者人身安全等法定严重情形下，劳动者无需事先告知即可立即解除劳动合同。	项目释译，非官方译文；immediate termination 强调无需事先通知的法定情形，不概括第三十八条全部解除权。	中华人民共和国劳动合同法（2012修正） 第38条 https://fgk.chinatax.gov.cn/zcfgk/c100009/c5193025/content.html
劳动者预告解除劳动合同	勞動者預告解除勞動合同	employee termination of an employment contract by notice	lao2 dong4 zhe3 yu4 gao4 jie3 chu2 lao2 dong4 he2 tong2	employment	CN	INTERNATIONAL	action	中华人民共和国劳动合同法（2012修正）	一般情形下劳动者应提前三十日以书面形式通知；试用期内提前三日通知即可，条文未对试用期三日通知另行写明必须采用书面形式。	oll-cn-admin-labor:cn-labor-employee-notice-termination	cn-labor-employee-notice-termination	CC-BY-4.0	project_authored	劳动者按照法定提前通知期限向用人单位通知后解除劳动合同的方式。	项目释译，非官方译文；termination by notice 用于描述第三十七条劳动者依法预告解除。	中华人民共和国劳动合同法（2012修正） 第37条 https://fgk.chinatax.gov.cn/zcfgk/c100009/c5193025/content.html
劳动调解室	勞動調解室	Labor Mediation Room	lao2 dong4 tiao2 jie3 shi4	dispute_resolution,employment	待核查	TW	unclassified	民事廳		tw-judicial:1396	tw-judicial-604635f1892e78e1673f	OGDL-Taiwan-1.0	source_attributed			
劳动调解法官	勞動調解法官	Judge	lao2 dong4 tiao2 jie3 fa3 guan1	dispute_resolution,employment	待核查	TW	role	民事廳		tw-judicial:1395	tw-judicial-4f615168a69b18617a62	OGDL-Taiwan-1.0	source_attributed			
劳工	勞工	labor	lao2 gong1	employment	待核查	TW	unclassified	憲法法庭書記廳		tw-judicial:1385	tw-judicial-6e42ac3145569be3568b	OGDL-Taiwan-1.0	source_attributed			
劳工保险	勞工保險	labor insurance	lao2 gong1 bao3 xian3	employment	待核查	TW	unclassified	憲法法庭書記廳		tw-judicial:1387	tw-judicial-85b180c21de87c927ba4	OGDL-Taiwan-1.0	source_attributed			
劳工保险投保薪资分级表	勞工保險投保薪資分級表	Insured Salary Grading Table of Labor Insurance	lao2 gong1 bao3 xian3 tou2 bao3 xin1 zi1 fen1 ji2 biao3	employment	待核查	TW	unclassified	憲法法庭書記廳		tw-judicial:1388	tw-judicial-c727a2afd8ed6d97b4d7	OGDL-Taiwan-1.0	source_attributed			
劳工保险条例	勞工保險條例	Labor Insurance Act	lao2 gong1 bao3 xian3 tiao2 li4	employment	待核查	TW	statute	憲法法庭書記廳		tw-judicial:1389	tw-judicial-08bdd51a272f6bdd26d2	OGDL-Taiwan-1.0	source_attributed			
劳工保险条例施行细则	勞工保險條例施行細則	Enforcement Rules of the Labor Insurance Act	lao2 gong1 bao3 xian3 tiao2 li4 shi1 xing2 xi4 ze2	employment	待核查	TW	statute	憲法法庭書記廳		tw-judicial:1390	tw-judicial-1afc779abe22905c9e34	OGDL-Taiwan-1.0	source_attributed			
劳工保险诊疗费用支付标准表	勞工保險診療費用支付標準表	Standard Forms for Payment of Labor Insurance Medical Coverage	lao2 gong1 bao3 xian3 zhen3 liao2 fei4 yong4 zhi1 fu4 biao1 zhun3 biao3	employment	待核查	TW	unclassified	憲法法庭書記廳		tw-judicial:1391	tw-judicial-7b78a5069aa126748e10	OGDL-Taiwan-1.0	source_attributed			
劳工安全卫生法	勞工安全衛生法	Labor Safety and Health Act	lao2 gong1 an1 quan2 wei4 sheng1 fa3	employment	待核查	TW	statute	憲法法庭書記廳		tw-judicial:1386	tw-judicial-8be01beaa28725b61b5c	OGDL-Taiwan-1.0	source_attributed			
劳资争议处理法	勞資爭議處理法	Act for Settlement of Labor-Management Disputes	lao2 zi1 zheng1 yi4 chu3 li3 fa3	unclassified	待核查	TW	statute	憲法法庭書記廳		tw-judicial:1398	tw-judicial-09bcbcbb91b9cae71bc6	OGDL-Taiwan-1.0	source_attributed			
勒赎	勒贖	extortion	lei1 shu2	unclassified	待核查	TW	unclassified	憲法法庭書記廳		tw-judicial:1145	tw-judicial-900c8141219d89a19f5a	OGDL-Taiwan-1.0	source_attributed			
勤勉义务	勤勉義務	duty of diligence	qin2 mian3 yi4 wu4	company	CN	INTERNATIONAL	term	中华人民共和国公司法（2023修订）	它与避免利益冲突的忠实义务分别规定，关注履职的注意程度。	oll-cn-core:cn-duty-diligence	cn-duty-diligence	CC-BY-4.0	project_authored	执行公司职务时，为公司最大利益尽到管理者通常应有合理注意的义务。	项目释译，非官方译文；不以英文 duty of care 自动引入其他法域审查标准。	中华人民共和国公司法（2023修订） 第180条 https://fgk.chinatax.gov.cn/zcfgk/c100009/c5233383/content.html
包含、容纳	包含、容納	containing		intellectual_property	待核查	TW	unclassified	A13070000G		tw-tipo-trademark:111	tw-tipo-trademark-76d36449938ad68e107f	OGDL-Taiwan-1.0	source_attributed			
区别、识别	區別、識別	distinguish (+from)		intellectual_property	待核查	TW	unclassified	A13070000G		tw-tipo-trademark:161	tw-tipo-trademark-c813541a780d3d68c27f	OGDL-Taiwan-1.0	source_attributed			
区域计划法	區域計畫法	Regional Plan Act	qu1 yu4 ji4 hua4 fa3	unclassified	待核查	TW	statute	憲法法庭書記廳		tw-judicial:1157	tw-judicial-c0797fdead6ad52426f7	OGDL-Taiwan-1.0	source_attributed			
区域计划法施行细则	區域計劃法施行細則	Enforcement Rules for the Regional Plan Act	qu1 yu4 ji4 hua4 fa3 shi1 xing2 xi4 ze2	unclassified	待核查	TW	statute	憲法法庭書記廳		tw-judicial:1158	tw-judicial-30df5baea31ca098e4f2	OGDL-Taiwan-1.0	source_attributed			
医务室	醫務室	Infirmary	yi1 wu4 shi4	unclassified	待核查	TW	unclassified	司法行政廳		tw-judicial:2023	tw-judicial-77bb24c436dc433fc8b2	OGDL-Taiwan-1.0	source_attributed			
医师	醫師	physician	yi1 shi1	unclassified	待核查	TW	unclassified	憲法法庭書記廳		tw-judicial:2020	tw-judicial-d03ef07d8a86353d6640	OGDL-Taiwan-1.0	source_attributed			
医师法	醫師法	Physicians Act	yi1 shi1 fa3	unclassified	待核查	TW	unclassified	憲法法庭書記廳		tw-judicial:2021	tw-judicial-f171b104a4923ccb45bd	OGDL-Taiwan-1.0	source_attributed			
医师诊察室	醫師診察室	Diagnosis Room	yi1 shi1 zhen3 cha2 shi4	unclassified	待核查	TW	unclassified	司法行政廳		tw-judicial:2022	tw-judicial-c2fd83aec4da1d287d46	OGDL-Taiwan-1.0	source_attributed			
医护室	醫護室	Infirmary	yi1 hu4 shi4	unclassified	待核查	TW	unclassified	司法行政廳		tw-judicial:2028	tw-judicial-6734f673163d44e5bd78	OGDL-Taiwan-1.0	source_attributed			
医疗保健	醫療保健	medical and health care	yi1 liao2 bao3 jian4	unclassified	待核查	TW	unclassified	憲法法庭書記廳		tw-judicial:2026	tw-judicial-7c696cdee3166bacbb32	OGDL-Taiwan-1.0	source_attributed			
医疗服务	醫療服務	medical service	yi1 liao2 fu2 wu4	unclassified	待核查	TW	unclassified	憲法法庭書記廳		tw-judicial:2024	tw-judicial-155fcb1d6e62cdc02ff2	OGDL-Taiwan-1.0	source_attributed			
医疗法	醫療法	Medical Service Act	yi1 liao2 fa3	unclassified	待核查	TW	unclassified	憲法法庭書記廳		tw-judicial:2025	tw-judicial-5a81abe2e821784c0862	OGDL-Taiwan-1.0	source_attributed			
医疗给付	醫療給付	medical care benefits	yi1 liao2 ji3 fu4	unclassified	待核查	TW	unclassified	憲法法庭書記廳		tw-judicial:2027	tw-judicial-e8f0de56c0c8dfcd5761	OGDL-Taiwan-1.0	source_attributed			
匿名化	匿名化	anonymization	ni4 ming2 hua4	privacy	CN	INTERNATIONAL	term	中华人民共和国个人信息保护法（2021）	匿名化后的信息不属于第四条定义的个人信息；仅移除姓名未必达到本条标准。	oll-cn-core:cn-anonymization	cn-anonymization	CC-BY-4.0	project_authored	处理个人信息后无法识别特定自然人且不能复原的过程。	项目释译，非官方译文；不能只因使用代号就标注为 anonymized。	中华人民共和国个人信息保护法（2021） 第4,73条 https://www.cac.gov.cn/2021-08/20/c_1631050028355286.htm
升迁	陞遷	Promotion and transfer	sheng1 qian1	unclassified	待核查	TW	unclassified	人事處		tw-judicial:1116	tw-judicial-5684012851da3da7b4c7	OGDL-Taiwan-1.0	source_attributed			
华侨身分证明条例	華僑身分證明條例	Overseas Compatriot Identity Certification Act	hua2 qiao2 shen1 fen4 zheng4 ming2 tiao2 li4	unclassified	待核查	TW	statute	憲法法庭書記廳		tw-judicial:1477	tw-judicial-288c0c8b8d2712ff4497	OGDL-Taiwan-1.0	source_attributed			
协会、协会、公会、社团	協會、協會、公會、社團	association		intellectual_property	待核查	TW	unclassified	A13070000G		tw-tipo-trademark:47	tw-tipo-trademark-ccdee6bdae6108242ef4	OGDL-Taiwan-1.0	source_attributed			
协商解除劳动合同	協商解除勞動合同	termination of an employment contract by mutual agreement	xie2 shang1 jie3 chu2 lao2 dong4 he2 tong2	employment	CN	INTERNATIONAL	action	中华人民共和国劳动合同法（2012修正）	第三十六条规定双方协商一致即可解除；是否产生法定经济补偿还要结合第四十六条等规定判断。	oll-cn-admin-labor:cn-labor-mutual-termination	cn-labor-mutual-termination	CC-BY-4.0	project_authored	用人单位与劳动者经协商一致解除劳动合同。	项目释译，非官方译文；by mutual agreement 强调双方一致，不表示所有协议解除的补偿后果相同。	中华人民共和国劳动合同法（2012修正） 第36,46条 https://fgk.chinatax.gov.cn/zcfgk/c100009/c5193025/content.html
协定条款	協定條款	agreement provisions	xie2 ding4 tiao2 kuan3	intellectual_property	待核查	TW	unclassified	A13070000G		tw-tipo-trademark:453	tw-tipo-trademark-e0bb03c0fdd87baadc60	OGDL-Taiwan-1.0	source_attributed			
协定税率	協定稅率	conventional tariff rate	xie2 ding4 shui4 lv4	tax,trade	CN	INTERNATIONAL	term	中华人民共和国关税法（2024）	第十二条把协定税率与最惠国税率、特惠税率、普通税率按适用基础区分；不能仅因存在贸易协定就忽略原产地及协定条件。	oll-cn-tax-trade:cn-customs-conventional-rate	cn-customs-conventional-rate	CC-BY-4.0	project_authored	对原产于与中国缔结或共同参加含有关税优惠条款的国际条约、协定的国家或地区，并符合有关规定的进口货物适用的税率。	项目释译，非官方译文；conventional tariff rate 用于本法“协定税率”，不主张跨法域术语完全等同。	中华人民共和国关税法（2024） 第10,12条 https://fgk.chinatax.gov.cn/zcfgk/c100009/c5234556/content.html
协约国互惠权之取得或基于协约而创建之特别优惠权	協約國互惠權之取得或基於協約而創建之特別優惠權	establishing entitlement under a Treaty	xie2 yue1 guo2 hu4 hui4 quan2 zhi1 qu3 de2 huo4 ji1 yu2 xie2 yue1 er2 chuang4 jian4 zhi1 te4 bie2 you1 hui4 quan2	intellectual_property	待核查	TW	unclassified	A13070000G		tw-tipo-trademark:194	tw-tipo-trademark-293c2f35ac6bf8d49d15	OGDL-Taiwan-1.0	source_attributed			
协议离婚	協議離婚	divorce by agreement	xie2 yi4 li2 hun1	family	待核查	TW	unclassified	憲法法庭書記廳		tw-judicial:704	tw-judicial-81ef0270e7103644e9db	OGDL-Taiwan-1.0	source_attributed			
单位决算	單位決算	Financial Statement of Departments	dan1 wei4 jue2 suan4	unclassified	待核查	TW	unclassified	會計處		tw-judicial:1400	tw-judicial-33feb611d380f22f652e	OGDL-Taiwan-1.0	source_attributed			
单位预算	單位預算	Unit Budget	dan1 wei4 yu4 suan4	unclassified	待核查	TW	unclassified	會計處		tw-judicial:1401	tw-judicial-a8fe0ad00e8938e4a0c8	OGDL-Taiwan-1.0	source_attributed			
单方行政行为	單方行政行為	unilateral administrative action	dan1 fang1 xing2 zheng4 xing2 wei2	administrative	待核查	TW	unclassified	憲法法庭書記廳		tw-judicial:1399	tw-judicial-dfc9ac512d50296eb02a	OGDL-Taiwan-1.0	source_attributed			
单独关税区	單獨關稅區	separate customs territory	dan1 du2 guan1 shui4 qu1	trade	CN	INTERNATIONAL	term	中华人民共和国对外贸易法（2025第二次修订）	第八十二条只明确“中华人民共和国的单独关税区不适用本法”。学习和检索时应把它视为适用范围边界，不能仅凭该条自行推定具体地区名单或其他法律后果。	oll-cn-tax-trade:cn-separate-customs-territory	cn-separate-customs-territory	CC-BY-4.0	project_authored	《对外贸易法》第八十二条用于指称不适用该法的中华人民共和国单独关税区；该条本身未进一步定义其具体构成。	项目释译，非官方译文；separate customs territory 仅忠实表达条文用语及其适用范围功能。	中华人民共和国对外贸易法（2025第二次修订） 第82条 https://www.baiyinqu.gov.cn/XZJDBMDW/bmdw/byqswjn/fdzdgknr/lzyj/zcfg/art/2025/art_f4f31ac31bb8407a8b8d6afd5ac8f411.html
卫星广播电视法	衛星廣播電視法	Satellite Broadcasting Act	wei4 xing1 guang3 bo1 dian4 shi4 fa3	unclassified	待核查	TW	statute	憲法法庭書記廳		tw-judicial:1833	tw-judicial-b20594530c3d2d06c0e6	OGDL-Taiwan-1.0	source_attributed			
印花税法	印花稅法	Stamp Tax Act	yin4 hua1 shui4 fa3	tax	待核查	TW	statute	憲法法庭書記廳		tw-judicial:465	tw-judicial-404e1aa887cf3e41f357	OGDL-Taiwan-1.0	source_attributed			
印象	印象	impression	yin4 xiang4	intellectual_property	待核查	TW	unclassified	A13070000G		tw-tipo-trademark:289	tw-tipo-trademark-44fc36f9a27455ec3f67	OGDL-Taiwan-1.0	source_attributed			
厅长	廳長	Director-General	ting1 zhang3	unclassified	待核查	TW	unclassified	司法行政廳		tw-judicial:2116	tw-judicial-ddbb30bc807d464ddbb9	OGDL-Taiwan-1.0	source_attributed			
厅长室	廳長室	Director-General	ting1 zhang3 shi4	unclassified	待核查	TW	unclassified	司法行政廳		tw-judicial:2117	tw-judicial-65c783447f2bf6b55de2	OGDL-Taiwan-1.0	source_attributed			
原住民敬老福利生活津贴暂行条例	原住民敬老福利生活津貼暫行條例	Provisional Act for Indigenous Senior Citizens' Welfare Living Allowances	yuan2 zhu4 min2 jing4 lao3 fu2 li4 sheng1 huo2 jin1 tie1 zan4 xing2 tiao2 li4	unclassified	待核查	TW	statute	憲法法庭書記廳		tw-judicial:989	tw-judicial-5b71ed2acba3eb45043f	OGDL-Taiwan-1.0	source_attributed			
原住民族教育法	原住民族教育法	Education Act for Indigenous Peoples	yuan2 zhu4 min2 zu2 jiao4 yu4 fa3	unclassified	待核查	TW	statute	憲法法庭書記廳		tw-judicial:988	tw-judicial-bedbade70cfdc148b5da	OGDL-Taiwan-1.0	source_attributed			
原住民身分法	原住民身分法	Status Act for Indigenous Peoples	yuan2 zhu4 min2 shen1 fen4 fa3	unclassified	待核查	TW	statute	憲法法庭書記廳		tw-judicial:987	tw-judicial-d5f20ad760da28ff9cd5	OGDL-Taiwan-1.0	source_attributed			
原告	原告	plaintiff	yuan2 gao4	unclassified	待核查	TW	role	憲法法庭書記廳		tw-judicial:990	tw-judicial-eb874b74e57025767e13	OGDL-Taiwan-1.0	source_attributed			
原告及诉讼代理人席	原告及訴訟代理人席	Plaintiff and Agent ad litem	yuan2 gao4 ji2 su4 song4 dai4 li3 ren2 xi2	dispute_resolution	待核查	TW	unclassified	司法行政廳		tw-judicial:991	tw-judicial-c7c37a92fa93f72dfd16	OGDL-Taiwan-1.0	source_attributed			
原始国、来源国	原始國、來源國	country of origin		intellectual_property	待核查	TW	unclassified	A13070000G		tw-tipo-trademark:120	tw-tipo-trademark-e6ab30f260a893a5873f	OGDL-Taiwan-1.0	source_attributed			
原子能法	原子能法	The English Text of Atomic Energy Law of The Republic of China	yuan2 zi3 neng2 fa3	unclassified	待核查	TW	statute	憲法法庭書記廳		tw-judicial:985	tw-judicial-64534a43aab698fcc9b7	OGDL-Taiwan-1.0	source_attributed			
原有财产	原有財產	contributed property	yuan2 you3 cai2 chan3	unclassified	待核查	TW	unclassified	憲法法庭書記廳		tw-judicial:986	tw-judicial-e0613438b4d3e59ae675	OGDL-Taiwan-1.0	source_attributed			
原本的主体	原本的主體	the original entity	yuan2 ben3 de5 zhu3 ti3	intellectual_property	待核查	TW	unclassified	A13070000G		tw-tipo-trademark:190	tw-tipo-trademark-102cfaf5ec890a29a7d3	OGDL-Taiwan-1.0	source_attributed			
厨房	廚房	Kitchen	chu2 fang2	unclassified	待核查	TW	unclassified	司法行政廳		tw-judicial:1805	tw-judicial-55aa70c9a5b581089009	OGDL-Taiwan-1.0	source_attributed			
去标识化	去標識化	de-identification	qu4 biao1 shi2 hua4	privacy	CN	INTERNATIONAL	term	中华人民共和国个人信息保护法（2021）	额外信息仍可能使识别成为可能；与不能复原的匿名化不同。	oll-cn-core:cn-de-identification	cn-de-identification	CC-BY-4.0	project_authored	处理个人信息，使其在不借助额外信息时无法识别特定自然人的过程。	项目释译，非官方译文；本法采用的术语边界应与 anonymization 区分。	中华人民共和国个人信息保护法（2021） 第73条 https://www.cac.gov.cn/2021-08/20/c_1631050028355286.htm
县	縣	county	xian4	unclassified	待核查	TW	unclassified	憲法法庭書記廳		tw-judicial:1912	tw-judicial-02638924a7c38d05a497	OGDL-Taiwan-1.0	source_attributed			
县长	縣長	county magistrate	xian4 zhang3	unclassified	待核查	TW	unclassified	憲法法庭書記廳		tw-judicial:1913	tw-judicial-0dc53c4dc95a8c3c3039	OGDL-Taiwan-1.0	source_attributed			
参事	參事	Counselor	can1 shi4	unclassified	待核查	TW	unclassified	司法行政廳		tw-judicial:1159	tw-judicial-40c81635f8740f2008a7	OGDL-Taiwan-1.0	source_attributed			
参事室	參事室	Office of the Counselors	can1 shi4 shi4	unclassified	待核查	TW	unclassified	司法行政廳		tw-judicial:1160	tw-judicial-692dce0406c5cc4869d5	OGDL-Taiwan-1.0	source_attributed			
参事室（个人）	參事室（個人）	Counselor		unclassified	待核查	TW	unclassified	司法行政廳		tw-judicial:1161	tw-judicial-1968cfdf42a184f156bf	OGDL-Taiwan-1.0	source_attributed			
参审员	參審員	Expert Lay Judge	can1 shen3 yuan2	unclassified	待核查	TW	unclassified	司法行政廳		tw-judicial:1163	tw-judicial-f2697e9b4c26aa317f19	OGDL-Taiwan-1.0	source_attributed			
参政权	參政權	suffrage rights	can1 zheng4 quan2	unclassified	待核查	TW	unclassified	憲法法庭書記廳		tw-judicial:1162	tw-judicial-3073a89b02ae0ab55f65	OGDL-Taiwan-1.0	source_attributed			
参谋总长	參謀總長	Chief of the General Staff	can1 mou2 zong3 zhang3	unclassified	待核查	TW	unclassified	憲法法庭書記廳		tw-judicial:1164	tw-judicial-10a50f03edcf8661804d	OGDL-Taiwan-1.0	source_attributed			
双方合议	雙方合議	mutual agreement	shuang1 fang1 he2 yi4	unclassified	待核查	TW	unclassified	憲法法庭書記廳		tw-judicial:2034	tw-judicial-c20ed935acac0fed8bf9	OGDL-Taiwan-1.0	source_attributed			
反倾销措施	反傾銷措施	anti-dumping measures	fan3 qing1 xiao1 cuo4 shi1	trade	CN	INTERNATIONAL	term	中华人民共和国对外贸易法（2025第二次修订）	第四十五条同时要求倾销和对国内产业的实质损害、实质损害威胁或对建立国内产业的实质阻碍等要件；不能只因进口价格较低就认定应采取反倾销措施。	oll-cn-tax-trade:cn-anti-dumping-measures	cn-anti-dumping-measures	CC-BY-4.0	project_authored	对以低于正常价值的倾销方式进入中国市场、并对国内产业造成法定损害、威胁或实质阻碍的产品依法采取的贸易救济措施。	项目释译，非官方译文；anti-dumping measures 为通行贸易救济术语。	中华人民共和国对外贸易法（2025第二次修订） 第45条 https://www.baiyinqu.gov.cn/XZJDBMDW/bmdw/byqswjn/fdzdgknr/lzyj/zcfg/art/2025/art_f4f31ac31bb8407a8b8d6afd5ac8f411.html
反共抗俄战士授田条例	反共抗俄戰士授田條例	Act Governing the Farmland Grants to Anti-Communist and Anti-Soviet Union Soldiers	fan3 gong4 kang4 e2 zhan4 shi4 shou4 tian2 tiao2 li4	unclassified	待核查	TW	statute	憲法法庭書記廳		tw-judicial:206	tw-judicial-e07a02a58500416a5bf5	OGDL-Taiwan-1.0	source_attributed			
反向的混淆误认	反向的混淆誤認	reverse confusion	fan3 xiang4 de5 hun4 xiao2 wu4 ren4	intellectual_property	待核查	TW	unclassified	A13070000G		tw-tipo-trademark:497	tw-tipo-trademark-6628732bb99293e8d5a4	OGDL-Taiwan-1.0	source_attributed			
反对、抗拒	反對、抗拒	oppose		intellectual_property	待核查	TW	unclassified	A13070000G		tw-tipo-trademark:385	tw-tipo-trademark-5b4d7f0eea36bb9e9ffa	OGDL-Taiwan-1.0	source_attributed			
反淡化法	反淡化法	anti-dilution statutes	fan3 dan4 hua4 fa3	intellectual_property	待核查	TW	statute	A13070000G		tw-tipo-trademark:26	tw-tipo-trademark-ec07a8f2cdab7015cd49	OGDL-Taiwan-1.0	source_attributed			
反网域名称抢注消费者保护法	反網域名稱搶註消費者保護法	ACPA	fan3 wang3 yu4 ming2 cheng1 qiang3 zhu4 xiao1 fei4 zhe3 bao3 hu4 fa3	intellectual_property	待核查	TW	abbreviation	A13070000G		tw-tipo-trademark:6	tw-tipo-trademark-9811f432c28feb215513	OGDL-Taiwan-1.0	source_attributed			
反网域名称抢注消费者保护法	反網域名稱搶註消費者保護法	Anticybersquatting Consumer Protection Act	fan3 wang3 yu4 ming2 cheng1 qiang3 zhu4 xiao1 fei4 zhe3 bao3 hu4 fa3	intellectual_property	待核查	TW	statute	A13070000G		tw-tipo-trademark:7	tw-tipo-trademark-a52b486c6c023617d2f1	OGDL-Taiwan-1.0	source_attributed			
反补贴措施	反補貼措施	countervailing measures	fan3 bu3 tie1 cuo4 shi1	trade	CN	INTERNATIONAL	term	中华人民共和国对外贸易法（2025第二次修订）	第四十七条要求关注“专向性补贴”和国内产业损害等法定要件；补贴存在本身并不自动等于应采取反补贴措施。	oll-cn-tax-trade:cn-countervailing-measures	cn-countervailing-measures	CC-BY-4.0	project_authored	对进口产品直接或间接接受出口国家或地区给予的专向性补贴，并造成法定产业损害、威胁或实质阻碍时依法采取的贸易救济措施。	项目释译，非官方译文；countervailing measures 对应贸易救济中的反补贴措施。	中华人民共和国对外贸易法（2025第二次修订） 第47条 https://www.baiyinqu.gov.cn/XZJDBMDW/bmdw/byqswjn/fdzdgknr/lzyj/zcfg/art/2025/art_f4f31ac31bb8407a8b8d6afd5ac8f411.html
反证	反證	rebuttal evidence	fan3 zheng4	unclassified	待核查	TW	unclassified	憲法法庭書記廳		tw-judicial:207	tw-judicial-8e43192f22a9a3a156db	OGDL-Taiwan-1.0	source_attributed			
发回更审	發回更審	remanded	fa1 hui2 geng4 shen3	unclassified	待核查	TW	unclassified	憲法法庭書記廳		tw-judicial:1447	tw-judicial-84448cc8693be7cb78b5	OGDL-Taiwan-1.0	source_attributed			
发放证人、鉴定人日旅费	發放證人、鑑定人日旅費	Grant of Witness and Expert Witness Traveling Expenses		unclassified	待核查	TW	unclassified	司法行政廳		tw-judicial:1450	tw-judicial-f8d0fd1fd6e44bc7f3ab	OGDL-Taiwan-1.0	source_attributed			
发生混淆	發生混淆	cause confusion	fa1 sheng1 hun4 xiao2	intellectual_property	待核查	TW	unclassified	A13070000G		tw-tipo-trademark:106	tw-tipo-trademark-65dc42855811a73ae49e	OGDL-Taiwan-1.0	source_attributed			
发票人	發票人	drawer	fa1 piao4 ren2	unclassified	待核查	TW	unclassified	憲法法庭書記廳		tw-judicial:1451	tw-judicial-6bd7b6f9876255e1bae6	OGDL-Taiwan-1.0	source_attributed			
发给一份核准通知	發給一份核准通知	to issue a Notice of Allowance（NOA）	fa1 gei3 yi1 fen4 he2 zhun3 tong1 zhi1	intellectual_property	待核查	TW	unclassified	A13070000G		tw-tipo-trademark:23	tw-tipo-trademark-f887e6afb83ad0e09b71	OGDL-Taiwan-1.0	source_attributed			
发行权	發行權	right of distribution	fa1 xing2 quan2	intellectual_property	CN	INTERNATIONAL	term	中华人民共和国著作权法（2020修正）	本条定义聚焦向公众出售或赠与，与信息网络传播权有不同表述。	oll-cn-core:cn-distribution-right	cn-distribution-right	CC-BY-4.0	project_authored	以出售或赠与方式向公众提供作品原件或复制件的权利。	项目释译，非官方译文；不是股票发行或新闻发布。	中华人民共和国著作权法（2020修正） 第10条 https://www.ncac.gov.cn/xxfb/flfg/flfg_532/202103/t20210309_50530.html
发言人	發言人	Spokesperson	fa1 yan2 ren2	unclassified	待核查	TW	unclassified	司法行政廳		tw-judicial:1448	tw-judicial-aa98d3265b50ed26a91a	OGDL-Taiwan-1.0	source_attributed			
发言人室	發言人室	Office of the Spokesperson	fa1 yan2 ren2 shi4	unclassified	待核查	TW	unclassified	司法行政廳		tw-judicial:1449	tw-judicial-364f934c247e4cc0229a	OGDL-Taiwan-1.0	source_attributed			
发音、读音	發音、讀音	pronounce		intellectual_property	待核查	TW	unclassified	A13070000G		tw-tipo-trademark:444	tw-tipo-trademark-42b8acf5fb2eac6a17db	OGDL-Taiwan-1.0	source_attributed			
取得时效	取得時效	acquisitive prescription	qu3 de2 shi2 xiao4	unclassified	待核查	TW	unclassified	憲法法庭書記廳		tw-judicial:705	tw-judicial-3356cc05f896c176e425	OGDL-Taiwan-1.0	source_attributed			
取得识别性、后天识别性	取得識別性、後天識別性	acquired distinctiveness		intellectual_property	待核查	TW	unclassified	A13070000G		tw-tipo-trademark:8	tw-tipo-trademark-bad65174287506db8e46	OGDL-Taiwan-1.0	source_attributed			
受处分人	受處分人	person liable to penalty	shou4 chu3 fen4 ren2	unclassified	待核查	TW	unclassified	憲法法庭書記廳		tw-judicial:710	tw-judicial-4996df4185423086b3e0	OGDL-Taiwan-1.0	source_attributed			
受扶养亲属	受扶養親屬	dependents	shou4 fu2 yang3 qin1 shu3	family	待核查	TW	unclassified	憲法法庭書記廳		tw-judicial:706	tw-judicial-cf6d3680735dc568f532	OGDL-Taiwan-1.0	source_attributed			
受教育机会	受教育機會	an opportunity for education	shou4 jiao4 yu4 ji1 hui4	unclassified	待核查	TW	unclassified	憲法法庭書記廳		tw-judicial:708	tw-judicial-08aab7f2c5e2fe943efc	OGDL-Taiwan-1.0	source_attributed			
受理件数	受理件數	Cases Lodged	shou4 li3 jian4 shu4	unclassified	待核查	TW	unclassified	統計處		tw-judicial:709	tw-judicial-c16a6e2aeb402a469e48	OGDL-Taiwan-1.0	source_attributed			
受益行政处分	受益行政處分	beneficial administrative act	shou4 yi4 xing2 zheng4 chu3 fen4	administrative	待核查	TW	unclassified	憲法法庭書記廳		tw-judicial:707	tw-judicial-c36e3846aa85b0056891	OGDL-Taiwan-1.0	source_attributed			
受让人	受讓人	assignee	shou4 rang4 ren2	intellectual_property	待核查	TW	unclassified	A13070000G		tw-tipo-trademark:41	tw-tipo-trademark-dd121c853ac60b0910f1	OGDL-Taiwan-1.0	source_attributed			
变更	變更	alteration	bian4 geng1	unclassified	待核查	TW	unclassified	憲法法庭書記廳		tw-judicial:2107	tw-judicial-e169e2e0bd43a504e486	OGDL-Taiwan-1.0	source_attributed			
变更判例会议	變更判例會議	Conference of Alteration of Judicial Precedents	bian4 geng1 pan4 li4 hui4 yi4	unclassified	待核查	TW	unclassified	憲法法庭書記廳		tw-judicial:2108	tw-judicial-4252a41f6dd31fdfa477	OGDL-Taiwan-1.0	source_attributed			
变更登记	變更登記	registration of change	bian4 geng1 deng1 ji4	unclassified	待核查	TW	unclassified	憲法法庭書記廳		tw-judicial:2109	tw-judicial-6ba16ed6a78dc279c3b4	OGDL-Taiwan-1.0	source_attributed			
变造	變造	Transform; alter	bian4 zao4	unclassified	待核查	TW	unclassified	憲法法庭書記廳		tw-judicial:2110	tw-judicial-8fee301dc5b6c95575b4	OGDL-Taiwan-1.0	source_attributed			
口头诽谤	口頭誹謗	slander	kou3 tou2 fei3 bang4	unclassified	待核查	TW	unclassified	憲法法庭書記廳		tw-judicial:30	tw-judicial-496a60e6233f790c3758	OGDL-Taiwan-1.0	source_attributed			
另外	另外	in addition	ling4 wai4	intellectual_property	待核查	TW	unclassified	A13070000G		tw-tipo-trademark:294	tw-tipo-trademark-145da069f94fdc1d0f9d	OGDL-Taiwan-1.0	source_attributed			
召集	召集	recall	zhao4 ji2	unclassified	待核查	TW	unclassified	憲法法庭書記廳		tw-judicial:283	tw-judicial-4b20613bd67b08d62e5d	OGDL-Taiwan-1.0	source_attributed			
召集规则	召集規則	Regulations Governing the Military Array	zhao4 ji2 gui1 ze2	unclassified	待核查	TW	statute	憲法法庭書記廳		tw-judicial:284	tw-judicial-57d3c4df30633853a9ba	OGDL-Taiwan-1.0	source_attributed			
可区辨的记号（如德文的母音变化、西班牙文鼻音化符号、法文的重音）	可區辨的記號（如德文的母音變化、西班牙文鼻音化符號、法文的重音）	Diacritical marks		intellectual_property	待核查	TW	unclassified	A13070000G		tw-tipo-trademark:147	tw-tipo-trademark-a49d142d55a211c3d376	OGDL-Taiwan-1.0	source_attributed			
可用的、可实行的	可用的、可實行的	feasible		intellectual_property	待核查	TW	unclassified	A13070000G		tw-tipo-trademark:217	tw-tipo-trademark-1d0d32a33352abf18acf	OGDL-Taiwan-1.0	source_attributed			
可罚性之行为	可罰性之行為	punishable act	ke3 fa2 xing4 zhi1 xing2 wei2	unclassified	待核查	TW	unclassified	憲法法庭書記廳		tw-judicial:282	tw-judicial-d7511d567c439496bd36	OGDL-Taiwan-1.0	source_attributed			
可能发生的混淆	可能發生的混淆	incidence of confusion	ke3 neng2 fa1 sheng1 de5 hun4 xiao2	intellectual_property	待核查	TW	unclassified	A13070000G		tw-tipo-trademark:295	tw-tipo-trademark-6516b23b083b49c19012	OGDL-Taiwan-1.0	source_attributed			
可辨认的、足以识别的	可辨認的、足以識別的	recognizable		intellectual_property	待核查	TW	unclassified	A13070000G		tw-tipo-trademark:463	tw-tipo-trademark-506805bca4ca5051538d	OGDL-Taiwan-1.0	source_attributed			
可退还的	可退還的	refundable	ke3 tui4 huan2 de5	unclassified	待核查	TW	unclassified	憲法法庭書記廳		tw-judicial:281	tw-judicial-d874ef906a724e61d71c	OGDL-Taiwan-1.0	source_attributed			
可靠证据	可靠證據	credible evidence	ke3 kao4 zheng4 ju4	intellectual_property	待核查	TW	unclassified	A13070000G		tw-tipo-trademark:121	tw-tipo-trademark-5a146a3407fc65932545	OGDL-Taiwan-1.0	source_attributed			
台中高等行政法院	臺中高等行政法院	Taichung High Administrative Court	tai2 zhong1 gao1 deng3 xing2 zheng4 fa3 yuan4	administrative,dispute_resolution	待核查	TW	institution	司法行政廳		tw-judicial:1683	tw-judicial-4330dfd58f9e3212a933	OGDL-Taiwan-1.0	source_attributed			
台北市办理征收土地农林作物及鱼类补偿迁移费查估标准	台北市辦理徵收土地農林作物及魚類補償遷移費查估標準	Appraisal Standards of Compensation for Crops, Forest and Fishery in Case of Taipei City Government’s Exercise of Eminent Domain	tai2 bei3 shi4 ban4 li3 zheng1 shou1 tu3 di4 nong2 lin2 zuo4 wu4 ji2 yu2 lei4 bu3 chang2 qian1 yi2 fei4 cha2 gu1 biao1 zhun3	property	待核查	TW	unclassified	憲法法庭書記廳		tw-judicial:323	tw-judicial-e459581b1c9cec652a21	OGDL-Taiwan-1.0	source_attributed			
台北市国税局	台北市國稅局	Taipei National Tax Administration	tai2 bei3 shi4 guo2 shui4 ju2	tax	待核查	TW	unclassified	憲法法庭書記廳		tw-judicial:321	tw-judicial-451e0782e6e65a23f9be	OGDL-Taiwan-1.0	source_attributed			
台北市奖励投资兴建零售市场须知	台北市獎勵投資興建零售市場須知	Notice on Encouragement of Investment to Build Retailers Market in Taipei City	tai2 bei3 shi4 jiang3 li4 tou2 zi1 xing1 jian4 ling2 shou4 shi4 chang3 xu1 zhi1	unclassified	待核查	TW	unclassified	憲法法庭書記廳		tw-judicial:322	tw-judicial-9c33293e802265e1678a	OGDL-Taiwan-1.0	source_attributed			
台北市市区道路管理规则	台北市市區道路管理規則	Regulations Governing the Supervision of Taipei City Roads	tai2 bei3 shi4 shi4 qu1 dao4 lu4 guan3 li3 gui1 ze2	unclassified	待核查	TW	statute	憲法法庭書記廳		tw-judicial:320	tw-judicial-55e70f9cc196120e2bea	OGDL-Taiwan-1.0	source_attributed			
台北高等行政法院	臺北高等行政法院	Taipei High Administrative Court	tai2 bei3 gao1 deng3 xing2 zheng4 fa3 yuan4	administrative,dispute_resolution	待核查	TW	institution	司法行政廳		tw-judicial:1684	tw-judicial-b62c63dd4301543d2faa	OGDL-Taiwan-1.0	source_attributed			
台湾云林地方法院	臺灣雲林地方法院	Taiwan Yunlin District Court	tai2 wan1 yun2 lin2 di4 fang1 fa3 yuan4	dispute_resolution	待核查	TW	institution	司法行政廳		tw-judicial:1724	tw-judicial-59012df34a0a06b73be7	OGDL-Taiwan-1.0	source_attributed			
台湾云林地方法院北港简易庭	臺灣雲林地方法院北港簡易庭	Taiwan Yunlin District Court Beigang Summary Court	tai2 wan1 yun2 lin2 di4 fang1 fa3 yuan4 bei3 gang3 jian3 yi4 ting2	dispute_resolution	待核查	TW	unclassified	司法行政廳		tw-judicial:1726	tw-judicial-b39ce78af5190b7d9481	OGDL-Taiwan-1.0	source_attributed			
台湾云林地方法院斗六简易庭	臺灣雲林地方法院斗六簡易庭	Taiwan Yunlin District Court Douliu Summary Court	tai2 wan1 yun2 lin2 di4 fang1 fa3 yuan4 dou4 liu4 jian3 yi4 ting2	dispute_resolution	待核查	TW	unclassified	司法行政廳		tw-judicial:1725	tw-judicial-f57ba3ca868e57cde735	OGDL-Taiwan-1.0	source_attributed			
台湾云林地方法院虎尾简易庭	臺灣雲林地方法院虎尾簡易庭	Taiwan Yunlin District Court Huwei Summary Court	tai2 wan1 yun2 lin2 di4 fang1 fa3 yuan4 hu3 wei3 jian3 yi4 ting2	dispute_resolution	待核查	TW	unclassified	司法行政廳		tw-judicial:1727	tw-judicial-2498ab9b8155f4152891	OGDL-Taiwan-1.0	source_attributed			
台湾南投地方法院	臺灣南投地方法院	Taiwan Nantou District Court	tai2 wan1 nan2 tou2 di4 fang1 fa3 yuan4	dispute_resolution	待核查	TW	institution	司法行政廳		tw-judicial:1696	tw-judicial-a9222397a9301197e343	OGDL-Taiwan-1.0	source_attributed			
台湾南投地方法院南投简易庭	臺灣南投地方法院南投簡易庭	Taiwan Nantou District Court Nantou Summary Court	tai2 wan1 nan2 tou2 di4 fang1 fa3 yuan4 nan2 tou2 jian3 yi4 ting2	dispute_resolution	待核查	TW	unclassified	司法行政廳		tw-judicial:1697	tw-judicial-70add85d30689229cba6	OGDL-Taiwan-1.0	source_attributed			
台湾南投地方法院埔里简易庭	臺灣南投地方法院埔里簡易庭	Taiwan Nantou District Court Puli Summary Court	tai2 wan1 nan2 tou2 di4 fang1 fa3 yuan4 pu3 li3 jian3 yi4 ting2	dispute_resolution	待核查	TW	unclassified	司法行政廳		tw-judicial:1698	tw-judicial-3188ae1ff4dcb249a5d6	OGDL-Taiwan-1.0	source_attributed			
台湾台东地方法院	臺灣臺東地方法院	Taiwan Taitung District Court	tai2 wan1 tai2 dong1 di4 fang1 fa3 yuan4	dispute_resolution	待核查	TW	institution	司法行政廳		tw-judicial:1749	tw-judicial-e9083a88a02a30d1df54	OGDL-Taiwan-1.0	source_attributed			
台湾台东地方法院台东简易庭	臺灣臺東地方法院臺東簡易庭	Taiwan Taitung District Court Taitung Summary Court	tai2 wan1 tai2 dong1 di4 fang1 fa3 yuan4 tai2 dong1 jian3 yi4 ting2	dispute_resolution	待核查	TW	unclassified	司法行政廳		tw-judicial:1751	tw-judicial-3a989d923bbdb605e8b2	OGDL-Taiwan-1.0	source_attributed			
台湾台东地方法院成功简易庭	臺灣臺東地方法院成功簡易庭	Taiwan Taitung District Court Chenggong Summary Court	tai2 wan1 tai2 dong1 di4 fang1 fa3 yuan4 cheng2 gong1 jian3 yi4 ting2	dispute_resolution	待核查	TW	unclassified	司法行政廳		tw-judicial:1750	tw-judicial-0f46c6a564cc2a452930	OGDL-Taiwan-1.0	source_attributed			
台湾台中地方法院	臺灣臺中地方法院	Taiwan Taichung District Court	tai2 wan1 tai2 zhong1 di4 fang1 fa3 yuan4	dispute_resolution	待核查	TW	institution	司法行政廳		tw-judicial:1742	tw-judicial-7979b1425a5828fcfb82	OGDL-Taiwan-1.0	source_attributed			
台湾台中地方法院丰原简易庭	臺灣臺中地方法院豐原簡易庭	Taiwan Taichung District Court Fengyuan Summary Court	tai2 wan1 tai2 zhong1 di4 fang1 fa3 yuan4 feng1 yuan2 jian3 yi4 ting2	dispute_resolution	待核查	TW	unclassified	司法行政廳		tw-judicial:1745	tw-judicial-f05448e31f6a65102c81	OGDL-Taiwan-1.0	source_attributed			
台湾台中地方法院台中简易庭	臺灣臺中地方法院臺中簡易庭	Taiwan Taichung District Court Taichung Summary Court	tai2 wan1 tai2 zhong1 di4 fang1 fa3 yuan4 tai2 zhong1 jian3 yi4 ting2	dispute_resolution	待核查	TW	unclassified	司法行政廳		tw-judicial:1744	tw-judicial-b25923a1d97fb62cc47e	OGDL-Taiwan-1.0	source_attributed			
台湾台中地方法院沙鹿简易庭	臺灣臺中地方法院沙鹿簡易庭	Taiwan Taichung District Court Shalu Summary Court	tai2 wan1 tai2 zhong1 di4 fang1 fa3 yuan4 sha1 lu4 jian3 yi4 ting2	dispute_resolution	待核查	TW	unclassified	司法行政廳		tw-judicial:1743	tw-judicial-4ad16b5e717f4ffb158e	OGDL-Taiwan-1.0	source_attributed			
台湾台北地方法院	臺灣臺北地方法院	Taiwan Taipei District Court	tai2 wan1 tai2 bei3 di4 fang1 fa3 yuan4	dispute_resolution	待核查	TW	institution	司法行政廳		tw-judicial:1746	tw-judicial-231bae87a3cc27b39fe4	OGDL-Taiwan-1.0	source_attributed			
台湾台北地方法院台北简易庭	臺灣臺北地方法院臺北簡易庭	Taiwan Taipei District Court Taipei Summary Court	tai2 wan1 tai2 bei3 di4 fang1 fa3 yuan4 tai2 bei3 jian3 yi4 ting2	dispute_resolution	待核查	TW	unclassified	司法行政廳		tw-judicial:1748	tw-judicial-6f0235498b4cd80bc172	OGDL-Taiwan-1.0	source_attributed			
台湾台北地方法院新店简易庭	臺灣臺北地方法院新店簡易庭	Taiwan Taipei District Court Xindian Summary Court	tai2 wan1 tai2 bei3 di4 fang1 fa3 yuan4 xin1 dian4 jian3 yi4 ting2	dispute_resolution	待核查	TW	unclassified	司法行政廳		tw-judicial:1747	tw-judicial-28569052b6267dfa6a87	OGDL-Taiwan-1.0	source_attributed			
台湾台南地方法院	臺灣臺南地方法院	Taiwan Tainan District Court	tai2 wan1 tai2 nan2 di4 fang1 fa3 yuan4	dispute_resolution	待核查	TW	institution	司法行政廳		tw-judicial:1752	tw-judicial-b1c0b47e3d34bd2e7ef7	OGDL-Taiwan-1.0	source_attributed			
台湾台南地方法院台南简易庭	臺灣臺南地方法院臺南簡易庭	Taiwan Tainan District Court Tainan Summary Court	tai2 wan1 tai2 nan2 di4 fang1 fa3 yuan4 tai2 nan2 jian3 yi4 ting2	dispute_resolution	待核查	TW	unclassified	司法行政廳		tw-judicial:1755	tw-judicial-3967e1035c654dd59faa	OGDL-Taiwan-1.0	source_attributed			
台湾台南地方法院新市简易庭	臺灣臺南地方法院新市簡易庭	Taiwan Tainan District Court Xinshi Summary Court	tai2 wan1 tai2 nan2 di4 fang1 fa3 yuan4 xin1 shi4 jian3 yi4 ting2	dispute_resolution	待核查	TW	unclassified	司法行政廳		tw-judicial:1754	tw-judicial-6f019e448fa86532b35f	OGDL-Taiwan-1.0	source_attributed			
台湾台南地方法院柳营简易庭	臺灣臺南地方法院柳營簡易庭	Taiwan Tainan District Court Liuying Summary Court	tai2 wan1 tai2 nan2 di4 fang1 fa3 yuan4 liu3 ying2 jian3 yi4 ting2	dispute_resolution	待核查	TW	unclassified	司法行政廳		tw-judicial:1753	tw-judicial-cd92aa1b682f621abf61	OGDL-Taiwan-1.0	source_attributed			
台湾嘉义地方法院	臺灣嘉義地方法院	Taiwan Chiayi District Court	tai2 wan1 jia1 yi4 di4 fang1 fa3 yuan4	dispute_resolution	待核查	TW	institution	司法行政廳		tw-judicial:1735	tw-judicial-bdd4685e0062f775637f	OGDL-Taiwan-1.0	source_attributed			
台湾嘉义地方法院嘉义简易庭	臺灣嘉義地方法院嘉義簡易庭	Taiwan Chiayi District Court Chiayi Summary Court	tai2 wan1 jia1 yi4 di4 fang1 fa3 yuan4 jia1 yi4 jian3 yi4 ting2	dispute_resolution	待核查	TW	unclassified	司法行政廳		tw-judicial:1737	tw-judicial-e204cc5509fe9ead8cb7	OGDL-Taiwan-1.0	source_attributed			
台湾嘉义地方法院朴子简易庭	臺灣嘉義地方法院朴子簡易庭	Taiwan Chiayi District Court Puzi Summary Court	tai2 wan1 jia1 yi4 di4 fang1 fa3 yuan4 pu3 zi5 jian3 yi4 ting2	dispute_resolution	待核查	TW	unclassified	司法行政廳		tw-judicial:1736	tw-judicial-cd49c605a994e732bd70	OGDL-Taiwan-1.0	source_attributed			
台湾地区与大陆地区人民关系条例	臺灣地區與大陸地區人民關係條例	Act Governing Relations between the People of the Taiwan Area and the Mainland Area	tai2 wan1 di4 qu1 yu3 da4 lu4 di4 qu1 ren2 min2 guan1 xi4 tiao2 li4	unclassified	待核查	TW	statute	憲法法庭書記廳		tw-judicial:1688	tw-judicial-99c58d3e94193d9d2087	OGDL-Taiwan-1.0	source_attributed			
台湾基隆地方法院	臺灣基隆地方法院	Taiwan Keelung District Court	tai2 wan1 ji1 long2 di4 fang1 fa3 yuan4	dispute_resolution	待核查	TW	institution	司法行政廳		tw-judicial:1721	tw-judicial-034e2e900a5a5a5dab30	OGDL-Taiwan-1.0	source_attributed			
台湾基隆地方法院基隆简易庭	臺灣基隆地方法院基隆簡易庭	Taiwan Keelung District Court Keelung Summary Court	tai2 wan1 ji1 long2 di4 fang1 fa3 yuan4 ji1 long2 jian3 yi4 ting2	dispute_resolution	待核查	TW	unclassified	司法行政廳		tw-judicial:1722	tw-judicial-5af94d7a8933884465ff	OGDL-Taiwan-1.0	source_attributed			
台湾基隆地方法院瑞芳简易庭	臺灣基隆地方法院瑞芳簡易庭	Taiwan Keelung District Court Ruifang Summary Court	tai2 wan1 ji1 long2 di4 fang1 fa3 yuan4 rui4 fang1 jian3 yi4 ting2	dispute_resolution	待核查	TW	unclassified	司法行政廳		tw-judicial:1723	tw-judicial-f88ac29a432961d973ae	OGDL-Taiwan-1.0	source_attributed			
台湾士林地方法院	臺灣士林地方法院	Taiwan Shilin District Court	tai2 wan1 shi4 lin2 di4 fang1 fa3 yuan4	dispute_resolution	待核查	TW	institution	司法行政廳		tw-judicial:1685	tw-judicial-2defdeced3d5b9b56ab1	OGDL-Taiwan-1.0	source_attributed			
台湾士林地方法院内湖简易庭	臺灣士林地方法院內湖簡易庭	Taiwan Shilin District Court Neihu Summary Court	tai2 wan1 shi4 lin2 di4 fang1 fa3 yuan4 nei4 hu2 jian3 yi4 ting2	dispute_resolution	待核查	TW	unclassified	司法行政廳		tw-judicial:1687	tw-judicial-c70f2d8f32ab8f8cc373	OGDL-Taiwan-1.0	source_attributed			
台湾士林地方法院士林简易庭	臺灣士林地方法院士林簡易庭	Taiwan Shilin District Court Shilin Summary Court	tai2 wan1 shi4 lin2 di4 fang1 fa3 yuan4 shi4 lin2 jian3 yi4 ting2	dispute_resolution	待核查	TW	unclassified	司法行政廳		tw-judicial:1686	tw-judicial-c615f93cca339e8315da	OGDL-Taiwan-1.0	source_attributed			
台湾宜兰地方法院	臺灣宜蘭地方法院	Taiwan Yilan District Court	tai2 wan1 yi2 lan2 di4 fang1 fa3 yuan4	dispute_resolution	待核查	TW	institution	司法行政廳		tw-judicial:1689	tw-judicial-bfebeeae9311edaae9c0	OGDL-Taiwan-1.0	source_attributed			
台湾宜兰地方法院宜兰简易庭	臺灣宜蘭地方法院宜蘭簡易庭	Taiwan Yilan District Court Yilan Summary Court	tai2 wan1 yi2 lan2 di4 fang1 fa3 yuan4 yi2 lan2 jian3 yi4 ting2	dispute_resolution	待核查	TW	unclassified	司法行政廳		tw-judicial:1690	tw-judicial-644300da28d27496520d	OGDL-Taiwan-1.0	source_attributed			
台湾宜兰地方法院罗东简易庭	臺灣宜蘭地方法院羅東簡易庭	Taiwan Yilan District Court Luodong Summary Court	tai2 wan1 yi2 lan2 di4 fang1 fa3 yuan4 luo2 dong1 jian3 yi4 ting2	dispute_resolution	待核查	TW	unclassified	司法行政廳		tw-judicial:1691	tw-judicial-0d615c8782e4dce6645e	OGDL-Taiwan-1.0	source_attributed			
台湾屏东地方法院	臺灣屏東地方法院	Taiwan Pingtung District Court	tai2 wan1 ping2 dong1 di4 fang1 fa3 yuan4	dispute_resolution	待核查	TW	institution	司法行政廳		tw-judicial:1699	tw-judicial-a6f48f9e1340e666682b	OGDL-Taiwan-1.0	source_attributed			
台湾屏东地方法院屏东简易庭	臺灣屏東地方法院屏東簡易庭	Taiwan Pingtung District Court Pingtung Summary Court	tai2 wan1 ping2 dong1 di4 fang1 fa3 yuan4 ping2 dong1 jian3 yi4 ting2	dispute_resolution	待核查	TW	unclassified	司法行政廳		tw-judicial:1700	tw-judicial-e4062cdbc65b2c240d8a	OGDL-Taiwan-1.0	source_attributed			
台湾屏东地方法院潮州简易庭	臺灣屏東地方法院潮州簡易庭	Taiwan Pingtung District Court Chaozhou Summary Court	tai2 wan1 ping2 dong1 di4 fang1 fa3 yuan4 chao2 zhou1 jian3 yi4 ting2	dispute_resolution	待核查	TW	unclassified	司法行政廳		tw-judicial:1701	tw-judicial-2c450890f5f07a9fb1d5	OGDL-Taiwan-1.0	source_attributed			
台湾彰化地方法院	臺灣彰化地方法院	Taiwan Changhua District Court	tai2 wan1 zhang1 hua4 di4 fang1 fa3 yuan4	dispute_resolution	待核查	TW	institution	司法行政廳		tw-judicial:1738	tw-judicial-dc4af541b1bb99bc94eb	OGDL-Taiwan-1.0	source_attributed			
台湾彰化地方法院北斗简易庭	臺灣彰化地方法院北斗簡易庭	Taiwan Changhua District Court Beidou Summary Court	tai2 wan1 zhang1 hua4 di4 fang1 fa3 yuan4 bei3 dou3 jian3 yi4 ting2	dispute_resolution	待核查	TW	unclassified	司法行政廳		tw-judicial:1739	tw-judicial-0fd1ef647240cb9d3038	OGDL-Taiwan-1.0	source_attributed			
台湾彰化地方法院员林简易庭	臺灣彰化地方法院員林簡易庭	Taiwan Changhua District Court Yuanlin Summary Court	tai2 wan1 zhang1 hua4 di4 fang1 fa3 yuan4 yuan2 lin2 jian3 yi4 ting2	dispute_resolution	待核查	TW	unclassified	司法行政廳		tw-judicial:1740	tw-judicial-82d1301c2e67c6f60f45	OGDL-Taiwan-1.0	source_attributed			
台湾彰化地方法院彰化简易庭	臺灣彰化地方法院彰化簡易庭	Taiwan Changhua District Court Changhua Summary Court	tai2 wan1 zhang1 hua4 di4 fang1 fa3 yuan4 zhang1 hua4 jian3 yi4 ting2	dispute_resolution	待核查	TW	unclassified	司法行政廳		tw-judicial:1741	tw-judicial-1b074c0b3de41945b235	OGDL-Taiwan-1.0	source_attributed			
台湾新北地方法院	臺灣新北地方法院	Taiwan New Taipei District Court	tai2 wan1 xin1 bei3 di4 fang1 fa3 yuan4	dispute_resolution	待核查	TW	institution	司法行政廳		tw-judicial:1728	tw-judicial-02bfa173584089bde18c	OGDL-Taiwan-1.0	source_attributed			
台湾新北地方法院三重简易庭	臺灣新北地方法院三重簡易庭	Taiwan New Taipei District Court Sanchong Summary Court	tai2 wan1 xin1 bei3 di4 fang1 fa3 yuan4 san1 chong2 jian3 yi4 ting2	dispute_resolution	待核查	TW	unclassified	司法行政廳		tw-judicial:1729	tw-judicial-da3371dde55cc3ca00a9	OGDL-Taiwan-1.0	source_attributed			
台湾新北地方法院板桥简易庭	臺灣新北地方法院板橋簡易庭	Taiwan New Taipei District Court Banqiao Summary Court	tai2 wan1 xin1 bei3 di4 fang1 fa3 yuan4 ban3 qiao2 jian3 yi4 ting2	dispute_resolution	待核查	TW	unclassified	司法行政廳		tw-judicial:1730	tw-judicial-064f73678fc6e0ed5428	OGDL-Taiwan-1.0	source_attributed			
台湾新竹地方法院	臺灣新竹地方法院	Taiwan Hsinchu District Court	tai2 wan1 xin1 zhu2 di4 fang1 fa3 yuan4	dispute_resolution	待核查	TW	institution	司法行政廳		tw-judicial:1731	tw-judicial-b5c234dbcf9741e1a3c8	OGDL-Taiwan-1.0	source_attributed			
台湾新竹地方法院新竹简易庭	臺灣新竹地方法院新竹簡易庭	Taiwan Hsinchu District Court Hsinchu Summary Court	tai2 wan1 xin1 zhu2 di4 fang1 fa3 yuan4 xin1 zhu2 jian3 yi4 ting2	dispute_resolution	待核查	TW	unclassified	司法行政廳		tw-judicial:1734	tw-judicial-c53e57a818c5760c8963	OGDL-Taiwan-1.0	source_attributed			
台湾新竹地方法院竹东简易庭	臺灣新竹地方法院竹東簡易庭	Taiwan Hsinchu District Court Zhudong Summary Court	tai2 wan1 xin1 zhu2 di4 fang1 fa3 yuan4 zhu2 dong1 jian3 yi4 ting2	dispute_resolution	待核查	TW	unclassified	司法行政廳		tw-judicial:1733	tw-judicial-0c76d6b573c0d552758d	OGDL-Taiwan-1.0	source_attributed			
台湾新竹地方法院竹北简易庭	臺灣新竹地方法院竹北簡易庭	Taiwan Hsinchu District Court Zhubei Summary Court	tai2 wan1 xin1 zhu2 di4 fang1 fa3 yuan4 zhu2 bei3 jian3 yi4 ting2	dispute_resolution	待核查	TW	unclassified	司法行政廳		tw-judicial:1732	tw-judicial-b185b61cc3b0090dd203	OGDL-Taiwan-1.0	source_attributed			
台湾桃园地方法院	臺灣桃園地方法院	Taiwan Taoyuan District Court	tai2 wan1 tao2 yuan2 di4 fang1 fa3 yuan4	dispute_resolution	待核查	TW	institution	司法行政廳		tw-judicial:1705	tw-judicial-965bc0ba2a6ea6ade85a	OGDL-Taiwan-1.0	source_attributed			
台湾桃园地方法院中坜简易庭	臺灣桃園地方法院中壢簡易庭	Taiwan Taoyuan District Court Zhongli Summary Court	tai2 wan1 tao2 yuan2 di4 fang1 fa3 yuan4 zhong1 li4 jian3 yi4 ting2	dispute_resolution	待核查	TW	unclassified	司法行政廳		tw-judicial:1706	tw-judicial-937df590690f2cbb9b9c	OGDL-Taiwan-1.0	source_attributed			
台湾桃园地方法院桃园简易庭	臺灣桃園地方法院桃園簡易庭	Taiwan Taoyuan District Court Taoyuan Summary Court	tai2 wan1 tao2 yuan2 di4 fang1 fa3 yuan4 tao2 yuan2 jian3 yi4 ting2	dispute_resolution	待核查	TW	unclassified	司法行政廳		tw-judicial:1707	tw-judicial-372ee438b7bb54c8d41c	OGDL-Taiwan-1.0	source_attributed			
台湾桥头地方法院	臺灣橋頭地方法院	Taiwan Ciaotou District Court	tai2 wan1 qiao2 tou2 di4 fang1 fa3 yuan4	dispute_resolution	待核查	TW	institution	司法行政廳		tw-judicial:1758	tw-judicial-2cf844e8b754b3fe82da	OGDL-Taiwan-1.0	source_attributed			
台湾澎湖地方法院	臺灣澎湖地方法院	Taiwan Penghu District Court	tai2 wan1 peng1 hu2 di4 fang1 fa3 yuan4	dispute_resolution	待核查	TW	institution	司法行政廳		tw-judicial:1756	tw-judicial-f5991b09da9095a80235	OGDL-Taiwan-1.0	source_attributed			
台湾澎湖地方法院马公简易庭	臺灣澎湖地方法院馬公簡易庭	Taiwan Penghu District Court Magong Summary Court	tai2 wan1 peng1 hu2 di4 fang1 fa3 yuan4 ma3 gong1 jian3 yi4 ting2	dispute_resolution	待核查	TW	unclassified	司法行政廳		tw-judicial:1757	tw-judicial-f2fcf72336bee094fb3f	OGDL-Taiwan-1.0	source_attributed			
台湾省工厂工人退休规则	台灣省工廠工人退休規則	Regulations Governing the Retirement of the Factory Workers of Taiwan Province	tai2 wan1 sheng3 gong1 chang3 gong1 ren2 tui4 xiu1 gui1 ze2	unclassified	待核查	TW	statute	憲法法庭書記廳		tw-judicial:324	tw-judicial-40e3c103ee14345d16fb	OGDL-Taiwan-1.0	source_attributed			
台湾省放领公有耕地扶植自耕农实施要点	台灣省放領公有耕地扶植自耕農實施要點	Implemental Guidelines for the Release of Government-Owned Tillable Land to Self-tilling Farmers in Taiwan Province	tai2 wan1 sheng3 fang4 ling3 gong1 you3 geng1 di4 fu2 zhi2 zi4 geng1 nong2 shi2 shi1 yao4 dian3	unclassified	待核查	TW	statute	憲法法庭書記廳		tw-judicial:325	tw-judicial-e7ff0fb8f2b824df23a0	OGDL-Taiwan-1.0	source_attributed			
台湾省林务局	臺灣省林務局	Taiwan Forestry Bureau	tai2 wan1 sheng3 lin2 wu4 ju2	unclassified	待核查	TW	unclassified	憲法法庭書記廳		tw-judicial:1702	tw-judicial-11d771bc62612f459c8e	OGDL-Taiwan-1.0	source_attributed			
台湾省烟酒专卖暂行条例	台灣省菸酒專賣暫行條例	Provisional Act Governing the Monopolistic Sale on Cigarettes and Wines in Taiwan Province	tai2 wan1 sheng3 yan1 jiu3 zhuan1 mai4 zan4 xing2 tiao2 li4	unclassified	待核查	TW	statute	憲法法庭書記廳		tw-judicial:329	tw-judicial-a5c39c2c943d8b37b289	OGDL-Taiwan-1.0	source_attributed			
台湾省烟酒公卖局	台灣省菸酒公賣局	Taiwan Tobacco and Wine Monopoly Bureau	tai2 wan1 sheng3 yan1 jiu3 gong1 mai4 ju2	unclassified	待核查	TW	unclassified	憲法法庭書記廳		tw-judicial:328	tw-judicial-dcc32a8049475a845d5c	OGDL-Taiwan-1.0	source_attributed			
台湾省省县市立各级学校教职员遴用办法	台灣省省縣市立各級學校教職員遴用辦法	Regulations Governing the Selection of the Teachers and Staff for Provincial, County and Municipal Level Schools in Taiwan Province	tai2 wan1 sheng3 sheng3 xian4 shi4 li4 ge4 ji2 xue2 xiao4 jiao4 zhi2 yuan2 lin2 yong4 ban4 fa3	unclassified	待核查	TW	statute	憲法法庭書記廳		tw-judicial:327	tw-judicial-fcd1d5a95e59c8b4a7f0	OGDL-Taiwan-1.0	source_attributed			
台湾省非都市土地容许使用执行要点	台灣省非都市土地容許使用執行要點	Enforcement Guidelines for the Use Permission of Non-Urban Land of Taiwan Province	tai2 wan1 sheng3 fei1 du1 shi4 tu3 di4 rong2 xu3 shi3 yong4 zhi2 xing2 yao4 dian3	property	待核查	TW	statute	憲法法庭書記廳		tw-judicial:326	tw-judicial-334dbec52b414f9ce3e7	OGDL-Taiwan-1.0	source_attributed			
台湾花莲地方法院	臺灣花蓮地方法院	Taiwan Hualien District Court	tai2 wan1 hua1 lian2 di4 fang1 fa3 yuan4	dispute_resolution	待核查	TW	institution	司法行政廳		tw-judicial:1692	tw-judicial-6596ae7521a93fcd5802	OGDL-Taiwan-1.0	source_attributed			
台湾花莲地方法院凤林简易庭	臺灣花蓮地方法院鳳林簡易庭	Taiwan Hualien District Court Fenglin Summary Court	tai2 wan1 hua1 lian2 di4 fang1 fa3 yuan4 feng4 lin2 jian3 yi4 ting2	dispute_resolution	待核查	TW	unclassified	司法行政廳		tw-judicial:1695	tw-judicial-266ad4a25291f4ef1da8	OGDL-Taiwan-1.0	source_attributed			
台湾花莲地方法院玉里简易庭	臺灣花蓮地方法院玉里簡易庭	Taiwan Hualien District Court Yuli Summary Court	tai2 wan1 hua1 lian2 di4 fang1 fa3 yuan4 yu4 li3 jian3 yi4 ting2	dispute_resolution	待核查	TW	unclassified	司法行政廳		tw-judicial:1693	tw-judicial-0581538074503d777497	OGDL-Taiwan-1.0	source_attributed			
台湾花莲地方法院花莲简易庭	臺灣花蓮地方法院花蓮簡易庭	Taiwan Hualien District Court Hualien Summary Court	tai2 wan1 hua1 lian2 di4 fang1 fa3 yuan4 hua1 lian2 jian3 yi4 ting2	dispute_resolution	待核查	TW	unclassified	司法行政廳		tw-judicial:1694	tw-judicial-a2982a26e232de3002ca	OGDL-Taiwan-1.0	source_attributed			
台湾苗栗地方法院	臺灣苗栗地方法院	Taiwan Miaoli District Court	tai2 wan1 miao2 li4 di4 fang1 fa3 yuan4	dispute_resolution	待核查	TW	institution	司法行政廳		tw-judicial:1703	tw-judicial-6664b54b7e3541c8f4ff	OGDL-Taiwan-1.0	source_attributed			
台湾苗栗地方法院苗栗简易庭	臺灣苗栗地方法院苗栗簡易庭	Taiwan Miaoli District Court Miaoli Summary Court	tai2 wan1 miao2 li4 di4 fang1 fa3 yuan4 miao2 li4 jian3 yi4 ting2	dispute_resolution	待核查	TW	unclassified	司法行政廳		tw-judicial:1704	tw-judicial-180effdfda9a8b745550	OGDL-Taiwan-1.0	source_attributed			
台湾高等法院	臺灣高等法院	Taiwan High Court	tai2 wan1 gao1 deng3 fa3 yuan4	dispute_resolution	待核查	TW	institution	司法行政廳		tw-judicial:1708	tw-judicial-7eac035b8c5691dcfbff	OGDL-Taiwan-1.0	source_attributed			
台湾高等法院台中分院	臺灣高等法院臺中分院	Taiwan High Court Taichung Branch Court	tai2 wan1 gao1 deng3 fa3 yuan4 tai2 zhong1 fen1 yuan4	dispute_resolution	待核查	TW	unclassified	司法行政廳		tw-judicial:1713	tw-judicial-e989312945473a3f11c4	OGDL-Taiwan-1.0	source_attributed			
台湾高等法院台南分院	臺灣高等法院臺南分院	Taiwan High Court Tainan Branch Court	tai2 wan1 gao1 deng3 fa3 yuan4 tai2 nan2 fen1 yuan4	dispute_resolution	待核查	TW	unclassified	司法行政廳		tw-judicial:1714	tw-judicial-f8bb1a3239b9d9c1cfa4	OGDL-Taiwan-1.0	source_attributed			
台湾高等法院花莲分院	臺灣高等法院花蓮分院	Taiwan High Court Hualien Branch Court	tai2 wan1 gao1 deng3 fa3 yuan4 hua1 lian2 fen1 yuan4	dispute_resolution	待核查	TW	unclassified	司法行政廳		tw-judicial:1709	tw-judicial-88cde60d1efd3d7befbf	OGDL-Taiwan-1.0	source_attributed			
台湾高等法院花莲分院台东庭	臺灣高等法院花蓮分院臺東庭	Taiwan High Court Hualien Branch Taitung Division	tai2 wan1 gao1 deng3 fa3 yuan4 hua1 lian2 fen1 yuan4 tai2 dong1 ting2	dispute_resolution	待核查	TW	unclassified	司法行政廳		tw-judicial:1710	tw-judicial-71a00f2295a100dfc762	OGDL-Taiwan-1.0	source_attributed			
台湾高等法院高雄分院	臺灣高等法院高雄分院	Taiwan High Court Kaohsiung Branch Court	tai2 wan1 gao1 deng3 fa3 yuan4 gao1 xiong2 fen1 yuan4	dispute_resolution	待核查	TW	unclassified	司法行政廳		tw-judicial:1711	tw-judicial-6d94c035abbc28a4f684	OGDL-Taiwan-1.0	source_attributed			
台湾高等法院高雄分院澎湖庭	臺灣高等法院高雄分院澎湖庭	Taiwan High Court Kaohsiung Branch Penghu Division	tai2 wan1 gao1 deng3 fa3 yuan4 gao1 xiong2 fen1 yuan4 peng1 hu2 ting2	dispute_resolution	待核查	TW	unclassified	司法行政廳		tw-judicial:1712	tw-judicial-8420b33dfa02d1082f90	OGDL-Taiwan-1.0	source_attributed			
台湾高雄地方法院	臺灣高雄地方法院	Taiwan Kaohsiung District Court	tai2 wan1 gao1 xiong2 di4 fang1 fa3 yuan4	dispute_resolution	待核查	TW	institution	司法行政廳		tw-judicial:1716	tw-judicial-f743bbe6af04c4cccb27	OGDL-Taiwan-1.0	source_attributed			
台湾高雄地方法院冈山简易庭	臺灣高雄地方法院岡山簡易庭	Taiwan Kaohsiung District Court Gangshan Summary Court	tai2 wan1 gao1 xiong2 di4 fang1 fa3 yuan4 gang1 shan1 jian3 yi4 ting2	dispute_resolution	待核查	TW	unclassified	司法行政廳		tw-judicial:1717	tw-judicial-51402b5fdafdb4b69b9d	OGDL-Taiwan-1.0	source_attributed			
台湾高雄地方法院凤山简易庭	臺灣高雄地方法院鳳山簡易庭	Taiwan Kaohsiung District Court Fengshan Summary Court	tai2 wan1 gao1 xiong2 di4 fang1 fa3 yuan4 feng4 shan1 jian3 yi4 ting2	dispute_resolution	待核查	TW	unclassified	司法行政廳		tw-judicial:1720	tw-judicial-b81de751e2583eccd292	OGDL-Taiwan-1.0	source_attributed			
台湾高雄地方法院旗山简易庭	臺灣高雄地方法院旗山簡易庭	Taiwan Kaohsiung District Court Qishan Summary Court	tai2 wan1 gao1 xiong2 di4 fang1 fa3 yuan4 qi2 shan1 jian3 yi4 ting2	dispute_resolution	待核查	TW	unclassified	司法行政廳		tw-judicial:1719	tw-judicial-13922ba299ed943c3485	OGDL-Taiwan-1.0	source_attributed			
台湾高雄地方法院高雄简易庭	臺灣高雄地方法院高雄簡易庭	Taiwan Kaohsiung District Court Kaohsiung Summary Court	tai2 wan1 gao1 xiong2 di4 fang1 fa3 yuan4 gao1 xiong2 jian3 yi4 ting2	dispute_resolution	待核查	TW	unclassified	司法行政廳		tw-judicial:1718	tw-judicial-32e8918943f8c5cae870	OGDL-Taiwan-1.0	source_attributed			
台湾高雄少年及家事法院	臺灣高雄少年及家事法院	Taiwan Kaohsiung Juvenile and Family Court	tai2 wan1 gao1 xiong2 shao4 nian2 ji2 jia1 shi4 fa3 yuan4	dispute_resolution,family	待核查	TW	institution	司法行政廳		tw-judicial:1715	tw-judicial-6c785dad70c8fb5f3b30	OGDL-Taiwan-1.0	source_attributed			
司机室	司機室	Drivers Room	si1 ji1 shi4	unclassified	待核查	TW	unclassified	司法行政廳		tw-judicial:319	tw-judicial-5ea973c8f4885c531bb7	OGDL-Taiwan-1.0	source_attributed			
司机（驾驶）（公务车）	司機（駕駛）（公務車）	Driver		unclassified	待核查	TW	unclassified	司法行政廳		tw-judicial:317	tw-judicial-d8008e7fa9bedfae1399	OGDL-Taiwan-1.0	source_attributed			
司机（驾驶）（首长座车）	司機（駕駛）（首長座車）	Chauffeur		unclassified	待核查	TW	unclassified	司法行政廳		tw-judicial:318	tw-judicial-6fb8f4f3154f5d67df26	OGDL-Taiwan-1.0	source_attributed			
司法上受益权	司法上受益權	right to the benefit of justice	si1 fa3 shang4 shou4 yi4 quan2	unclassified	待核查	TW	unclassified	憲法法庭書記廳		tw-judicial:286	tw-judicial-a3af8c54d650a8540874	OGDL-Taiwan-1.0	source_attributed			
司法事务官	司法事務官	Judicial Associate Officer	si1 fa3 shi4 wu4 guan1	unclassified	待核查	TW	unclassified	司法行政廳		tw-judicial:293	tw-judicial-f655ae82c2af180462e6	OGDL-Taiwan-1.0	source_attributed			
司法事务官室	司法事務官室	Judicial Associate Officer Office	si1 fa3 shi4 wu4 guan1 shi4	unclassified	待核查	TW	unclassified	司法行政廳		tw-judicial:294	tw-judicial-5457b281f06abe5ab8b4	OGDL-Taiwan-1.0	source_attributed			
司法人员	司法人員	Judicial Officials	si1 fa3 ren2 yuan2	unclassified	待核查	TW	unclassified	人事處		tw-judicial:285	tw-judicial-e51f611e9ac7c8040cb5	OGDL-Taiwan-1.0	source_attributed			
司法受益权	司法受益權	judicial beneficiary right	si1 fa3 shou4 yi4 quan2	unclassified	待核查	TW	unclassified	憲法法庭書記廳		tw-judicial:295	tw-judicial-03d496083e803df4d533	OGDL-Taiwan-1.0	source_attributed			
司法周刊社	司法周刊社	Judicial Weekly	si1 fa3 zhou1 kan1 she4	unclassified	待核查	TW	unclassified	司法行政廳		tw-judicial:296	tw-judicial-2c99c7141da4d09cc4d7	OGDL-Taiwan-1.0	source_attributed			
司法审查	司法審查	judicial review	si1 fa3 shen3 cha2	unclassified	待核查	TW	unclassified	憲法法庭書記廳		tw-judicial:315	tw-judicial-21525e5a584caf1701e5	OGDL-Taiwan-1.0	source_attributed			
司法救济	司法救濟	judicial relief	si1 fa3 jiu4 ji4	unclassified	待核查	TW	unclassified	憲法法庭書記廳		tw-judicial:313	tw-judicial-b8606677ce5f39d00df4	OGDL-Taiwan-1.0	source_attributed			
司法机关	司法機關	judicial organ	si1 fa3 ji1 guan1	unclassified	待核查	TW	unclassified	憲法法庭書記廳		tw-judicial:316	tw-judicial-a23c7cd06135009e54f9	OGDL-Taiwan-1.0	source_attributed			
司法自主	司法自主	judicial autonomy	si1 fa3 zi4 zhu3	unclassified	待核查	TW	unclassified	憲法法庭書記廳		tw-judicial:287	tw-judicial-b953a2b13aa29810c498	OGDL-Taiwan-1.0	source_attributed			
司法自主性	司法自主性	judicial autonomy	si1 fa3 zi4 zhu3 xing4	unclassified	待核查	TW	unclassified	憲法法庭書記廳		tw-judicial:288	tw-judicial-268c215372019b603c27	OGDL-Taiwan-1.0	source_attributed			
司法行政事务	司法行政事務	judicial administration affairs	si1 fa3 xing2 zheng4 shi4 wu4	administrative	待核查	TW	unclassified	憲法法庭書記廳		tw-judicial:290	tw-judicial-05cd551c08d3b20dfd7d	OGDL-Taiwan-1.0	source_attributed			
司法行政人员	司法行政人員	Administrative Support Officials in Judicial Branch	si1 fa3 xing2 zheng4 ren2 yuan2	administrative	待核查	TW	unclassified	人事處		tw-judicial:289	tw-judicial-8c400f37f43f49c886de	OGDL-Taiwan-1.0	source_attributed			
司法行政厅	司法行政廳	Department of Judicial Administration	si1 fa3 xing2 zheng4 ting1	administrative	待核查	TW	unclassified	司法行政廳		tw-judicial:292	tw-judicial-f0fb75fc036a3b1c943d	OGDL-Taiwan-1.0	source_attributed			
司法行政监督权	司法行政監督權	supervisory power of judicial administration	si1 fa3 xing2 zheng4 jian1 du1 quan2	administrative	待核查	TW	unclassified	憲法法庭書記廳		tw-judicial:291	tw-judicial-a28c07f871e8aa8a3446	OGDL-Taiwan-1.0	source_attributed			
司法解释	司法解釋	judiciary interpretation	si1 fa3 jie3 shi4	unclassified	待核查	TW	unclassified	憲法法庭書記廳		tw-judicial:314	tw-judicial-ece4f3471aba92cad3cd	OGDL-Taiwan-1.0	source_attributed			
司法认知	司法認知	judicial notice	si1 fa3 ren4 zhi1	intellectual_property	待核查	TW	unclassified	A13070000G		tw-tipo-trademark:331	tw-tipo-trademark-cfe2fa5861869b23387f	OGDL-Taiwan-1.0	source_attributed			
司法院	司法院	Judicial Yuan	si1 fa3 yuan4	dispute_resolution	待核查	TW	institution	憲法法庭書記廳		tw-judicial:299	tw-judicial-d831c1736432461306db	OGDL-Taiwan-1.0	source_attributed			
司法院主管决算	司法院主管決算	Financial Statement of Judicial Yuan and Its Subordinate Organs	si1 fa3 yuan4 zhu3 guan3 jue2 suan4	dispute_resolution	待核查	TW	unclassified	會計處		tw-judicial:303	tw-judicial-093a42eabf6e40832b3b	OGDL-Taiwan-1.0	source_attributed			
司法院主管预算	司法院主管預算	Budget of Judicail Yuan and Its Subordinate Organs	si1 fa3 yuan4 zhu3 guan3 yu4 suan4	dispute_resolution	待核查	TW	unclassified	會計處		tw-judicial:304	tw-judicial-8640aa5a2bf467748148	OGDL-Taiwan-1.0	source_attributed			
司法院刑事补偿法庭	司法院刑事補償法庭	Criminal Compensation Court of the Judicial Yuan	si1 fa3 yuan4 xing2 shi4 bu3 chang2 fa3 ting2	criminal,dispute_resolution	待核查	TW	unclassified	司法行政廳		tw-judicial:306	tw-judicial-82f73cf6ffd880743038	OGDL-Taiwan-1.0	source_attributed			
司法院司法人员研习所	司法院司法人員研習所	Judicial Personnel Study Institute, Judicial Yuan	si1 fa3 yuan4 si1 fa3 ren2 yuan2 yan2 xi2 suo3	dispute_resolution	待核查	TW	unclassified	司法行政廳		tw-judicial:305	tw-judicial-b63a85a2e34d9864320e	OGDL-Taiwan-1.0	source_attributed			
司法院大法官会议法	司法院大法官會議法	Grand Justices Council Adjudication Act	si1 fa3 yuan4 da4 fa3 guan1 hui4 yi4 fa3	dispute_resolution	待核查	TW	statute	憲法法庭書記廳		tw-judicial:300	tw-judicial-ebfecb6a93da076ffca7	OGDL-Taiwan-1.0	source_attributed			
司法院大法官会议规则	司法院大法官會議規則	Regulations Governing the Adjudication of Grand Justices Council	si1 fa3 yuan4 da4 fa3 guan1 hui4 yi4 gui1 ze2	dispute_resolution	待核查	TW	statute	憲法法庭書記廳		tw-judicial:301	tw-judicial-431cc60710a9acf4e537	OGDL-Taiwan-1.0	source_attributed			
司法院大法官审理案件法	司法院大法官審理案件法	Constitutional Interpretation Procedure Act	si1 fa3 yuan4 da4 fa3 guan1 shen3 li3 an4 jian4 fa3	dispute_resolution	待核查	TW	statute	憲法法庭書記廳		tw-judicial:302	tw-judicial-5ac30a865c34428543f8	OGDL-Taiwan-1.0	source_attributed			
司法院收文处	司法院收文處	Mail Room of the Judicial Yuan	si1 fa3 yuan4 shou1 wen2 chu4	dispute_resolution	待核查	TW	unclassified	司法行政廳		tw-judicial:307	tw-judicial-6bf989c205cc3056b102	OGDL-Taiwan-1.0	source_attributed			
司法院法官遴选委员会	司法院法官遴選委員會	Judicial Selection Committee of the Judicial Yuan	si1 fa3 yuan4 fa3 guan1 lin2 xuan3 wei3 yuan2 hui4	dispute_resolution	待核查	TW	institution	司法行政廳		tw-judicial:308	tw-judicial-441699eba468266e7ff5	OGDL-Taiwan-1.0	source_attributed			
司法院组织法	司法院組織法	The Judicial Yuan Organization Act	si1 fa3 yuan4 zu3 zhi1 fa3	dispute_resolution	待核查	TW	statute	憲法法庭書記廳		tw-judicial:309	tw-judicial-a32ce54109183103b692	OGDL-Taiwan-1.0	source_attributed			
司法院职务评定再复核委员会	司法院職務評定再復核委員會	Duty Assessment Reappeal Committee of the Judicial Yuan	si1 fa3 yuan4 zhi2 wu4 ping2 ding4 zai4 fu4 he2 wei3 yuan2 hui4	dispute_resolution	待核查	TW	institution	司法行政廳		tw-judicial:310	tw-judicial-e8fb580aff2e515f1888	OGDL-Taiwan-1.0	source_attributed			
司法院职务评定评议委员会	司法院職務評定評議委員會	Duty Assessment Review Committee of the Judicial Yuan	si1 fa3 yuan4 zhi2 wu4 ping2 ding4 ping2 yi4 wei3 yuan2 hui4	dispute_resolution	待核查	TW	institution	司法行政廳		tw-judicial:311	tw-judicial-b04599916e741a0d700f	OGDL-Taiwan-1.0	source_attributed			
司法院释字解释	司法院釋字解釋	J.Y. Interpretation	si1 fa3 yuan4 shi4 zi4 jie3 shi4	dispute_resolution	待核查	TW	unclassified	憲法法庭書記廳		tw-judicial:312	tw-judicial-185e63bccc79e35b620e	OGDL-Taiwan-1.0	source_attributed			
司法风纪	司法風紀	Judicial Discipline	si1 fa3 feng1 ji4	unclassified	待核查	TW	unclassified	政風處		tw-judicial:297	tw-judicial-78e1afc130cb7618d6d6	OGDL-Taiwan-1.0	source_attributed			
司法风纪访查	司法風紀訪查	Visiting for Judicial Discipline	si1 fa3 feng1 ji4 fang3 cha2	unclassified	待核查	TW	unclassified	政風處		tw-judicial:298	tw-judicial-078df7fca07125333f21	OGDL-Taiwan-1.0	source_attributed			
合作事业奖励规则	合作事業獎勵規則	Regulations Governing Inspections, Appraisals, and Incentive Measures on Cooperatives	he2 zuo4 shi4 ye4 jiang3 li4 gui1 ze2	unclassified	待核查	TW	statute	憲法法庭書記廳		tw-judicial:470	tw-judicial-b7653e50f39039929546	OGDL-Taiwan-1.0	source_attributed			
合作社法	合作社法	Cooperatives Act	he2 zuo4 she4 fa3	unclassified	待核查	TW	statute	憲法法庭書記廳		tw-judicial:471	tw-judicial-f182b517448ed0c57455	OGDL-Taiwan-1.0	source_attributed			
合同	合同	contract	he2 tong2	core,contracts	CN	INTERNATIONAL	term	中华人民共和国民法典（2020）	婚姻、收养、监护等身份关系协议优先适用有关身份关系的法律规定。	oll-cn-core:cn-contract	cn-contract	CC-BY-4.0	project_authored	民事主体之间设立、变更或者终止民事法律关系的协议。	项目释译，非官方译文；这是中国民法典的合同概念；英文合同制度要件不可直接移植。	中华人民共和国民法典（2020） 第464条 https://www.court.gov.cn/zixun/xiangqing/233181.html
合宪	合憲	constitutionality	he2 xian4	unclassified	待核查	TW	unclassified	憲法法庭書記廳		tw-judicial:477	tw-judicial-57f227bd394264121996	OGDL-Taiwan-1.0	source_attributed			
合并	合併	merger	he2 bing4	intellectual_property	待核查	TW	unclassified	A13070000G		tw-tipo-trademark:359	tw-tipo-trademark-aee9941e3d9905950158	OGDL-Taiwan-1.0	source_attributed			
合并申报	合併申報	joint tax return	he2 bing4 shen1 bao4	m_and_a	待核查	TW	unclassified	憲法法庭書記廳		tw-judicial:472	tw-judicial-fd64d417f38c7146f88c	OGDL-Taiwan-1.0	source_attributed			
合格实授	合格實授	Qualification of Appointment Verified	he2 ge2 shi2 shou4	unclassified	待核查	TW	unclassified	人事處		tw-judicial:474	tw-judicial-eaa1557e919d6a9af06b	OGDL-Taiwan-1.0	source_attributed			
合格的	合格的	eligible	he2 ge2 de5	intellectual_property	待核查	TW	unclassified	A13070000G		tw-tipo-trademark:178	tw-tipo-trademark-772aa6ea03323ab6b405	OGDL-Taiwan-1.0	source_attributed			
合法建物	合法建物	legitimate building	he2 fa3 jian4 wu4	unclassified	待核查	TW	unclassified	憲法法庭書記廳		tw-judicial:473	tw-judicial-4ba0c1f78d91e498e384	OGDL-Taiwan-1.0	source_attributed			
合法的、有效的	合法的、有效的	valid		intellectual_property	待核查	TW	unclassified	A13070000G		tw-tipo-trademark:597	tw-tipo-trademark-a8d132d07a24576e4422	OGDL-Taiwan-1.0	source_attributed			
合理使用	合理使用	permitted use under statutory copyright limitations	he2 li3 shi3 yong4	intellectual_property	CN	INTERNATIONAL	term	中华人民共和国著作权法（2020修正）	仍须署名、指明作品，并不得影响正常使用或不合理损害权利人合法权益；课堂用途有专门范围限制。	oll-cn-core:cn-permitted-use	cn-permitted-use	CC-BY-4.0	project_authored	在法律列举情形及限制条件下，可以不经许可且不付报酬使用作品的制度。	项目释译，非官方译文；本译法突出法定列举限制，不直接等同美国 fair use 的开放式判断。	中华人民共和国著作权法（2020修正） 第24条 https://www.ncac.gov.cn/xxfb/flfg/flfg_532/202103/t20210309_50530.html
合理确信	合理確信	reasonable assurance	he2 li3 que4 xin4	unclassified	待核查	TW	unclassified	憲法法庭書記廳		tw-judicial:476	tw-judicial-a101159412d4cd531468	OGDL-Taiwan-1.0	source_attributed			
合理补偿	合理補償	fair compensation	he2 li3 bu3 chang2	unclassified	待核查	TW	unclassified	憲法法庭書記廳		tw-judicial:475	tw-judicial-023021e0fbaad40962e5	OGDL-Taiwan-1.0	source_attributed			
合目的性	合目的性	purpose-specific	he2 mu4 di4 xing4	unclassified	待核查	TW	unclassified	憲法法庭書記廳		tw-judicial:469	tw-judicial-e9d62501d567a7e3d3d9	OGDL-Taiwan-1.0	source_attributed			
吊销驾驶执照	吊銷駕駛執照	suspend the driver's license	diao4 xiao1 jia4 shi3 zhi2 zhao4	unclassified	待核查	TW	unclassified	憲法法庭書記廳		tw-judicial:468	tw-judicial-6c780ceb38ff69aed805	OGDL-Taiwan-1.0	source_attributed			
同一来源	同一來源	common source	tong2 yi1 lai2 yuan2	intellectual_property	待核查	TW	unclassified	A13070000G		tw-tipo-trademark:93	tw-tipo-trademark-753de4750649e2784b14	OGDL-Taiwan-1.0	source_attributed			
同一的、完全相同的	同一的、完全相同的	identical		intellectual_property	待核查	TW	unclassified	A13070000G		tw-tipo-trademark:277	tw-tipo-trademark-f57fee2811306b73882e	OGDL-Taiwan-1.0	source_attributed			
同居	同居	cohabitation	tong2 ju1	unclassified	待核查	TW	unclassified	憲法法庭書記廳		tw-judicial:466	tw-judicial-35dcaf3f1cd42c2152d7	OGDL-Taiwan-1.0	source_attributed			
同居义务	同居義務	marital obligation to cohabitation	tong2 ju1 yi4 wu4	unclassified	待核查	TW	unclassified	憲法法庭書記廳		tw-judicial:467	tw-judicial-59dcaec91b17994fc8c4	OGDL-Taiwan-1.0	source_attributed			
同意、授与	同意、授與	grant		intellectual_property	待核查	TW	unclassified	A13070000G		tw-tipo-trademark:265	tw-tipo-trademark-c1fc2387e1bd002f93a1	OGDL-Taiwan-1.0	source_attributed			
同意通知书	同意通知書	Notice of Allowance	tong2 yi4 tong1 zhi1 shu1	intellectual_property	待核查	TW	document	A13070000G		tw-tipo-trademark:375	tw-tipo-trademark-af57b2465a7150c80b16	OGDL-Taiwan-1.0	source_attributed			
同音	同音	phonetic equivalent	tong2 yin1	intellectual_property	待核查	TW	unclassified	A13070000G		tw-tipo-trademark:411	tw-tipo-trademark-2dcf8b6a1f42d9bb7bd1	OGDL-Taiwan-1.0	source_attributed			
名誉、名声	名譽、名聲	reputation		intellectual_property	待核查	TW	unclassified	A13070000G		tw-tipo-trademark:493	tw-tipo-trademark-41bb05eb9df3fb1bd34b	OGDL-Taiwan-1.0	source_attributed			
名誉、声誉	名譽、聲譽	fame		intellectual_property	待核查	TW	unclassified	A13070000G		tw-tipo-trademark:213	tw-tipo-trademark-3f3d8ca1b5b02c45ed14	OGDL-Taiwan-1.0	source_attributed			
名誉权	名譽權	right to reputation	ming2 yu4 quan2	civil	CN	INTERNATIONAL	term	中华人民共和国民法典（2020）	侮辱、诽谤等方式不得侵害名誉权；名誉与自然人的私人生活隐私是不同保护对象。	oll-cn-core:cn-reputation-right	cn-reputation-right	CC-BY-4.0	project_authored	民事主体就其品德、声望、才能、信用等社会评价所享有的民事权利。	项目释译，非官方译文；不限于商业商誉 goodwill。	中华人民共和国民法典（2020） 第1024条 https://www.court.gov.cn/zixun/xiangqing/233181.html
后备军人	後備軍人	military reserve personnel	hou4 bei4 jun1 ren2	unclassified	待核查	TW	unclassified	憲法法庭書記廳		tw-judicial:901	tw-judicial-6d220158779a5d38f596	OGDL-Taiwan-1.0	source_attributed			
后备军人转任公职时并计军中服役之年资	後備軍人轉任公職時併計軍中服役之年資	military reserve personnel combination of creditable service	hou4 bei4 jun1 ren2 zhuan3 ren4 gong1 zhi2 shi2 bing4 ji4 jun1 zhong1 fu2 yi4 zhi1 nian2 zi1	unclassified	待核查	TW	unclassified	憲法法庭書記廳		tw-judicial:904	tw-judicial-f22ed3fd6f28736f07ac	OGDL-Taiwan-1.0	source_attributed			
后备军人转任公职考试比叙条例	後備軍人轉任公職考試比敘條例	Act Governing the Replacement Test of the Reserve Military Personnel for Civil Positions	hou4 bei4 jun1 ren2 zhuan3 ren4 gong1 zhi2 kao3 shi4 bi3 xu4 tiao2 li4	unclassified	待核查	TW	statute	憲法法庭書記廳		tw-judicial:902	tw-judicial-f3ad795d34c976b08e07	OGDL-Taiwan-1.0	source_attributed			
后备军人转任公职考试比叙条例施行细则	後備軍人轉任公職考試比敘條例施行細則	Enforcement Rules of Act Governing the Replacement Test of the Reserve Military Personnel for Civil Positions	hou4 bei4 jun1 ren2 zhuan3 ren4 gong1 zhi2 kao3 shi4 bi3 xu4 tiao2 li4 shi1 xing2 xi4 ze2	unclassified	待核查	TW	statute	憲法法庭書記廳		tw-judicial:903	tw-judicial-296608e677c4fa279a5c	OGDL-Taiwan-1.0	source_attributed			
后婚姻	後婚姻	subsequent marriage	hou4 hun1 yin1	family	待核查	TW	unclassified	憲法法庭書記廳		tw-judicial:900	tw-judicial-06d038826db1d35bd394	OGDL-Taiwan-1.0	source_attributed			
后注册	後註冊	Post Registration	hou4 zhu4 ce4	intellectual_property	待核查	TW	unclassified	A13070000G		tw-tipo-trademark:417	tw-tipo-trademark-21e02b154dc23b4a1de7	OGDL-Taiwan-1.0	source_attributed			
否定(陈述等) 、反驳	否定(陳述等) 、反駁	contradict		intellectual_property	待核查	TW	unclassified	A13070000G		tw-tipo-trademark:115	tw-tipo-trademark-f4f2153d5d87e4c08e3e	OGDL-Taiwan-1.0	source_attributed			
否定、,拒绝	否定、,拒絕	deny		intellectual_property	待核查	TW	unclassified	A13070000G		tw-tipo-trademark:140	tw-tipo-trademark-ea1d3729336141af237b	OGDL-Taiwan-1.0	source_attributed			
听证	聽證	hearing	ting1 zheng4	intellectual_property	待核查	TW	unclassified	A13070000G		tw-tipo-trademark:271	tw-tipo-trademark-8fd7f22e7ae4eaee0401	OGDL-Taiwan-1.0	source_attributed			
告发人	告發人	informer	gao4 fa1 ren2	unclassified	待核查	TW	unclassified	憲法法庭書記廳		tw-judicial:627	tw-judicial-7d7acd70d9737b9141ec	OGDL-Taiwan-1.0	source_attributed			
告诉不合法	告訴不合法	unlawful complaint	gao4 su4 bu4 he2 fa3	unclassified	待核查	TW	statute	憲法法庭書記廳		tw-judicial:629	tw-judicial-52efcb93e3e4e9b3ad7e	OGDL-Taiwan-1.0	source_attributed			
告诉乃论	告訴乃論	indictable only upon complaint; private cause of action	gao4 su4 nai3 lun4	unclassified	待核查	TW	unclassified	憲法法庭書記廳		tw-judicial:628	tw-judicial-593e65034531a17250ab	OGDL-Taiwan-1.0	source_attributed			
告诉期间	告訴期間	statute of limitation for bringing criminal complaint	gao4 su4 qi1 jian1	unclassified	待核查	TW	unclassified	憲法法庭書記廳		tw-judicial:630	tw-judicial-d3df406416407d572f72	OGDL-Taiwan-1.0	source_attributed			
员工活动中心	員工活動中心	Employees Activity Center	yuan2 gong1 huo2 dong4 zhong1 xin1	unclassified	待核查	TW	unclassified	司法行政廳		tw-judicial:993	tw-judicial-2cc47ff8449e9fb72e00	OGDL-Taiwan-1.0	source_attributed			
员工消费合作社	員工消費合作社	Convenience Shop	yuan2 gong1 xiao1 fei4 he2 zuo4 she4	unclassified	待核查	TW	unclassified	司法行政廳		tw-judicial:994	tw-judicial-fa4551db319d0a81a6bb	OGDL-Taiwan-1.0	source_attributed			
命令退休	命令退休	involuntary retirement	ming4 ling4 tui4 xiu1	unclassified	待核查	TW	unclassified	憲法法庭書記廳		tw-judicial:712	tw-judicial-820bfdb7b932eb84659a	OGDL-Taiwan-1.0	source_attributed			
命提供担保	命提供擔保	demanding security	ming4 ti2 gong1 dan1 bao3	unclassified	待核查	TW	unclassified	憲法法庭書記廳		tw-judicial:713	tw-judicial-ab600bb0b05fec8c3e04	OGDL-Taiwan-1.0	source_attributed			
和解	和解	settlement	he2 jie3	unclassified	待核查	TW	unclassified	憲法法庭書記廳		tw-judicial:711	tw-judicial-1f527e682ea5dc133fdb	OGDL-Taiwan-1.0	source_attributed			
咨商室（执行少年保护管束）	諮商室（執行少年保護管束）	Counseling Room		family	待核查	TW	unclassified	司法行政廳		tw-judicial:1921	tw-judicial-1e76970c16792a4653df	OGDL-Taiwan-1.0	source_attributed			
品质保证	品質保證	quality assurance	pin3 zhi4 bao3 zheng4	intellectual_property	待核查	TW	unclassified	A13070000G		tw-tipo-trademark:459	tw-tipo-trademark-74ce1e061a140c002d99	OGDL-Taiwan-1.0	source_attributed			
哺乳室	哺乳室	Nursery Room	bu3 ru3 shi4	unclassified	待核查	TW	unclassified	司法行政廳		tw-judicial:992	tw-judicial-aa040a63b926e3e3feaf	OGDL-Taiwan-1.0	source_attributed			
售状	售狀	Judicial Pleading Forms	shou4 zhuang4	unclassified	待核查	TW	unclassified	司法行政廳		tw-judicial:1179	tw-judicial-b50fb49ff113985cc473	OGDL-Taiwan-1.0	source_attributed			
唯一死刑	唯一死刑	mandatory death penalty	wei2 yi1 si3 xing2	criminal	待核查	TW	unclassified	憲法法庭書記廳		tw-judicial:1178	tw-judicial-f09e5aec4eed1b6e2756	OGDL-Taiwan-1.0	source_attributed			
商业	商業	commerce	shang1 ye4	intellectual_property	待核查	TW	unclassified	A13070000G		tw-tipo-trademark:86	tw-tipo-trademark-13bbd2cc3c4b3711be22	OGDL-Taiwan-1.0	source_attributed			
商业上	商業上	in commerce	shang1 ye4 shang4	intellectual_property	待核查	TW	unclassified	A13070000G		tw-tipo-trademark:87	tw-tipo-trademark-48dfd8256b42784a0817	OGDL-Taiwan-1.0	source_attributed			
商业会计事务	商業會計事務	business accounting matters	shang1 ye4 kuai4 ji4 shi4 wu4	unclassified	待核查	TW	unclassified	憲法法庭書記廳		tw-judicial:1169	tw-judicial-bc09708ec38d65e456fe	OGDL-Taiwan-1.0	source_attributed			
商业会计法	商業會計法	Business Entity Accounting Act	shang1 ye4 kuai4 ji4 fa3	unclassified	待核查	TW	statute	憲法法庭書記廳		tw-judicial:1170	tw-judicial-16f8797816c89ef58871	OGDL-Taiwan-1.0	source_attributed			
商业会计记帐人	商業會計記帳人	business accounting bookkeeper	shang1 ye4 kuai4 ji4 ji4 zhang4 ren2	unclassified	待核查	TW	unclassified	憲法法庭書記廳		tw-judicial:1171	tw-judicial-1bd93f22bc34391fe261	OGDL-Taiwan-1.0	source_attributed			
商业使用声明	商業使用聲明	Assertions of Use in Commerce	shang1 ye4 shi3 yong4 sheng1 ming2	intellectual_property	待核查	TW	unclassified	A13070000G		tw-tipo-trademark:40	tw-tipo-trademark-9221f1af85770e0b9634	OGDL-Taiwan-1.0	source_attributed			
商业印象	商業印象	commercial impression	shang1 ye4 yin4 xiang4	intellectual_property	待核查	TW	unclassified	A13070000G		tw-tipo-trademark:290	tw-tipo-trademark-9d9ba5aa9e06bf973b3e	OGDL-Taiwan-1.0	source_attributed			
商业条款	商業條款	commerce clause	shang1 ye4 tiao2 kuan3	intellectual_property	待核查	TW	unclassified	A13070000G		tw-tipo-trademark:88	tw-tipo-trademark-b15d5823265706a1be78	OGDL-Taiwan-1.0	source_attributed			
商业的印象	商業的印象	commercial impression	shang1 ye4 de5 yin4 xiang4	intellectual_property	待核查	TW	unclassified	A13070000G		tw-tipo-trademark:89	tw-tipo-trademark-7e2afcefca151d9d52fb	OGDL-Taiwan-1.0	source_attributed			
商业言论	商業言論	commercial speech	shang1 ye4 yan2 lun4	unclassified	待核查	TW	unclassified	憲法法庭書記廳		tw-judicial:1168	tw-judicial-57a9b3e4c734f714e617	OGDL-Taiwan-1.0	source_attributed			
商业调查官	商業調查官	Commercial Investigation Officer	shang1 ye4 diao4 cha2 guan1	unclassified	待核查	TW	unclassified	資訊處		tw-judicial:1172	tw-judicial-ff55a9d7cfd58f8ac8ef	OGDL-Taiwan-1.0	source_attributed			
商号、商行、公司	商號、商行、公司	firms		intellectual_property	待核查	TW	unclassified	A13070000G		tw-tipo-trademark:227	tw-tipo-trademark-ee4ee17c98d6ca8b0e30	OGDL-Taiwan-1.0	source_attributed			
商品及服务之认定	商品及服務之認定	identification of goods or services	shang1 pin3 ji2 fu2 wu4 zhi1 ren4 ding4	intellectual_property	待核查	TW	unclassified	A13070000G		tw-tipo-trademark:279	tw-tipo-trademark-14d44a6191cc8e3fbbfa	OGDL-Taiwan-1.0	source_attributed			
商品商标	商品商標	product mark	shang1 pin3 shang1 biao1	intellectual_property	待核查	TW	unclassified	A13070000G		tw-tipo-trademark:442	tw-tipo-trademark-048a868c5775939c0c73	OGDL-Taiwan-1.0	source_attributed			
商品归类	商品歸類	tariff classification of goods	shang1 pin3 gui1 lei4	tax,trade	CN	INTERNATIONAL	action	中华人民共和国关税法（2024）	第九条明确商品归类所依据的规则体系；第三十一条规定海关可以依申请或者依职权依法确定商品归类。	oll-cn-tax-trade:cn-customs-classification	cn-customs-classification	CC-BY-4.0	project_authored	依据《税则》的目录条文、归类总规则及相关注释，将进出口货物确定归入相应税则号列的过程。	项目释译，非官方译文；tariff classification of goods 强调海关税则语境下的商品归类。	中华人民共和国关税法（2024） 第9,31条 https://fgk.chinatax.gov.cn/zcfgk/c100009/c5234556/content.html
商品标示法	商品標示法	Commodity Labelling Act	shang1 pin3 biao1 shi4 fa3	unclassified	待核查	TW	statute	憲法法庭書記廳		tw-judicial:1165	tw-judicial-9628c90b7fb0289b241d	OGDL-Taiwan-1.0	source_attributed			
商品检验法	商品檢驗法	The Commodity Inspection Act	shang1 pin3 jian3 yan4 fa3	unclassified	待核查	TW	statute	憲法法庭書記廳		tw-judicial:1166	tw-judicial-dcfeaf27e76b7530478a	OGDL-Taiwan-1.0	source_attributed			
商标	商標	trademark	shang1 biao1	intellectual_property	待核查	TW	unclassified	憲法法庭書記廳		tw-judicial:1173	tw-judicial-bc450cf18fe07b7f7e19	OGDL-Taiwan-1.0	source_attributed			
商标专用权	商標專用權	right to the exclusive use of trademark	shang1 biao1 zhuan1 yong4 quan2	intellectual_property	待核查	TW	unclassified	憲法法庭書記廳		tw-judicial:1177	tw-judicial-77ebb0c4b9a71f98a360	OGDL-Taiwan-1.0	source_attributed			
商标之读音、外观和观念	商標之讀音、外觀和觀念	the sound, appearance and meaning of a mark		intellectual_property	待核查	TW	unclassified	A13070000G		tw-tipo-trademark:30 | tw-tipo-trademark:356	tw-tipo-trademark-c5b5c7e841d0be03e2cb	OGDL-Taiwan-1.0	source_attributed			
商标代理人	商標代理人	trademark attorney	shang1 biao1 dai4 li3 ren2	intellectual_property	待核查	TW	unclassified	A13070000G		tw-tipo-trademark:565	tw-tipo-trademark-761d18b109d4dcfebd8d	OGDL-Taiwan-1.0	source_attributed			
商标修正案，指1988蓝能法案之修正	商標修正案，指1988藍能法案之修正	Trademark Law Revision Act		intellectual_property	待核查	TW	unclassified	A13070000G		tw-tipo-trademark:566	tw-tipo-trademark-64981d0d2afb5928c89b	OGDL-Taiwan-1.0	source_attributed			
商标公报	商標公報	Trademark Official Gazette	shang1 biao1 gong1 bao4	intellectual_property	待核查	TW	unclassified	A13070000G		tw-tipo-trademark:379 | tw-tipo-trademark:568	tw-tipo-trademark-23be387ab05666a7d0b8	OGDL-Taiwan-1.0	source_attributed			
商标图样	商標圖樣	drawing of the mark	shang1 biao1 tu2 yang4	intellectual_property	待核查	TW	unclassified	A13070000G		tw-tipo-trademark:170	tw-tipo-trademark-2fcbdac4e4fc16fa52b2	OGDL-Taiwan-1.0	source_attributed			
商标图样之标首	商標圖樣之標首	drawing heading	shang1 biao1 tu2 yang4 zhi1 biao1 shou3	intellectual_property	待核查	TW	unclassified	A13070000G		tw-tipo-trademark:169	tw-tipo-trademark-7f3735cac006bb03bf19	OGDL-Taiwan-1.0	source_attributed			
商标实际使用于商业上	商標實際使用於商業上	actual use of a mark in commerce	shang1 biao1 shi2 ji4 shi3 yong4 yu2 shang1 ye4 shang4	intellectual_property	待核查	TW	unclassified	A13070000G		tw-tipo-trademark:12	tw-tipo-trademark-a0170c9fc2df90c6205b	OGDL-Taiwan-1.0	source_attributed			
商标审查程序手册	商標審查程序手冊	TMEP	shang1 biao1 shen3 cha2 cheng2 xu4 shou3 ce4	intellectual_property	待核查	TW	abbreviation	A13070000G		tw-tipo-trademark:559	tw-tipo-trademark-be34a79dfd6005ec2f64	OGDL-Taiwan-1.0	source_attributed			
商标审查程序手册	商標審查程序手冊	Trademark Manual of Examining Procedure	shang1 biao1 shen3 cha2 cheng2 xu4 shou3 ce4	intellectual_property	待核查	TW	unclassified	A13070000G		tw-tipo-trademark:560	tw-tipo-trademark-f614fa5062e9972578df	OGDL-Taiwan-1.0	source_attributed			
商标局	商標局	Trademark Bureau	shang1 biao1 ju2	intellectual_property	待核查	TW	unclassified	憲法法庭書記廳		tw-judicial:1174	tw-judicial-bd1800cfcdee2ca02700	OGDL-Taiwan-1.0	source_attributed			
商标应整体观察，不可割裂审查	商標應整體觀察，不可割裂審查	Mark cannot be dissected and must be considered in its entirety		intellectual_property	待核查	TW	unclassified	A13070000G		tw-tipo-trademark:159	tw-tipo-trademark-26ea5380325a1fe0d533	OGDL-Taiwan-1.0	source_attributed			
商标本质	商標本質	identity of the trade mark	shang1 biao1 ben3 zhi4	intellectual_property	待核查	TW	unclassified	A13070000G		tw-tipo-trademark:281	tw-tipo-trademark-f064c87935ef9979e83e	OGDL-Taiwan-1.0	source_attributed			
商标条约执行法	商標條約執行法	Trademark Treaty Implementation Act	shang1 biao1 tiao2 yue1 zhi2 xing2 fa3	intellectual_property	待核查	TW	statute	A13070000G		tw-tipo-trademark:569	tw-tipo-trademark-fc4167678ac786a85c29	OGDL-Taiwan-1.0	source_attributed			
商标法	商標法	Trademark Act	shang1 biao1 fa3	intellectual_property	待核查	TW	unclassified	憲法法庭書記廳		tw-judicial:1175	tw-judicial-6d942cb4223d4e410fcf	OGDL-Taiwan-1.0	source_attributed			
商标法	商標法	Trademark Act	shang1 biao1 fa3	intellectual_property	待核查	TW	unclassified	A13070000G		tw-tipo-trademark:564	tw-tipo-trademark-ed450a9de4168c34143a	OGDL-Taiwan-1.0	source_attributed			
商标法施行细则	商標法施行細則	Enforcement Rules of the Trademark Act	shang1 biao1 fa3 shi1 xing2 xi4 ze2	intellectual_property	待核查	TW	statute	憲法法庭書記廳		tw-judicial:1176	tw-judicial-d69da6c9fcf41d9d40e2	OGDL-Taiwan-1.0	source_attributed			
商标法条约	商標法條約	Trademark Law Treaty (TLT)	shang1 biao1 fa3 tiao2 yue1	intellectual_property	待核查	TW	unclassified	A13070000G		tw-tipo-trademark:567	tw-tipo-trademark-97bea0c8c855a910b224	OGDL-Taiwan-1.0	source_attributed			
商标注册	商標註冊	trademark registration	shang1 biao1 zhu4 ce4	intellectual_property	待核查	TW	unclassified	A13070000G		tw-tipo-trademark:477	tw-tipo-trademark-4e028f2f6d41d3ccd481	OGDL-Taiwan-1.0	source_attributed			
商标注册之废除、撤销(英国及少数英国法系国家使用)	商標註冊之廢除、撤銷(英國及少數英國法係國家使用)	rectify		intellectual_property	待核查	TW	unclassified	A13070000G		tw-tipo-trademark:468	tw-tipo-trademark-26ffa50a62970ce79374	OGDL-Taiwan-1.0	source_attributed			
商标注册之延展	商標註冊之延展	renewals of trademark registrations	shang1 biao1 zhu4 ce4 zhi1 yan2 zhan3	intellectual_property	待核查	TW	unclassified	A13070000G		tw-tipo-trademark:489	tw-tipo-trademark-dcff07d4dd045ccf9f1f	OGDL-Taiwan-1.0	source_attributed			
商标的抛弃	商標的拋棄	abandonment of a trademark	shang1 biao1 di4 pao1 qi4	intellectual_property	待核查	TW	unclassified	A13070000G		tw-tipo-trademark:4	tw-tipo-trademark-d5816a6ee98b0297e911	OGDL-Taiwan-1.0	source_attributed			
商标诉愿暨上诉委员会	商標訴願暨上訴委員會	Trademark Trial and Appeal Board	shang1 biao1 su4 yuan4 ji4 shang4 su4 wei3 yuan2 hui4	intellectual_property	待核查	TW	institution	A13070000G		tw-tipo-trademark:573	tw-tipo-trademark-94dc507f1a10a34d1b21	OGDL-Taiwan-1.0	source_attributed			
商标诉愿暨上诉委员会	商標訴願暨上訴委員會	TTAB	shang1 biao1 su4 yuan4 ji4 shang4 su4 wei3 yuan2 hui4	intellectual_property	待核查	TW	abbreviation	A13070000G		tw-tipo-trademark:572	tw-tipo-trademark-cefc3ace431a2e148856	OGDL-Taiwan-1.0	source_attributed			
商港法	商港法	The Commercial Port Law	shang1 gang3 fa3	unclassified	待核查	TW	unclassified	憲法法庭書記廳		tw-judicial:1167	tw-judicial-a15c41b03a7657985ba1	OGDL-Taiwan-1.0	source_attributed			
善意受让人	善意受讓人	bona fide assignee	shan4 yi4 shou4 rang4 ren2	unclassified	待核查	TW	unclassified	憲法法庭書記廳		tw-judicial:1471	tw-judicial-eb60ff088188879ef7fd	OGDL-Taiwan-1.0	source_attributed			
善意意图使用商标于商业上	善意意圖使用商標於商業上	bona fide intent to use a mark in commerce	shan4 yi4 yi4 tu2 shi3 yong4 shang1 biao1 yu2 shang1 ye4 shang4	intellectual_property	待核查	TW	unclassified	A13070000G		tw-tipo-trademark:53	tw-tipo-trademark-5eedb918648326a6babd	OGDL-Taiwan-1.0	source_attributed			
善意的	善意的	bona fide	shan4 yi4 de5	intellectual_property	待核查	TW	unclassified	A13070000G		tw-tipo-trademark:52	tw-tipo-trademark-c58dc661d3cfe4921f2f	OGDL-Taiwan-1.0	source_attributed			
善意第三人	善意第三人	bona fides third party	shan4 yi4 di4 san1 ren2	unclassified	待核查	TW	unclassified	憲法法庭書記廳		tw-judicial:1472	tw-judicial-6b8473d2e3833aae1b7f	OGDL-Taiwan-1.0	source_attributed			
善意诚实	善意誠實	good faith	shan4 yi4 cheng2 shi2	unclassified	待核查	TW	unclassified	憲法法庭書記廳		tw-judicial:1473	tw-judicial-cad34b4c5073fcf0eed1	OGDL-Taiwan-1.0	source_attributed			
嗅觉的	嗅覺的	olfactory	xiu4 jue2 de5	intellectual_property	待核查	TW	unclassified	A13070000G		tw-tipo-trademark:382	tw-tipo-trademark-17c761537ca416e071ff	OGDL-Taiwan-1.0	source_attributed			
回复原状及损害赔偿	回復原狀及損害賠償	rehabilitation and compensation	hui2 fu4 yuan2 zhuang4 ji2 sun3 hai4 pei2 chang2	unclassified	待核查	TW	unclassified	憲法法庭書記廳		tw-judicial:478	tw-judicial-cb6462ed248660781997	OGDL-Taiwan-1.0	source_attributed			
回复请求权	回復請求權	right to repossession	hui2 fu4 qing3 qiu2 quan2	unclassified	待核查	TW	unclassified	憲法法庭書記廳		tw-judicial:479	tw-judicial-9a26b40aef7fafde0312	OGDL-Taiwan-1.0	source_attributed			
回避	迴避	recusal	hui2 bi4	administrative	CN	INTERNATIONAL	term	中华人民共和国行政处罚法（2021修订）	当事人可以申请执法人员回避；申请提出后由行政机关依法审查，在决定作出前调查原则上不停止。	oll-cn-admin-labor:cn-admin-recusal	cn-admin-recusal	CC-BY-4.0	project_authored	行政处罚案件中，执法人员因与案件存在直接利害关系或其他可能影响公正执法的关系而退出案件办理的制度。	项目释译，非官方译文；recusal 在此特指行政执法人员回避，不自动涵盖司法回避的全部规则。	中华人民共和国行政处罚法（2021修订） 第43条 https://fgk.chinatax.gov.cn/zcfgk/c100009/c5211778/content.html
团体协约法	團體協約法	Collective Agreement Act	tuan2 ti3 xie2 yue1 fa3	unclassified	待核查	TW	statute	憲法法庭書記廳		tw-judicial:1637	tw-judicial-14a0dc4598ebce1c1ed2	OGDL-Taiwan-1.0	source_attributed			
团体商标	團體商標	collective trademark	tuan2 ti3 shang1 biao1	intellectual_property	待核查	TW	unclassified	A13070000G		tw-tipo-trademark:84	tw-tipo-trademark-a3e92907edaadefa995f	OGDL-Taiwan-1.0	source_attributed			
团体标章	團體標章	collective mark	tuan2 ti3 biao1 zhang1	intellectual_property	待核查	TW	unclassified	A13070000G		tw-tipo-trademark:82	tw-tipo-trademark-148bdd3f66405fb61735	OGDL-Taiwan-1.0	source_attributed			
团体标章系指由合作机构、社团或其他集合团体或组织之成员所使用之商标或服务标章。	團體標章係指由合作機構、社團或其他集合團體或組織之成員所使用之商標或服務標章。	A collective mark is a mark used by the members of a cooperative, an Association of other collective group or organization.		intellectual_property	待核查	TW	unclassified	A13070000G		tw-tipo-trademark:83	tw-tipo-trademark-68d71fa14ec2775c33bf	OGDL-Taiwan-1.0	source_attributed			
固定期限劳动合同	固定期限勞動合同	fixed-term employment contract	gu4 ding4 qi1 xian4 lao2 dong4 he2 tong2	employment	CN	INTERNATIONAL	term	中华人民共和国劳动合同法（2012修正）	固定期限合同可以经双方协商一致订立；“固定期限”强调合同有约定的终止时间。	oll-cn-admin-labor:cn-labor-fixed-term-contract	cn-labor-fixed-term-contract	CC-BY-4.0	project_authored	用人单位与劳动者约定明确合同终止时间的劳动合同。	项目释译，非官方译文；fixed-term employment contract 是本项目统一译法。	中华人民共和国劳动合同法（2012修正） 第13条 https://fgk.chinatax.gov.cn/zcfgk/c100009/c5193025/content.html
固定的	固定的	litmus	gu4 ding4 de5	intellectual_property	待核查	TW	unclassified	A13070000G		tw-tipo-trademark:346	tw-tipo-trademark-5b2e3825451d6ebcb0f3	OGDL-Taiwan-1.0	source_attributed			
固定规则	固定規則	litmus rule	gu4 ding4 gui1 ze2	intellectual_property	待核查	TW	statute	A13070000G		tw-tipo-trademark:347	tw-tipo-trademark-3f5306f74f4fea3f68fa	OGDL-Taiwan-1.0	source_attributed			
国会	國會	congress; parliament	guo2 hui4	unclassified	待核查	TW	unclassified	憲法法庭書記廳		tw-judicial:1219	tw-judicial-12af8ba64383ca442f70	OGDL-Taiwan-1.0	source_attributed			
国会参与决策权	國會參與決策權	parliamentary power of decision-making participation	guo2 hui4 can1 yu4 jue2 ce4 quan2	unclassified	待核查	TW	unclassified	憲法法庭書記廳		tw-judicial:1221	tw-judicial-baad5b91b8c7a5e0989d	OGDL-Taiwan-1.0	source_attributed			
国会自治	國會自治	parliamentary autonomy	guo2 hui4 zi4 zhi4	unclassified	待核查	TW	unclassified	憲法法庭書記廳		tw-judicial:1220	tw-judicial-0a30c815ef971e7ea158	OGDL-Taiwan-1.0	source_attributed			
国军军事勤务致人民伤亡损害补偿条例	國軍軍事勤務致人民傷亡損害補償條例	Regulations on Compensation for Civilian Casualties Or Damages Caused by Military Activities	guo2 jun1 jun1 shi4 qin2 wu4 zhi4 ren2 min2 shang1 wang2 sun3 hai4 bu3 chang2 tiao2 li4	unclassified	待核查	TW	statute	憲法法庭書記廳		tw-judicial:1203	tw-judicial-28bf85b30bd057f98c09	OGDL-Taiwan-1.0	source_attributed			
国军老旧眷村改建条例	國軍老舊眷村改建條例	Act for Rebuilding Old Quarters for Military Dependents	guo2 jun1 lao3 jiu4 juan4 cun1 gai3 jian4 tiao2 li4	unclassified	待核查	TW	statute	憲法法庭書記廳		tw-judicial:1201	tw-judicial-b7dda2afbb1e74bfd066	OGDL-Taiwan-1.0	source_attributed			
国军老旧眷村改建条例施行细则	國軍老舊眷村改建條例施行細則	Enforcement Rules of the Act for Rebuilding Old Quarters for Military Dependents	guo2 jun1 lao3 jiu4 juan4 cun1 gai3 jian4 tiao2 li4 shi1 xing2 xi4 ze2	unclassified	待核查	TW	statute	憲法法庭書記廳		tw-judicial:1202	tw-judicial-e56c9468a473c1162a7a	OGDL-Taiwan-1.0	source_attributed			
国军退除役官兵就业安置办法	國軍退除役官兵就業安置辦法	Regulations on Compensation for Civilian Casualties Or Damages Caused by Military Activities	guo2 jun1 tui4 chu2 yi4 guan1 bing1 jiu4 ye4 an1 zhi4 ban4 fa3	unclassified	待核查	TW	statute	憲法法庭書記廳		tw-judicial:1204	tw-judicial-bc809cd43b30f731b7ca	OGDL-Taiwan-1.0	source_attributed			
国军退除役官兵辅导条例	國軍退除役官兵輔導條例	The ROC Veterans Assistance Act	guo2 jun1 tui4 chu2 yi4 guan1 bing1 fu3 dao3 tiao2 li4	unclassified	待核查	TW	statute	憲法法庭書記廳		tw-judicial:1205	tw-judicial-e7bf7081949c383f4ff2	OGDL-Taiwan-1.0	source_attributed			
国军退除役官兵辅导条例施行细则	國軍退除役官兵輔導條例施行細則	Enforcement Rules of The ROC Veterans Assistance Act	guo2 jun1 tui4 chu2 yi4 guan1 bing1 fu3 dao3 tiao2 li4 shi1 xing2 xi4 ze2	unclassified	待核查	TW	statute	憲法法庭書記廳		tw-judicial:1206	tw-judicial-097e012118869e1c1dbe	OGDL-Taiwan-1.0	source_attributed			
国外佣金	國外佣金	overseas commission	guo2 wai4 yong4 jin1	unclassified	待核查	TW	unclassified	憲法法庭書記廳		tw-judicial:1180	tw-judicial-ccc2bfac69c79c5c05ed	OGDL-Taiwan-1.0	source_attributed			
国家公园法	國家公園法	National Park Act	guo2 jia1 gong1 yuan2 fa3	unclassified	待核查	TW	statute	憲法法庭書記廳		tw-judicial:1207	tw-judicial-a36d406e30d558cb1188	OGDL-Taiwan-1.0	source_attributed			
国家安全	國家安全	national security	guo2 jia1 an1 quan2	unclassified	待核查	TW	unclassified	憲法法庭書記廳		tw-judicial:1208	tw-judicial-00bf993f439e562cc19a	OGDL-Taiwan-1.0	source_attributed			
国家安全会议组织法	國家安全會議組織法	Organic Act of National Security Council	guo2 jia1 an1 quan2 hui4 yi4 zu3 zhi1 fa3	unclassified	待核查	TW	statute	憲法法庭書記廳		tw-judicial:1210	tw-judicial-5066d5be7ea5a44acbc4	OGDL-Taiwan-1.0	source_attributed			
国家安全法	國家安全法	National Security Act	guo2 jia1 an1 quan2 fa3	unclassified	待核查	TW	statute	憲法法庭書記廳		tw-judicial:1209	tw-judicial-476fabba2eb974d89c4b	OGDL-Taiwan-1.0	source_attributed			
国家总动员法	國家總動員法	National General Mobilization Act	guo2 jia1 zong3 dong4 yuan2 fa3	unclassified	待核查	TW	statute	憲法法庭書記廳		tw-judicial:1215	tw-judicial-0ec7aa7daba950657cd3	OGDL-Taiwan-1.0	source_attributed			
国家机密保护法	國家機密保護法	The Classified National Security Information Protection Act	guo2 jia1 ji1 mi4 bao3 hu4 fa3	unclassified	待核查	TW	statute	政風處		tw-judicial:1213	tw-judicial-59f5c06a77a957a29d00	OGDL-Taiwan-1.0	source_attributed			
国家档案移转办法	國家檔案移轉辦法	The Regulations for Transfer of National Archives	guo2 jia1 dang4 an4 yi2 zhuan3 ban4 fa3	unclassified	待核查	TW	statute	憲法法庭書記廳		tw-judicial:1214	tw-judicial-1f49dd3e0019c4d8e1ac	OGDL-Taiwan-1.0	source_attributed			
国家赔偿	國家賠償	State Compensation	guo2 jia1 pei2 chang2	administrative	待核查	TW	unclassified	憲法法庭書記廳		tw-judicial:1211	tw-judicial-227d52e1e882d1606535	OGDL-Taiwan-1.0	source_attributed			
国家赔偿法	國家賠償法	State Compensation Law	guo2 jia1 pei2 chang2 fa3	administrative	待核查	TW	statute	憲法法庭書記廳		tw-judicial:1212	tw-judicial-c95bf988043d75124939	OGDL-Taiwan-1.0	source_attributed			
国币	國幣	national currency	guo2 bi4	unclassified	待核查	TW	unclassified	憲法法庭書記廳		tw-judicial:1222	tw-judicial-a932cc7c6b76c848f282	OGDL-Taiwan-1.0	source_attributed			
国库	國庫	National Treasury	guo2 ku4	unclassified	待核查	TW	unclassified	憲法法庭書記廳		tw-judicial:1216	tw-judicial-346ba588f494075b07f3	OGDL-Taiwan-1.0	source_attributed			
国库债券	國庫債券	treasure bond	guo2 ku4 zhai4 quan4	finance	待核查	TW	unclassified	憲法法庭書記廳		tw-judicial:1218	tw-judicial-68d243ad9d72badf477d	OGDL-Taiwan-1.0	source_attributed			
国库券及短期借款条例	國庫券及短期借款條例	Treasury Bills and Short-Term Loans Act	guo2 ku4 quan4 ji2 duan3 qi1 jie4 kuan3 tiao2 li4	unclassified	待核查	TW	statute	憲法法庭書記廳		tw-judicial:1217	tw-judicial-6af9b5efbd55bf481fbd	OGDL-Taiwan-1.0	source_attributed			
国民、国家、民族	國民、國家、民族	nation		intellectual_property	待核查	TW	unclassified	A13070000G		tw-tipo-trademark:370	tw-tipo-trademark-b79c0c7a988619948c14	OGDL-Taiwan-1.0	source_attributed			
国民住宅	國民住宅	public housing	guo2 min2 zhu4 zhai2	unclassified	待核查	TW	unclassified	憲法法庭書記廳		tw-judicial:1186	tw-judicial-cad27767fb968a3dc188	OGDL-Taiwan-1.0	source_attributed			
国民体育法	國民體育法	National Sports Act	guo2 min2 ti3 yu4 fa3	unclassified	待核查	TW	statute	憲法法庭書記廳		tw-judicial:1189	tw-judicial-fb9e6809569330596f8c	OGDL-Taiwan-1.0	source_attributed			
国民大会	國民大會	National Assembly	guo2 min2 da4 hui4	unclassified	待核查	TW	unclassified	憲法法庭書記廳		tw-judicial:1181	tw-judicial-041148bae5eb2cd55b34	OGDL-Taiwan-1.0	source_attributed			
国民大会代表	國民大會代表	Delegate to the National Assembly	guo2 min2 da4 hui4 dai4 biao3	unclassified	待核查	TW	unclassified	憲法法庭書記廳		tw-judicial:1182	tw-judicial-dddd846c232e1242de21	OGDL-Taiwan-1.0	source_attributed			
国民大会代表报酬及费用支给条例	國民大會代表報酬及費用支給條例	Act Governing the Compensation and Fees for the National Assembly Delegates	guo2 min2 da4 hui4 dai4 biao3 bao4 chou2 ji2 fei4 yong4 zhi1 gei3 tiao2 li4	unclassified	待核查	TW	statute	憲法法庭書記廳		tw-judicial:1183	tw-judicial-20bb4424f1656bfbe69c	OGDL-Taiwan-1.0	source_attributed			
国民大会组织法	國民大會組織法	Organic Act of National Assembly	guo2 min2 da4 hui4 zu3 zhi1 fa3	unclassified	待核查	TW	statute	憲法法庭書記廳		tw-judicial:1184	tw-judicial-e03196b8f8b1a64add56	OGDL-Taiwan-1.0	source_attributed			
国民大会议事规则	國民大會議事規則	Regulations of the National Assembly Proceedings	guo2 min2 da4 hui4 yi4 shi4 gui1 ze2	unclassified	待核查	TW	statute	憲法法庭書記廳		tw-judicial:1185	tw-judicial-2ac64d2beb56b7356035	OGDL-Taiwan-1.0	source_attributed			
国民教育法	國民教育法	Primary and Junior High School Act	guo2 min2 jiao4 yu4 fa3	unclassified	待核查	TW	statute	憲法法庭書記廳		tw-judicial:1188	tw-judicial-029e7a2c7726fd13bad9	OGDL-Taiwan-1.0	source_attributed			
国民法官科	國民法官科	Citizen Judge Section	guo2 min2 fa3 guan1 ke1	civil	待核查	TW	unclassified	資訊處		tw-judicial:1187	tw-judicial-29eed318963d21a52af7	OGDL-Taiwan-1.0	source_attributed			
国立编译馆	國立編譯館	National Institute of Compilation and Translation	guo2 li4 bian1 yi4 guan3	unclassified	待核查	TW	unclassified	憲法法庭書記廳		tw-judicial:1191	tw-judicial-d0acb0d1f019aca41279	OGDL-Taiwan-1.0	source_attributed			
国立阳明医学院医学系公费学生待遇及毕业后分发服务实施要点	國立陽明醫學院醫學系公費學生待遇及畢業後分發服務實施要點	Implemental Guidelines on Remuneration of Public-Funded Students of National Yan-Ming Medical School and Assignment after Their Graduation	guo2 li4 yang2 ming2 yi1 xue2 yuan4 yi1 xue2 xi4 gong1 fei4 xue2 sheng1 dai4 yu4 ji2 bi4 ye4 hou4 fen1 fa1 fu2 wu4 shi2 shi1 yao4 dian3	unclassified	待核查	TW	statute	憲法法庭書記廳		tw-judicial:1190	tw-judicial-f304cf018bfd00ceff50	OGDL-Taiwan-1.0	source_attributed			
国营事业	國營事業	state-owned enterprises	guo2 ying2 shi4 ye4	unclassified	待核查	TW	unclassified	憲法法庭書記廳		tw-judicial:1225	tw-judicial-06848667aa97b51d8407	OGDL-Taiwan-1.0	source_attributed			
国营事业管理办法	國營事業管理辦法	Regulations Governing the Management of State-owned Enterprises	guo2 ying2 shi4 ye4 guan3 li3 ban4 fa3	unclassified	待核查	TW	statute	憲法法庭書記廳		tw-judicial:1227	tw-judicial-44497bf578f2e839ff47	OGDL-Taiwan-1.0	source_attributed			
国营事业管理法	國營事業管理法	Administrative Law of State-Owned Enterprise	guo2 ying2 shi4 ye4 guan3 li3 fa3	unclassified	待核查	TW	statute	憲法法庭書記廳		tw-judicial:1226	tw-judicial-e76c493daab7a6f6d081	OGDL-Taiwan-1.0	source_attributed			
国防工业发展基金设置条例	國防工業發展基金設置條例	Act Governing Establishment of National Defense Industry Development Fund	guo2 fang2 gong1 ye4 fa1 zhan3 ji1 jin1 she4 zhi4 tiao2 li4	finance	待核查	TW	statute	憲法法庭書記廳		tw-judicial:1192	tw-judicial-a1b6b3676471f238f8b4	OGDL-Taiwan-1.0	source_attributed			
国防法	國防法	National Defense Act	guo2 fang2 fa3	unclassified	待核查	TW	unclassified	憲法法庭書記廳		tw-judicial:1193	tw-judicial-48783556c6ac567c724d	OGDL-Taiwan-1.0	source_attributed			
国防部主计局组织条例	國防部主計局組織條例	Organization Act of the Comptroller Bureau of the Ministry of National Defense	guo2 fang2 bu4 zhu3 ji4 ju2 zu3 zhi1 tiao2 li4	unclassified	待核查	TW	statute	憲法法庭書記廳		tw-judicial:1194	tw-judicial-aa5e0b9206ed484eb2e1	OGDL-Taiwan-1.0	source_attributed			
国防部军医局组织条例	國防部軍醫局組織條例	Organization Act of the Medical Affairs Bureau of the Ministry of National Defense	guo2 fang2 bu4 jun1 yi1 ju2 zu3 zhi1 tiao2 li4	unclassified	待核查	TW	statute	憲法法庭書記廳		tw-judicial:1196	tw-judicial-5ff5dfef8d5a3f374787	OGDL-Taiwan-1.0	source_attributed			
国防部军备局组织条例	國防部軍備局組織條例	Organization Act of the Armaments Bureau of the Ministry of National Defense	guo2 fang2 bu4 jun1 bei4 ju2 zu3 zhi1 tiao2 li4	unclassified	待核查	TW	statute	憲法法庭書記廳		tw-judicial:1195	tw-judicial-772390d37366d2522dfc	OGDL-Taiwan-1.0	source_attributed			
国防部参谋本部组织条例	國防部參謀本部組織條例	Organization Act of the General Staff Headquarters of the Ministry of National Defense	guo2 fang2 bu4 can1 mou2 ben3 bu4 zu3 zhi1 tiao2 li4	unclassified	待核查	TW	statute	憲法法庭書記廳		tw-judicial:1198	tw-judicial-b02b954528248550de4e	OGDL-Taiwan-1.0	source_attributed			
国防部参谋本部组织法	國防部參謀本部組織法	Organization Law of the General Staff Headquarters of the Ministry of National Defense	guo2 fang2 bu4 can1 mou2 ben3 bu4 zu3 zhi1 fa3	unclassified	待核查	TW	statute	憲法法庭書記廳		tw-judicial:1197	tw-judicial-a9df0af04a523a898048	OGDL-Taiwan-1.0	source_attributed			
国防部总政治作战局组织条例	國防部總政治作戰局組織條例	Organization Act of the General Political Warfare Bureau of the Ministry of National Defense	guo2 fang2 bu4 zong3 zheng4 zhi4 zuo4 zhan4 ju2 zu3 zhi1 tiao2 li4	unclassified	待核查	TW	statute	憲法法庭書記廳		tw-judicial:1200	tw-judicial-51fd02118ddbaee0d39d	OGDL-Taiwan-1.0	source_attributed			
国防部组织法	國防部組織法	Organization Act of the Ministry of National Defense	guo2 fang2 bu4 zu3 zhi1 fa3	unclassified	待核查	TW	statute	憲法法庭書記廳		tw-judicial:1199	tw-judicial-b04da4f6137d31419ddb	OGDL-Taiwan-1.0	source_attributed			
国际分类	國際分類	international classification	guo2 ji4 fen1 lei4	intellectual_property	待核查	TW	unclassified	A13070000G		tw-tipo-trademark:317	tw-tipo-trademark-e805b56ffe6ea6a612ee	OGDL-Taiwan-1.0	source_attributed			
国际合作发展基金会设置条例	國際合作發展基金會設置條例	Act for the Establishment of the International Cooperation and Development Fund	guo2 ji4 he2 zuo4 fa1 zhan3 ji1 jin1 hui4 she4 zhi4 tiao2 li4	finance	待核查	TW	statute	憲法法庭書記廳		tw-judicial:1223	tw-judicial-ca942a90a606707e8342	OGDL-Taiwan-1.0	source_attributed			
国际商标协会(INTA)	國際商標協會(INTA)	International Trademark Association		intellectual_property	待核查	TW	unclassified	A13070000G		tw-tipo-trademark:319	tw-tipo-trademark-7b441d734f6818414fd1	OGDL-Taiwan-1.0	source_attributed			
国际服务贸易	國際服務貿易	international trade in services	guo2 ji4 fu2 wu4 mao4 yi4	trade	CN	INTERNATIONAL	term	中华人民共和国对外贸易法（2025第二次修订）	第二十七条列举跨境交付、境外消费、商业存在、自然人移动等模式；其中部分模式在第三十一条被统称为跨境服务贸易。	oll-cn-tax-trade:cn-international-trade-in-services	cn-international-trade-in-services	CC-BY-4.0	project_authored	《对外贸易法》纳入对外贸易范围的跨境服务相关贸易活动。	项目释译，非官方译文；international trade in services 依本法服务贸易语境使用。	中华人民共和国对外贸易法（2025第二次修订） 第2,27,31条 https://www.baiyinqu.gov.cn/XZJDBMDW/bmdw/byqswjn/fdzdgknr/lzyj/zcfg/art/2025/art_f4f31ac31bb8407a8b8d6afd5ac8f411.html
国际条约	國際條約	international agreement	guo2 ji4 tiao2 yue1	intellectual_property	待核查	TW	unclassified	A13070000G		tw-tipo-trademark:316	tw-tipo-trademark-bffcadb15f315cc6dd1d	OGDL-Taiwan-1.0	source_attributed			
国际注册	國際註冊	international registration(IR)	guo2 ji4 zhu4 ce4	intellectual_property	待核查	TW	unclassified	A13070000G		tw-tipo-trademark:318	tw-tipo-trademark-56c299aceb0633138347	OGDL-Taiwan-1.0	source_attributed			
国际金融业务条例	國際金融業務條例	Offshore Banking Act	guo2 ji4 jin1 rong2 ye4 wu4 tiao2 li4	finance	待核查	TW	statute	憲法法庭書記廳		tw-judicial:1224	tw-judicial-3631cb80bedc22b48986	OGDL-Taiwan-1.0	source_attributed			
图书室	圖書室	Library	tu2 shu1 shi4	unclassified	待核查	TW	unclassified	司法行政廳		tw-judicial:1638	tw-judicial-c68dba780abdb772f4dc	OGDL-Taiwan-1.0	source_attributed			
图书阅览室	圖書閱覽室	Library	tu2 shu1 yue4 lan3 shi4	unclassified	待核查	TW	unclassified	司法行政廳		tw-judicial:1639	tw-judicial-eff4718957d0602bf7b9	OGDL-Taiwan-1.0	source_attributed			
图解的	圖解的	graphical	tu2 jie3 de5	intellectual_property	待核查	TW	unclassified	A13070000G		tw-tipo-trademark:266	tw-tipo-trademark-9a5278b6dc56d3620e34	OGDL-Taiwan-1.0	source_attributed			
土地公告现值	土地公告現值	government-declared value of land	tu3 di4 gong1 gao4 xian4 zhi2	property	待核查	TW	unclassified	憲法法庭書記廳		tw-judicial:31	tw-judicial-7665540d15ca1d340af9	OGDL-Taiwan-1.0	source_attributed			
土地增值税	土地增值稅	land value increment tax; land value tax	tu3 di4 zeng1 zhi2 shui4	property,tax	待核查	TW	unclassified	憲法法庭書記廳		tw-judicial:41	tw-judicial-878f23f45494de391202	OGDL-Taiwan-1.0	source_attributed			
土地征收	土地徵收	taking; eminent domain	tu3 di4 zheng1 shou1	property	待核查	TW	unclassified	憲法法庭書記廳		tw-judicial:42	tw-judicial-cf119aeae2d9a48bc89c	OGDL-Taiwan-1.0	source_attributed			
土地征收条例	土地徵收條例	Land Expropriation Act	tu3 di4 zheng1 shou1 tiao2 li4	property	待核查	TW	statute	憲法法庭書記廳		tw-judicial:44	tw-judicial-832efdae8f13ba75b088	OGDL-Taiwan-1.0	source_attributed			
土地征收法令补充规定	土地徵收法令補充規定	Supplemental Regulations on Law of Eminent Domain	tu3 di4 zheng1 shou1 fa3 ling4 bu3 chong1 gui1 ding4	property	待核查	TW	unclassified	憲法法庭書記廳		tw-judicial:43	tw-judicial-2dd5aa701cadee46adff	OGDL-Taiwan-1.0	source_attributed			
土地所有人	土地所有人	landowner	tu3 di4 suo3 you3 ren2	property	待核查	TW	unclassified	憲法法庭書記廳		tw-judicial:32	tw-judicial-c67dd83bf779d7d45ca9	OGDL-Taiwan-1.0	source_attributed			
土地法	土地法	Land Act	tu3 di4 fa3	property	待核查	TW	unclassified	憲法法庭書記廳		tw-judicial:33	tw-judicial-7d0b2f696e06a63b3ced	OGDL-Taiwan-1.0	source_attributed			
土地法施行法	土地法施行法	Enforcement Act of Land Act	tu3 di4 fa3 shi1 xing2 fa3	property	待核查	TW	statute	憲法法庭書記廳		tw-judicial:34	tw-judicial-aa9c74afabe898bd5a60	OGDL-Taiwan-1.0	source_attributed			
土地登记专业代理人管理办法	土地登記專業代理人管理辦法	Regulations Governing the Supervision of Land Scrivener	tu3 di4 deng1 ji4 zhuan1 ye4 dai4 li3 ren2 guan3 li3 ban4 fa3	property	待核查	TW	statute	憲法法庭書記廳		tw-judicial:36	tw-judicial-aa8c4b51c26d48b91af3	OGDL-Taiwan-1.0	source_attributed			
土地登记规则	土地登記規則	Regulations of The Land Registration	tu3 di4 deng1 ji4 gui1 ze2	property	待核查	TW	statute	憲法法庭書記廳		tw-judicial:37	tw-judicial-8b88f3ba6b01243c915b	OGDL-Taiwan-1.0	source_attributed			
土地移转现值	土地移轉現值	land value at the time of transfer	tu3 di4 yi2 zhuan3 xian4 zhi2	property	待核查	TW	unclassified	憲法法庭書記廳		tw-judicial:35	tw-judicial-fd70d9c0b4897829c16d	OGDL-Taiwan-1.0	source_attributed			
土地税减免规则	土地稅減免規則	Reduction and Exemption Regulations	tu3 di4 shui4 jian3 mian3 gui1 ze2	property,tax	待核查	TW	statute	憲法法庭書記廳		tw-judicial:40	tw-judicial-7da87555a69d6415cd22	OGDL-Taiwan-1.0	source_attributed			
土地税法	土地稅法	Land Tax Act	tu3 di4 shui4 fa3	property,tax	待核查	TW	statute	憲法法庭書記廳		tw-judicial:38	tw-judicial-126541764b1fe83667a4	OGDL-Taiwan-1.0	source_attributed			
土地税法施行细则	土地稅法施行細則	The Enforcement Rules of the Land Tax Act	tu3 di4 shui4 fa3 shi1 xing2 xi4 ze2	property,tax	待核查	TW	statute	憲法法庭書記廳		tw-judicial:39	tw-judicial-0e9c18c6eb08918f0e4a	OGDL-Taiwan-1.0	source_attributed			
在先	在先	priority	zai4 xian1	intellectual_property	待核查	TW	unclassified	A13070000G		tw-tipo-trademark:431	tw-tipo-trademark-b42b44e0934f0a396080	OGDL-Taiwan-1.0	source_attributed			
在先使用	在先使用	prior use	zai4 xian1 shi3 yong4	intellectual_property	待核查	TW	unclassified	A13070000G		tw-tipo-trademark:430	tw-tipo-trademark-26ce330e083dd66e3d96	OGDL-Taiwan-1.0	source_attributed			
在途期间	在途期間	time for journey to the court	zai4 tu2 qi1 jian1	unclassified	待核查	TW	unclassified	憲法法庭書記廳		tw-judicial:495	tw-judicial-715782f2cbf950ff449d	OGDL-Taiwan-1.0	source_attributed			
地上权	地上權	superficies	di4 shang4 quan2	property	待核查	TW	unclassified	憲法法庭書記廳		tw-judicial:482	tw-judicial-bd72fae83618aa80e504	OGDL-Taiwan-1.0	source_attributed			
地上权人	地上權人	owner of superficies	di4 shang4 quan2 ren2	property	待核查	TW	unclassified	憲法法庭書記廳		tw-judicial:483	tw-judicial-865f21eeb75ab5dcab6c	OGDL-Taiwan-1.0	source_attributed			
地上权登记	地上權登記	recordation of superficies	di4 shang4 quan2 deng1 ji4	property	待核查	TW	unclassified	憲法法庭書記廳		tw-judicial:484	tw-judicial-8e2588d26d3ffd185763	OGDL-Taiwan-1.0	source_attributed			
地上物	地上物	crops	di4 shang4 wu4	unclassified	待核查	TW	unclassified	憲法法庭書記廳		tw-judicial:481	tw-judicial-7310dc9eb77a47cb48f3	OGDL-Taiwan-1.0	source_attributed			
地下设施物	地下設施物	underground facilities	di4 xia4 she4 shi1 wu4	unclassified	待核查	TW	unclassified	憲法法庭書記廳		tw-judicial:480	tw-judicial-6089e30f471efec36aff	OGDL-Taiwan-1.0	source_attributed			
地名词典	地名詞典	Gazetteer	di4 ming2 ci2 dian3	intellectual_property	待核查	TW	unclassified	A13070000G		tw-tipo-trademark:249	tw-tipo-trademark-03c590d2411ab9eb61b9	OGDL-Taiwan-1.0	source_attributed			
地役权	地役權	easement	di4 yi4 quan2	property,civil	CN	INTERNATIONAL	term	中华人民共和国民法典（2020）	他人不动产称供役地，自己的不动产称需役地。	oll-cn-core:cn-easement	cn-easement	CC-BY-4.0	project_authored	按合同约定利用他人不动产，提高自己不动产效益的权利。	项目释译，非官方译文；本译法须结合中国法中的供役地和需役地关系使用。	中华人民共和国民法典（2020） 第372条 https://www.court.gov.cn/zixun/xiangqing/233181.html
地政士法	地政士法	Land Administration Agent Act	di4 zheng4 shi4 fa3	unclassified	待核查	TW	statute	憲法法庭書記廳		tw-judicial:493	tw-judicial-34fe89b8989ab054e6e5	OGDL-Taiwan-1.0	source_attributed			
地政机关	地政機關	land administration office	di4 zheng4 ji1 guan1	unclassified	待核查	TW	unclassified	憲法法庭書記廳		tw-judicial:494	tw-judicial-633882d85be517cdd6de	OGDL-Taiwan-1.0	source_attributed			
地方公共团体	地方公共團體	local public group	di4 fang1 gong1 gong4 tuan2 ti3	unclassified	待核查	TW	unclassified	憲法法庭書記廳		tw-judicial:485	tw-judicial-7aecd58532d0f70f0a71	OGDL-Taiwan-1.0	source_attributed			
地方制度法	地方制度法	Local Government Act	di4 fang1 zhi4 du4 fa3	unclassified	待核查	TW	statute	憲法法庭書記廳		tw-judicial:488	tw-judicial-4b5e1b55fa5222ef7c56	OGDL-Taiwan-1.0	source_attributed			
地方机关	地方機關	local government agency	di4 fang1 ji1 guan1	unclassified	待核查	TW	unclassified	憲法法庭書記廳		tw-judicial:490	tw-judicial-134642da2134118c6d7f	OGDL-Taiwan-1.0	source_attributed			
地方自治	地方自治	local self-government	di4 fang1 zi4 zhi4	unclassified	待核查	TW	unclassified	憲法法庭書記廳		tw-judicial:486	tw-judicial-eceaa0bf9cedab47e1b6	OGDL-Taiwan-1.0	source_attributed			
地方自治团体	地方自治團體	local self-governing body	di4 fang1 zi4 zhi4 tuan2 ti3	unclassified	待核查	TW	unclassified	憲法法庭書記廳		tw-judicial:487	tw-judicial-65fec08e22354f2d1875	OGDL-Taiwan-1.0	source_attributed			
地方议会	地方議會	local council	di4 fang1 yi4 hui4	unclassified	待核查	TW	unclassified	憲法法庭書記廳		tw-judicial:491	tw-judicial-35764d0d6ed34deb299d	OGDL-Taiwan-1.0	source_attributed			
地方议会议长	地方議會議長	Speaker of the local council	di4 fang1 yi4 hui4 yi4 zhang3	unclassified	待核查	TW	unclassified	憲法法庭書記廳		tw-judicial:492	tw-judicial-f5c3b6e30ccf94f1b8c1	OGDL-Taiwan-1.0	source_attributed			
地方货币	地方貨幣	local currency	di4 fang1 huo4 bi4	unclassified	待核查	TW	unclassified	憲法法庭書記廳		tw-judicial:489	tw-judicial-3e36a15268cabb36cf15	OGDL-Taiwan-1.0	source_attributed			
地理标示	地理標示	geographical indication	di4 li3 biao1 shi4	intellectual_property	待核查	TW	unclassified	A13070000G		tw-tipo-trademark:255	tw-tipo-trademark-fb79568402d9797c5b96	OGDL-Taiwan-1.0	source_attributed			
垄断协议	壟斷協議	monopoly agreement	long3 duan4 xie2 yi4	competition	CN	INTERNATIONAL	term	中华人民共和国反垄断法（2022修正）	形式不限于书面合同；但应结合具体禁止、例外及豁免规则判断。	oll-cn-core:cn-monopoly-agreement	cn-monopoly-agreement	CC-BY-4.0	project_authored	排除、限制竞争的协议、决定或者其他协同行为。	项目释译，非官方译文；不是只有取得市场独占后订立的协议。	中华人民共和国反垄断法（2022修正） 第16条 https://www.csrc.gov.cn/beijing/c105536/c7431869/content.shtml
基于多种依据之申请	基於多種依據之申請	filing on more than one basis	ji1 yu2 duo1 zhong3 yi1 ju4 zhi1 shen1 qing3	intellectual_property	待核查	TW	unclassified	A13070000G		tw-tipo-trademark:226	tw-tipo-trademark-0b2a40ca770e0763ab34	OGDL-Taiwan-1.0	source_attributed			
基层公务人员	基層公務人員	junior-grade public servants	ji1 ceng2 gong1 wu4 ren2 yuan2	unclassified	待核查	TW	unclassified	憲法法庭書記廳		tw-judicial:1228	tw-judicial-f4ae1a23c1a9530a3366	OGDL-Taiwan-1.0	source_attributed			
基本的	基本的	elementary	ji1 ben3 de5	intellectual_property	待核查	TW	unclassified	A13070000G		tw-tipo-trademark:177	tw-tipo-trademark-2923d3cc54da84ec3729	OGDL-Taiwan-1.0	source_attributed			
基本要件	基本要件	the minimum requirements	ji1 ben3 yao4 jian4	intellectual_property	待核查	TW	unclassified	A13070000G		tw-tipo-trademark:495	tw-tipo-trademark-33490ebe005fbdf875c9	OGDL-Taiwan-1.0	source_attributed			
基本资料维护单位	基本資料維護單位	Data Base Maintenance Unite	ji1 ben3 zi1 liao4 wei2 hu4 dan1 wei4	intellectual_property	待核查	TW	unclassified	A13070000G		tw-tipo-trademark:125	tw-tipo-trademark-7834408d8a3bc62cc4eb	OGDL-Taiwan-1.0	source_attributed			
境外注册	境外註冊	foreign registration	jing4 wai4 zhu4 ce4	intellectual_property	待核查	TW	unclassified	A13070000G		tw-tipo-trademark:234	tw-tipo-trademark-226ad293edaf60da8de7	OGDL-Taiwan-1.0	source_attributed			
境外注册证明	境外註冊證明	foreign certificate of registration	jing4 wai4 zhu4 ce4 zheng4 ming2	intellectual_property	待核查	TW	unclassified	A13070000G		tw-tipo-trademark:233	tw-tipo-trademark-437da85b6130088deaf8	OGDL-Taiwan-1.0	source_attributed			
境外申请	境外申請	foreign application	jing4 wai4 shen1 qing3	intellectual_property	待核查	TW	unclassified	A13070000G		tw-tipo-trademark:232	tw-tipo-trademark-84cba92f3c7cc49a3a37	OGDL-Taiwan-1.0	source_attributed			
增值税	增值稅	value-added tax (VAT)	zeng1 zhi2 shui4	tax	CN	INTERNATIONAL	term	中华人民共和国增值税法（2024通过）	现行《增值税法》将境内销售货物、服务、无形资产、不动产以及进口货物纳入征税范围；具体税额还取决于计税方法、税率或征收率等规则。	oll-cn-tax-trade:cn-vat	cn-vat	CC-BY-4.0	project_authored	对境内应税交易以及进口货物依法征收的增值税税种。	项目释译，非官方译文；value-added tax 与常用缩写 VAT 对应本法税种。	中华人民共和国增值税法（2024通过） 第3条 https://fgk.chinatax.gov.cn/zcfgk/c100009/c5237365/content.html
增值税征收率	增值稅徵收率	VAT levy rate	zeng1 zhi2 shui4 zheng1 shou1 lv4	tax	CN	INTERNATIONAL	term	中华人民共和国增值税法（2024通过）	第十一条规定适用简易计税方法计算缴纳增值税的征收率为百分之三；它与第十条的一般“税率”概念应区分。	oll-cn-tax-trade:cn-vat-levy-rate	cn-vat-levy-rate	CC-BY-4.0	project_authored	简易计税方法下用于以销售额计算应纳税额的法定比例。	项目释译，非官方译文；levy rate 用于区分简易计税的征收率与 VAT rate。	中华人民共和国增值税法（2024通过） 第11,14条 https://fgk.chinatax.gov.cn/zcfgk/c100009/c5237365/content.html
增值税税率	增值稅稅率	VAT rate	zeng1 zhi2 shui4 shui4 lv4	tax	CN	INTERNATIONAL	term	中华人民共和国增值税法（2024通过）	第十条列出百分之十三、百分之九、百分之六以及特定出口或跨境交易的零税率；具体适用须按交易类型判断。	oll-cn-tax-trade:cn-vat-rate	cn-vat-rate	CC-BY-4.0	project_authored	法律针对不同应税交易或进口货物规定的、用于计算增值税税额的比例税率。	项目释译，非官方译文；VAT rate 指第十条所列税率，不包括简易计税方法的征收率。	中华人民共和国增值税法（2024通过） 第10条 https://fgk.chinatax.gov.cn/zcfgk/c100009/c5237365/content.html
增值税纳税人	增值稅納稅人	VAT taxpayer	zeng1 zhi2 shui4 na4 shui4 ren2	tax	CN	INTERNATIONAL	role	中华人民共和国增值税法（2024通过）	第三条明确单位和个人（包括个体工商户）可以成为增值税纳税人；是否纳税仍需结合交易是否属于法定范围以及其他规定判断。	oll-cn-tax-trade:cn-vat-taxpayer	cn-vat-taxpayer	CC-BY-4.0	project_authored	在境内发生应税交易或者进口货物，依法负有缴纳增值税义务的单位和个人。	项目释译，非官方译文；taxpayer 表示依法负有增值税纳税义务的主体。	中华人民共和国增值税法（2024通过） 第3条 https://fgk.chinatax.gov.cn/zcfgk/c100009/c5237365/content.html
增值税零税率	增值稅零稅率	zero VAT rate	zeng1 zhi2 shui4 ling2 shui4 lv4	tax	CN	INTERNATIONAL	term	中华人民共和国增值税法（2024通过）	零税率是税率规则，不等同于“免征增值税”。第十条第四、第五项规定零税率；第二十四条另行列示免税项目。	oll-cn-tax-trade:cn-vat-zero-rate	cn-vat-zero-rate	CC-BY-4.0	project_authored	对法律规定的特定出口货物以及国务院规定范围内的跨境服务、无形资产适用百分之零的增值税税率。	项目释译，非官方译文；zero VAT rate 专指税率为零的处理，避免与 VAT exemption 混用。	中华人民共和国增值税法（2024通过） 第10,24条 https://fgk.chinatax.gov.cn/zcfgk/c100009/c5237365/content.html
增资	增資	capital increase; increase of capitalization equity re-injection or re-capitalize	zeng1 zi1	unclassified	待核查	TW	unclassified	憲法法庭書記廳		tw-judicial:1778	tw-judicial-5179f8fee56e71ebb898	OGDL-Taiwan-1.0	source_attributed			
增资变更登记	增資變更登記	recapitalization registration	zeng1 zi1 bian4 geng1 deng1 ji4	unclassified	待核查	TW	unclassified	憲法法庭書記廳		tw-judicial:1779	tw-judicial-b0ed1d2abbe91710ed05	OGDL-Taiwan-1.0	source_attributed			
增进公共利益	增進公共利益	to advance public welfare	zeng1 jin4 gong1 gong4 li4 yi4	unclassified	待核查	TW	unclassified	憲法法庭書記廳		tw-judicial:1777	tw-judicial-d72dd92e444420f201b0	OGDL-Taiwan-1.0	source_attributed			
声明	聲明	declaration	sheng1 ming2	intellectual_property	待核查	TW	unclassified	A13070000G		tw-tipo-trademark:132	tw-tipo-trademark-ce167177595c48ffb5ee	OGDL-Taiwan-1.0	source_attributed			
声明不专用	聲明不專用	disclaimer	sheng1 ming2 bu4 zhuan1 yong4	intellectual_property	待核查	TW	unclassified	A13070000G		tw-tipo-trademark:153	tw-tipo-trademark-dc3164ac68c8183058a4	OGDL-Taiwan-1.0	source_attributed			
声明异议	聲明異議	motion of objection	sheng1 ming2 yi4 yi4	unclassified	待核查	TW	unclassified	民事廳		tw-judicial:1984	tw-judicial-7d9ac688ad721725a19f	OGDL-Taiwan-1.0	source_attributed			
声誉坏、不名誉	聲譽壞、不名譽	disrepute		intellectual_property	待核查	TW	unclassified	A13070000G		tw-tipo-trademark:157	tw-tipo-trademark-dd7476749f071c62b994	OGDL-Taiwan-1.0	source_attributed			
声请	聲請	petition	sheng1 qing3	unclassified	待核查	TW	unclassified	憲法法庭書記廳		tw-judicial:1985	tw-judicial-548c6646e25fff22e109	OGDL-Taiwan-1.0	source_attributed			
声请人	聲請人	Applicant	sheng1 qing3 ren2	unclassified	待核查	TW	unclassified	民事廳		tw-judicial:1986	tw-judicial-c5360b80ecc98db64d98	OGDL-Taiwan-1.0	source_attributed			
声请人代理人	聲請人代理人	Agent ad litem of applicant	sheng1 qing3 ren2 dai4 li3 ren2	unclassified	待核查	TW	unclassified	民事廳		tw-judicial:1987	tw-judicial-3447d2d957ab71dee4a6	OGDL-Taiwan-1.0	source_attributed			
声请再审	聲請再審	motion for a retrial; petition for rehearing	sheng1 qing3 zai4 shen3	unclassified	待核查	TW	unclassified	憲法法庭書記廳		tw-judicial:1988	tw-judicial-06af765260bb6b8f8be2	OGDL-Taiwan-1.0	source_attributed			
声音商标	聲音商標	sound mark	sheng1 yin1 shang1 biao1	intellectual_property	待核查	TW	unclassified	A13070000G		tw-tipo-trademark:526	tw-tipo-trademark-3265cca53c8c947d286a	OGDL-Taiwan-1.0	source_attributed			
处分命令	處分命令	order of disposition	chu3 fen4 ming4 ling4	unclassified	待核查	TW	unclassified	憲法法庭書記廳		tw-judicial:1327	tw-judicial-1ed9072d0dbb240a3736	OGDL-Taiwan-1.0	source_attributed			
处方用药	處方用藥	prescription drugs	chu3 fang1 yong4 yao4	unclassified	待核查	TW	unclassified	憲法法庭書記廳		tw-judicial:1328	tw-judicial-b4de315855a1642532b4	OGDL-Taiwan-1.0	source_attributed			
处理	處理	conduct	chu3 li3	intellectual_property	待核查	TW	unclassified	A13070000G		tw-tipo-trademark:102	tw-tipo-trademark-2ca6a84159c7ae4469b3	OGDL-Taiwan-1.0	source_attributed			
处理	處理	conduct a search of the Office's computerized database of registrations	chu3 li3	intellectual_property	待核查	TW	unclassified	A13070000G		tw-tipo-trademark:103	tw-tipo-trademark-d828c2587f5771642c2e	OGDL-Taiwan-1.0	source_attributed			
处罚	處罰	punishment	chu3 fa2	unclassified	待核查	TW	unclassified	憲法法庭書記廳		tw-judicial:1331	tw-judicial-aea3f8931193d88578f7	OGDL-Taiwan-1.0	source_attributed			
处罚规定	處罰規定	penalty provision	chu3 fa2 gui1 ding4	unclassified	待核查	TW	unclassified	憲法法庭書記廳		tw-judicial:1332	tw-judicial-ef17ab201c53537b87f8	OGDL-Taiwan-1.0	source_attributed			
处长	處長	Director-General	chu4 zhang3	unclassified	待核查	TW	unclassified	司法行政廳		tw-judicial:1329	tw-judicial-aed5d38c961ab21f9c7e	OGDL-Taiwan-1.0	source_attributed			
处长室	處長室	Director-General	chu4 zhang3 shi4	unclassified	待核查	TW	unclassified	司法行政廳		tw-judicial:1330	tw-judicial-2265248dbaa4944449ff	OGDL-Taiwan-1.0	source_attributed			
复决权	複決權	referendum	fu4 jue2 quan2	unclassified	待核查	TW	unclassified	憲法法庭書記廳		tw-judicial:1834	tw-judicial-0d6632d4a5f74f27a452	OGDL-Taiwan-1.0	source_attributed			
复制权	複製權	right of reproduction	fu4 zhi4 quan2	intellectual_property	CN	INTERNATIONAL	term	中华人民共和国著作权法（2020修正）	数字化复制也在条文列举中，不能仅按实体复印理解。	oll-cn-core:cn-reproduction-right	cn-reproduction-right	CC-BY-4.0	project_authored	以印刷、复印、录音录像、数字化等方式把作品制作一份或多份的权利。	项目释译，非官方译文；reproduction 与向公众提供复制件的 distribution 分开。	中华人民共和国著作权法（2020修正） 第10条 https://www.ncac.gov.cn/xxfb/flfg/flfg_532/202103/t20210309_50530.html
复制的、副本的	複製的、副本的	duplicate		intellectual_property	待核查	TW	unclassified	A13070000G		tw-tipo-trademark:171	tw-tipo-trademark-eed5740cc17e5d1aebb5	OGDL-Taiwan-1.0	source_attributed			
复原的申请系指申请人认为注册申请案的放弃系肇因于官方错误，而提出申请回复原注册申请案。	復原的申請係指申請人認為註冊申請案的放棄係肇因於官方錯誤，而提出申請回復原註冊申請案。	A Request for Reinstatement is a document filed by an applicant when it believes its application has been abandoned due to an Office error.		intellectual_property	待核查	TW	unclassified	A13070000G		tw-tipo-trademark:481	tw-tipo-trademark-86be28bd11ea4c92c8ce	OGDL-Taiwan-1.0	source_attributed			
复合计征	複合計徵	compound duty assessment	fu4 he2 ji4 zheng1	tax,trade	CN	INTERNATIONAL	action	中华人民共和国关税法（2024）	第二十三条对复合计征给出加总公式；它不是在从价和从量之间任选一种。	oll-cn-tax-trade:cn-customs-compound-duty	cn-customs-compound-duty	CC-BY-4.0	project_authored	将从价部分与从量部分合并，按计税价格乘比例税率与货物数量乘定额税率之和计算关税应纳税额的方式。	项目释译，非官方译文；compound duty assessment 对应法条中的复合计征。	中华人民共和国关税法（2024） 第23条 https://fgk.chinatax.gov.cn/zcfgk/c100009/c5234556/content.html
复查	複查	review	fu4 cha2	unclassified	待核查	TW	unclassified	憲法法庭書記廳		tw-judicial:1835	tw-judicial-9174818fa8e1c78bc98f	OGDL-Taiwan-1.0	source_attributed			
复职	復職	reinstatement	fu4 zhi2	unclassified	待核查	TW	unclassified	憲法法庭書記廳		tw-judicial:1409	tw-judicial-ee3ec15ad0d574d57b2c	OGDL-Taiwan-1.0	source_attributed			
外交部外交领事人员讲习所组织条例	外交部外交領事人員講習所組織條例	Organic Act of the Foreign Service Institute of the Ministry of Foreign Affairs	wai4 jiao1 bu4 wai4 jiao1 ling3 shi4 ren2 yuan2 jiang3 xi2 suo3 zu3 zhi1 tiao2 li4	unclassified	待核查	TW	statute	憲法法庭書記廳		tw-judicial:330	tw-judicial-5fad45106848e40d2fac	OGDL-Taiwan-1.0	source_attributed			
外交部组织法	外交部組織法	Organization Act of the Ministry of Foreign Affairs, Executive Yuan	wai4 jiao1 bu4 zu3 zhi1 fa3	unclassified	待核查	TW	statute	憲法法庭書記廳		tw-judicial:331	tw-judicial-422f6c2b65fe2527f9ba	OGDL-Taiwan-1.0	source_attributed			
外交部领事事务局组织条例	外交部領事事務局組織條例	Organic Act of the Bureau of Consular Affairs of the Ministry of Foreign Affairs	wai4 jiao1 bu4 ling3 shi4 shi4 wu4 ju2 zu3 zhi1 tiao2 li4	unclassified	待核查	TW	statute	憲法法庭書記廳		tw-judicial:332	tw-judicial-03637114d3afe2f4b82d	OGDL-Taiwan-1.0	source_attributed			
外国护照签证条例	外國護照簽證條例	Act Governing the Issuance of Visas in Foreign Passports	wai4 guo2 hu4 zhao4 qian1 zheng4 tiao2 li4	unclassified	待核查	TW	statute	憲法法庭書記廳		tw-judicial:333	tw-judicial-cd9e73a3c61acfcbc610	OGDL-Taiwan-1.0	source_attributed			
外患罪	外患罪	treason	wai4 huan4 zui4	criminal	待核查	TW	unclassified	憲法法庭書記廳		tw-judicial:334	tw-judicial-2631ca7b0748ea5af6a6	OGDL-Taiwan-1.0	source_attributed			
外观	外觀	appearance	wai4 guan1	intellectual_property	待核查	TW	unclassified	A13070000G		tw-tipo-trademark:29	tw-tipo-trademark-5228af0a1e3bd68621c5	OGDL-Taiwan-1.0	source_attributed			
多媒体简报室	多媒體簡報室	Multimedia Room	duo1 mei2 ti3 jian3 bao4 shi4	unclassified	待核查	TW	unclassified	司法行政廳		tw-judicial:496	tw-judicial-3cb8b54bb7a91b2d1422	OGDL-Taiwan-1.0	source_attributed			
大学法	大學法	University Act	da4 xue2 fa3	unclassified	待核查	TW	unclassified	憲法法庭書記廳		tw-judicial:58	tw-judicial-aedcc6c4d36a3f1939f1	OGDL-Taiwan-1.0	source_attributed			
大学法施行细则	大學法施行細則	Enforcement Rules of the University Act	da4 xue2 fa3 shi1 xing2 xi4 ze2	unclassified	待核查	TW	statute	憲法法庭書記廳		tw-judicial:59	tw-judicial-31494547132495f59b5a	OGDL-Taiwan-1.0	source_attributed			
大学独立学院及专科学校教师资格审查办法	大學獨立學院及專科學校教師資格審查辦法	Regulations Governing the Screening of Qualification of University, Independent College and Junior College Teachers	da4 xue2 du2 li4 xue2 yuan4 ji2 zhuan1 ke1 xue2 xiao4 jiao4 shi1 zi1 ge2 shen3 cha2 ban4 fa3	unclassified	待核查	TW	statute	憲法法庭書記廳		tw-judicial:60	tw-judicial-6d623d280ee7324f90df	OGDL-Taiwan-1.0	source_attributed			
大学自治	大學自治	university self-government	da4 xue2 zi4 zhi4	unclassified	待核查	TW	unclassified	憲法法庭書記廳		tw-judicial:57	tw-judicial-7aecddf9162508497748	OGDL-Taiwan-1.0	source_attributed			
大法官	大法官	Justice(s)	da4 fa3 guan1	unclassified	待核查	TW	role	憲法法庭書記廳		tw-judicial:45	tw-judicial-7b2195360ff1a1c9c852	OGDL-Taiwan-1.0	source_attributed			
大法官书记处	大法官書記處	Department of Clerks for the Justices of the Constitutional Court	da4 fa3 guan1 shu1 ji4 chu4	unclassified	待核查	TW	unclassified	司法行政廳		tw-judicial:49	tw-judicial-8503b4625e21f78c7ca0	OGDL-Taiwan-1.0	source_attributed			
大法官休息室	大法官休息室	Lounge for the Justices of the Constitutional Court	da4 fa3 guan1 xiu1 xi1 shi4	unclassified	待核查	TW	unclassified	司法行政廳		tw-judicial:46	tw-judicial-65a8f8d1682cf880595b	OGDL-Taiwan-1.0	source_attributed			
大法官会客室	大法官會客室	Reception Room of the Justices of the Constitutional Court	da4 fa3 guan1 hui4 ke4 shi4	unclassified	待核查	TW	unclassified	司法行政廳		tw-judicial:50	tw-judicial-66d6db7293105a571a36	OGDL-Taiwan-1.0	source_attributed			
大法官会议室	大法官會議室	Conference Room for the Justices of the Constitutional Court	da4 fa3 guan1 hui4 yi4 shi4	unclassified	待核查	TW	unclassified	司法行政廳		tw-judicial:51	tw-judicial-075692dbf45ec6c887df	OGDL-Taiwan-1.0	source_attributed			
大法官办公室	大法官辦公室	Office of the Justices of the Constitutional Court	da4 fa3 guan1 ban4 gong1 shi4	unclassified	待核查	TW	unclassified	司法行政廳		tw-judicial:53	tw-judicial-6a18fad29bdf7701c0cd	OGDL-Taiwan-1.0	source_attributed			
大法官助理	大法官助理	Law Clerk for the Justice of the Constitutional Court	da4 fa3 guan1 zhu4 li3	unclassified	待核查	TW	unclassified	司法行政廳		tw-judicial:47	tw-judicial-f81d544320631fb11fca	OGDL-Taiwan-1.0	source_attributed			
大法官助理办公室	大法官助理辦公室	Office of the Law Clerks of the Justices of the Constitutional Court	da4 fa3 guan1 zhu4 li3 ban4 gong1 shi4	unclassified	待核查	TW	unclassified	司法行政廳		tw-judicial:48	tw-judicial-b1b3ad7c6efac8e1cb9b	OGDL-Taiwan-1.0	source_attributed			
大法官图书资料室	大法官圖書資料室	Library of the Justices of the Constitutional Court	da4 fa3 guan1 tu2 shu1 zi1 liao4 shi4	unclassified	待核查	TW	unclassified	司法行政廳		tw-judicial:52	tw-judicial-f9b1aace1b26d2f1d694	OGDL-Taiwan-1.0	source_attributed			
大法庭	大法庭	Grand Chamber	da4 fa3 ting2	unclassified	待核查	TW	unclassified	司法行政廳		tw-judicial:54	tw-judicial-12f80fb59999fee469e1	OGDL-Taiwan-1.0	source_attributed			
大礼堂	大禮堂	Auditorium	da4 li3 tang2	unclassified	待核查	TW	unclassified	司法行政廳		tw-judicial:61	tw-judicial-3f515f2f48ffcaff5f95	OGDL-Taiwan-1.0	source_attributed			
大陆地区人民在台湾定居或居留许可办法	大陸地區人民在台灣定居或居留許可辦法	Regulations Governing Permanent or Temporary Residence Permission for the People from Mainland China	da4 lu4 di4 qu1 ren2 min2 zai4 tai2 wan1 ding4 ju1 huo4 ju1 liu2 xu3 ke3 ban4 fa3	unclassified	待核查	TW	statute	憲法法庭書記廳		tw-judicial:55	tw-judicial-f9eb063c458e06a16156	OGDL-Taiwan-1.0	source_attributed			
大陆地区人民进入台湾地区许可办法	大陸地區人民進入台灣地區許可辦法	Regulations Governing the Entry Permission to Taiwan Area for the People from Mainland China	da4 lu4 di4 qu1 ren2 min2 jin4 ru4 tai2 wan1 di4 qu1 xu3 ke3 ban4 fa3	unclassified	待核查	TW	statute	憲法法庭書記廳		tw-judicial:56	tw-judicial-cf6f3e281f0835efdea0	OGDL-Taiwan-1.0	source_attributed			
夫妻共同债务	夫妻共同債務	joint marital debt	fu1 qi1 gong4 tong2 zhai4 wu4	family	CN	INTERNATIONAL	term	中华人民共和国民法典（2020）	超出家庭日常生活需要的单方债务原则上不属于共同债务，债权人证明法定例外的除外。	oll-cn-core:cn-marital-joint-debt	cn-marital-joint-debt	CC-BY-4.0	project_authored	依夫妻共同意思表示，或一方为家庭日常生活需要等法定情形所负的夫妻债务。	项目释译，非官方译文；joint marital debt 不等于婚内任何债务。	中华人民共和国民法典（2020） 第1064条 https://www.court.gov.cn/zixun/xiangqing/233181.html
夫妻共同生活	夫妻共同生活	life of matrimonial cohabitation	fu1 qi1 gong4 tong2 sheng1 huo2	unclassified	待核查	TW	unclassified	憲法法庭書記廳		tw-judicial:208	tw-judicial-8e6b84580c7d40921420	OGDL-Taiwan-1.0	source_attributed			
夫妻财产制契约登记	夫妻財產制契約登記	Registration of Matrimonial Property Contracts	fu1 qi1 cai2 chan3 zhi4 qi4 yue1 deng1 ji4	contracts	待核查	TW	unclassified	民事廳		tw-judicial:209	tw-judicial-68cba48a66d9ad8ace66	OGDL-Taiwan-1.0	source_attributed			
夫妻财产登记	夫妻財產登記	Registration of Matrimonial Property Contracts	fu1 qi1 cai2 chan3 deng1 ji4	unclassified	待核查	TW	unclassified	司法行政廳		tw-judicial:210	tw-judicial-6bdaf2066229d6ea93f4	OGDL-Taiwan-1.0	source_attributed			
失踪人	失蹤人	missing person	shi1 zong1 ren2	unclassified	待核查	TW	unclassified	憲法法庭書記廳		tw-judicial:335	tw-judicial-e1a47bb0830c80059d30	OGDL-Taiwan-1.0	source_attributed			
头衔、称号	頭銜、稱號	title		intellectual_property	待核查	TW	unclassified	A13070000G		tw-tipo-trademark:557	tw-tipo-trademark-ca12d594a39de3f65a64	OGDL-Taiwan-1.0	source_attributed			
契税条例	契稅條例	Deed Tax Act	qi4 shui4 tiao2 li4	tax	待核查	TW	statute	憲法法庭書記廳		tw-judicial:888	tw-judicial-cf376eb42b563ad9108c	OGDL-Taiwan-1.0	source_attributed			
契约之履行	契約之履行	implements	qi4 yue1 zhi1 lv3 xing2	intellectual_property	待核查	TW	unclassified	A13070000G		tw-tipo-trademark:285	tw-tipo-trademark-adb7e7cac60e9327e6bf	OGDL-Taiwan-1.0	source_attributed			
契约当事人	契約當事人	parties of the contract	qi4 yue1 dang1 shi4 ren2	contracts	待核查	TW	role	憲法法庭書記廳		tw-judicial:887	tw-judicial-474eb158adfb8bcf646c	OGDL-Taiwan-1.0	source_attributed			
契约行为	契約行為	act of contract	qi4 yue1 xing2 wei2	contracts	待核查	TW	unclassified	憲法法庭書記廳		tw-judicial:886	tw-judicial-da0af60e463591278aed	OGDL-Taiwan-1.0	source_attributed			
奖励保护检举贪污渎职办法	獎勵保護檢舉貪污瀆職辦法	The Anti-Corruption Informant Rewards and Protection Regulation	jiang3 li4 bao3 hu4 jian3 ju3 tan1 wu1 du2 zhi2 ban4 fa3	unclassified	待核查	TW	statute	政風處		tw-judicial:1822	tw-judicial-e491b5e5331d68611938	OGDL-Taiwan-1.0	source_attributed			
奖励投资	獎勵投資	encouragement of investment	jiang3 li4 tou2 zi1	unclassified	待核查	TW	unclassified	憲法法庭書記廳		tw-judicial:1819	tw-judicial-cea387c99a1c55f1ec44	OGDL-Taiwan-1.0	source_attributed			
奖励投资条例	獎勵投資條例	Act of Encouragement of Investment	jiang3 li4 tou2 zi1 tiao2 li4	unclassified	待核查	TW	statute	憲法法庭書記廳		tw-judicial:1820	tw-judicial-576aa9e8cea20ee82564	OGDL-Taiwan-1.0	source_attributed			
奖励投资条例施行细则	獎勵投資條例施行細則	Enforcement Rules of the Act of Encouragement of Investment	jiang3 li4 tou2 zi1 tiao2 li4 shi1 xing2 xi4 ze2	unclassified	待核查	TW	statute	憲法法庭書記廳		tw-judicial:1821	tw-judicial-433d8bded07074b3fa1a	OGDL-Taiwan-1.0	source_attributed			
奖章条例	獎章條例	Medal Award Act	jiang3 zhang1 tiao2 li4	unclassified	待核查	TW	statute	憲法法庭書記廳		tw-judicial:1818	tw-judicial-ec60eb3327db8110970c	OGDL-Taiwan-1.0	source_attributed			
女化妆室	女化妝室	Ladies Restroom	nv3 hua4 zhuang1 shi4	unclassified	待核查	TW	unclassified	司法行政廳		tw-judicial:62	tw-judicial-1e88102278d6077fffee	OGDL-Taiwan-1.0	source_attributed			
如申请人于美国提出申请前，已受让该境外注册之商标，则审查官将撤销该核驳处分。	如申請人於美國提出申請前，已受讓該境外註冊之商標，則審查官將撤銷該核駁處分。	The examining attorney will withdraw the refusal if the applicant proves ownership of the foreign registration by an assignment before the filing in the United States.		intellectual_property	待核查	TW	unclassified	A13070000G		tw-tipo-trademark:44	tw-tipo-trademark-709b8f92d580a52a9b01	OGDL-Taiwan-1.0	source_attributed			
妨害兵役治罪条例	妨害兵役治罪條例	Punishment Act for Violation to Military Service System	fang2 hai4 bing1 yi4 zhi4 zui4 tiao2 li4	criminal	待核查	TW	statute	憲法法庭書記廳		tw-judicial:631	tw-judicial-19f40236ee6c63b84a4e	OGDL-Taiwan-1.0	source_attributed			
妨害国币惩治条例	妨害國幣懲治條例	Penal Act of Offenses Against National Currency	fang2 hai4 guo2 bi4 cheng2 zhi4 tiao2 li4	unclassified	待核查	TW	statute	憲法法庭書記廳		tw-judicial:632	tw-judicial-ffa3b7c17cec3e4585e6	OGDL-Taiwan-1.0	source_attributed			
妨碍、阻碍	妨礙、阻礙	hinder (+from)		intellectual_property	待核查	TW	unclassified	A13070000G		tw-tipo-trademark:272	tw-tipo-trademark-9f9e81e585febc12ccc7	OGDL-Taiwan-1.0	source_attributed			
姓名权	姓名權	right of an individual to select one's own name	xing4 ming2 quan2	unclassified	待核查	TW	unclassified	憲法法庭書記廳		tw-judicial:717	tw-judicial-b8f19473788d18d59e5f	OGDL-Taiwan-1.0	source_attributed			
姓名条例	姓名條例	Name Act	xing4 ming2 tiao2 li4	unclassified	待核查	TW	statute	憲法法庭書記廳		tw-judicial:716	tw-judicial-20b85a95943ba7c2b718	OGDL-Taiwan-1.0	source_attributed			
姓氏	姓氏	surname	xing4 shi4	intellectual_property	待核查	TW	unclassified	A13070000G		tw-tipo-trademark:550	tw-tipo-trademark-5412b26337d0545f3967	OGDL-Taiwan-1.0	source_attributed			
委任状	委任狀	POA	wei3 ren4 zhuang4	intellectual_property	待核查	TW	abbreviation	A13070000G		tw-tipo-trademark:412	tw-tipo-trademark-3e422f44018dbbc08c08	OGDL-Taiwan-1.0	source_attributed			
委任状	委任狀	Power of Attorney	wei3 ren4 zhuang4	intellectual_property	待核查	TW	unclassified	A13070000G		tw-tipo-trademark:413	tw-tipo-trademark-6d8c40fb87f49641fb42	OGDL-Taiwan-1.0	source_attributed			
委员	委員	Commissioner	wei3 yuan2	unclassified	待核查	TW	unclassified	司法行政廳		tw-judicial:714	tw-judicial-c954545d168139b5b127	OGDL-Taiwan-1.0	source_attributed			
委员、首长	委員、首長	commissioner		intellectual_property	待核查	TW	unclassified	A13070000G		tw-tipo-trademark:90	tw-tipo-trademark-9df185615afb8044eafd	OGDL-Taiwan-1.0	source_attributed			
委员长	委員長	Chief Commissioner	wei3 yuan2 zhang3	unclassified	待核查	TW	unclassified	行政訴訟及懲戒廳		tw-judicial:715	tw-judicial-004e7f6b13bd3769999f	OGDL-Taiwan-1.0	source_attributed			
委托作品	委託作品	commissioned work	wei3 tuo1 zuo4 pin3	intellectual_property	CN	INTERNATIONAL	term	中华人民共和国著作权法（2020修正）	没有订立合同或未明确约定时，著作权属于受托人。	oll-cn-core:cn-commissioned-work	cn-commissioned-work	CC-BY-4.0	project_authored	受委托而创作的作品，其著作权归属可由委托人与受托人通过合同约定。	项目释译，非官方译文；不按付款者当然拥有著作权理解 commissioned work。	中华人民共和国著作权法（2020修正） 第19条 https://www.ncac.gov.cn/xxfb/flfg/flfg_532/202103/t20210309_50530.html
委托处理	委託處理	entrusted processing of personal information	wei3 tuo1 chu3 li3	privacy	CN	INTERNATIONAL	term	中华人民共和国个人信息保护法（2021）	应约定目的、期限、方式等并进行监督；未经同意，受托人不得转委托。	oll-cn-core:cn-entrusted-processing	cn-entrusted-processing	CC-BY-4.0	project_authored	个人信息处理者将特定处理活动交由受托人按约定实施的安排。	项目释译，非官方译文；本词限定个人信息保护法语境。	中华人民共和国个人信息保护法（2021） 第21条 https://www.cac.gov.cn/2021-08/20/c_1631050028355286.htm
姻亲关系	姻親關係	relationship by affinity	yin1 qin1 guan1 xi4	unclassified	待核查	TW	unclassified	少年及家事廳		tw-judicial:889	tw-judicial-391976c5f1bbd74a6f57	OGDL-Taiwan-1.0	source_attributed			
婚姻	婚姻	marriage	hun1 yin1	family	待核查	TW	unclassified	憲法法庭書記廳		tw-judicial:1238	tw-judicial-92155e48cf3fa5eb50ab	OGDL-Taiwan-1.0	source_attributed			
婚姻共同生活; 夫妻同居	婚姻共同生活; 夫妻同居	matrimonial cohabitation		family	待核查	TW	unclassified	憲法法庭書記廳		tw-judicial:1239	tw-judicial-98e0d849acc56e60be4e	OGDL-Taiwan-1.0	source_attributed			
婚姻自由	婚姻自由	freedom of marriage	hun1 yin1 zi4 you2	family	待核查	TW	unclassified	憲法法庭書記廳		tw-judicial:1240	tw-judicial-a4050359a18918ee78c3	OGDL-Taiwan-1.0	source_attributed			
婚生子	婚生子	legitimate son	hun1 sheng1 zi5	family	待核查	TW	unclassified	憲法法庭書記廳		tw-judicial:1237	tw-judicial-cf8c88239af44a936a08	OGDL-Taiwan-1.0	source_attributed			
婴儿车、轮椅、老花眼镜	嬰兒車、輪椅、老花眼鏡	Baby Carriages, Wheelchairs and Eyeglasses		unclassified	待核查	TW	unclassified	司法行政廳		tw-judicial:1945	tw-judicial-0ffd0546fffabb743d65	OGDL-Taiwan-1.0	source_attributed			
嫌疑犯	嫌疑犯	suspect	xian2 yi2 fan4	unclassified	待核查	TW	unclassified	憲法法庭書記廳		tw-judicial:1530	tw-judicial-9b9367ce6f0f61b4bed2	OGDL-Taiwan-1.0	source_attributed			
字母与数字符号构成的	字母與數字符號構成的	alphanumeric	zi4 mu3 yu3 shu4 zi4 fu2 hao4 gou4 cheng2 de5	intellectual_property	待核查	TW	unclassified	A13070000G		tw-tipo-trademark:24	tw-tipo-trademark-acd4145ff07d04e256a7	OGDL-Taiwan-1.0	source_attributed			
存证信函	存證信函	cease and desist letter	cun2 zheng4 xin4 han2	intellectual_property	待核查	TW	unclassified	A13070000G		tw-tipo-trademark:65	tw-tipo-trademark-fb1362daeacc32f51487	OGDL-Taiwan-1.0	source_attributed			
学习司法官室	學習司法官室	Intern Judge Office	xue2 xi2 si1 fa3 guan1 shi4	unclassified	待核查	TW	unclassified	司法行政廳		tw-judicial:1885	tw-judicial-6a56637af52f366bc42a	OGDL-Taiwan-1.0	source_attributed			
学习律师席	學習律師席	Intern﹙Attorney﹚	xue2 xi2 lv4 shi1 xi2	unclassified	待核查	TW	unclassified	司法行政廳		tw-judicial:1889	tw-judicial-42c965b407dba2c709ac	OGDL-Taiwan-1.0	source_attributed			
学习法官席	學習法官席	Intern﹙Judge﹚	xue2 xi2 fa3 guan1 xi2	unclassified	待核查	TW	unclassified	司法行政廳		tw-judicial:1888	tw-judicial-1bca6180fa8e76194ce1	OGDL-Taiwan-1.0	source_attributed			
学习生活技能	學習生活技能	learning living skills	xue2 xi2 sheng1 huo2 ji4 neng2	unclassified	待核查	TW	unclassified	憲法法庭書記廳		tw-judicial:1886	tw-judicial-4e61c7691c9c2e07610a	OGDL-Taiwan-1.0	source_attributed			
学习自由	學習自由	freedom of study	xue2 xi2 zi4 you2	unclassified	待核查	TW	unclassified	憲法法庭書記廳		tw-judicial:1887	tw-judicial-cab065a859787b273933	OGDL-Taiwan-1.0	source_attributed			
学位授与法	學位授與法	Act Governing the Conferment of Academic Degree	xue2 wei4 shou4 yu3 fa3	unclassified	待核查	TW	statute	憲法法庭書記廳		tw-judicial:1883	tw-judicial-8af6e1bbbfd13decd59c	OGDL-Taiwan-1.0	source_attributed			
学术审议	學術審議	academic performance review	xue2 shu4 shen3 yi4	unclassified	待核查	TW	unclassified	憲法法庭書記廳		tw-judicial:1892	tw-judicial-bda7a21ea536ba20cc92	OGDL-Taiwan-1.0	source_attributed			
学术自由	學術自由	academic freedom	xue2 shu4 zi4 you2	unclassified	待核查	TW	unclassified	憲法法庭書記廳		tw-judicial:1890	tw-judicial-c17a19168d439fb85345	OGDL-Taiwan-1.0	source_attributed			
学术自由之制度性保障	學術自由之制度性保障	institutional protection mechanism	xue2 shu4 zi4 you2 zhi1 zhi4 du4 xing4 bao3 zhang4	unclassified	待核查	TW	unclassified	憲法法庭書記廳		tw-judicial:1891	tw-judicial-7fceff30419fe3d6725a	OGDL-Taiwan-1.0	source_attributed			
学校教职员退休条例	學校教職員退休條例	Statute Governing the Retirement of School Faculty and Staff	xue2 xiao4 jiao4 zhi2 yuan2 tui4 xiu1 tiao2 li4	unclassified	待核查	TW	statute	憲法法庭書記廳		tw-judicial:1884	tw-judicial-332742629a2833e32207	OGDL-Taiwan-1.0	source_attributed			
学生惩处	學生懲處	student discipline	xue2 sheng1 cheng2 chu3	unclassified	待核查	TW	unclassified	憲法法庭書記廳		tw-judicial:1882	tw-judicial-8aca33cffce5ff5d17f3	OGDL-Taiwan-1.0	source_attributed			
学说、原理	學說、原理	doctrine		intellectual_property	待核查	TW	unclassified	A13070000G		tw-tipo-trademark:165	tw-tipo-trademark-702f78fed73fcb1e2276	OGDL-Taiwan-1.0	source_attributed			
安置辅导	安置輔導	Diversion	an1 zhi4 fu3 dao3	unclassified	待核查	TW	unclassified	少年及家事廳		tw-judicial:497	tw-judicial-9c5a7ab55e2f9efa3f69	OGDL-Taiwan-1.0	source_attributed			
安迁救济金	安遷救濟金	relocation compensation	an1 qian1 jiu4 ji4 jin1	unclassified	待核查	TW	unclassified	憲法法庭書記廳		tw-judicial:498	tw-judicial-2c72b1eb9cb273276b61	OGDL-Taiwan-1.0	source_attributed			
完全民事行为能力	完全民事行爲能力	full capacity for civil juristic acts	wan2 quan2 min2 shi4 xing2 wei2 neng2 li4	civil	CN	INTERNATIONAL	term	中华人民共和国民法典（2020）	成年人原则上具有完全行为能力；以劳动收入为主要生活来源的十六周岁以上未成年人，法律视为具有完全行为能力。	oll-cn-core:cn-full-capacity	cn-full-capacity	CC-BY-4.0	project_authored	能够独立实施民事法律行为的行为能力。	项目释译，非官方译文；这里的 capacity 是法律行为能力，不是身体或工作能力。	中华人民共和国民法典（2020） 第18条 https://www.court.gov.cn/zixun/xiangqing/233181.html
完税价格	完稅價格	duty-paying value	wan2 shui4 jia4 ge2	tax	待核查	TW	unclassified	憲法法庭書記廳		tw-judicial:633	tw-judicial-bccdc15fb45f391daaa7	OGDL-Taiwan-1.0	source_attributed			
宗教信仰自由	宗教信仰自由	freedom of religious belief	zong1 jiao4 xin4 yang3 zi4 you2	unclassified	待核查	TW	unclassified	憲法法庭書記廳		tw-judicial:718	tw-judicial-26fe183a0a0622117b8f	OGDL-Taiwan-1.0	source_attributed			
宗教团体	宗教團體	religious organizations	zong1 jiao4 tuan2 ti3	unclassified	待核查	TW	unclassified	憲法法庭書記廳		tw-judicial:719	tw-judicial-d974c99c041447444bb7	OGDL-Taiwan-1.0	source_attributed			
官吏	官吏	civil servants; government employees; public functionaries; public servants	guan1 li4	unclassified	待核查	TW	unclassified	憲法法庭書記廳		tw-judicial:721	tw-judicial-f59b0f7ed23440a006d6	OGDL-Taiwan-1.0	source_attributed			
定期改选	定期改選	periodical re-election	ding4 qi1 gai3 xuan3	unclassified	待核查	TW	unclassified	憲法法庭書記廳		tw-judicial:720	tw-judicial-cf14b789eb30cb7f9ea3	OGDL-Taiwan-1.0	source_attributed			
定金	定金	earnest money securing performance	ding4 jin1	contracts	CN	INTERNATIONAL	term	中华人民共和国民法典（2020）	有效定金部分不得超过主合同标的额的百分之二十；违约效果须结合是否不能实现合同目的判断。	oll-cn-core:cn-earnest-money	cn-earnest-money	CC-BY-4.0	project_authored	当事人实际交付、用于担保债权并适用法定定金效果的款项。	项目释译，非官方译文；本条对应定金，不将普通预付款或订金自动纳入该制度。	中华人民共和国民法典（2020） 第586,587条 https://www.court.gov.cn/zixun/xiangqing/233181.html
实任检察官	實任檢察官	commissioned prosecutor	shi2 ren4 jian3 cha2 guan1	criminal	待核查	TW	role	憲法法庭書記廳		tw-judicial:1640	tw-judicial-403e9f6d5eb1b36122d4	OGDL-Taiwan-1.0	source_attributed			
实体、存在、本质	實體、存在、本質	entities		intellectual_property	待核查	TW	unclassified	A13070000G		tw-tipo-trademark:185	tw-tipo-trademark-48abef0b86fbc2ef7e60	OGDL-Taiwan-1.0	source_attributed			
实体核驳	實體核駁	substantive refusal	shi2 ti3 he2 bo2	intellectual_property	待核查	TW	unclassified	A13070000G		tw-tipo-trademark:544	tw-tipo-trademark-48ce13fa435a7054fe73	OGDL-Taiwan-1.0	source_attributed			
实施的、经营管理的	實施的、經營管理的	executive		intellectual_property	待核查	TW	unclassified	A13070000G		tw-tipo-trademark:206	tw-tipo-trademark-a9ee1b560c212e408fcf	OGDL-Taiwan-1.0	source_attributed			
实施耕者有其田条例	實施耕者有其田條例	Land-to-the-Tiller Act	shi2 shi1 geng1 zhe3 you3 qi2 tian2 tiao2 li4	unclassified	待核查	TW	statute	憲法法庭書記廳		tw-judicial:1641	tw-judicial-f94e352914cf3515df83	OGDL-Taiwan-1.0	source_attributed			
实现自我	實現自我	self-realization	shi2 xian4 zi4 wo3	unclassified	待核查	TW	unclassified	憲法法庭書記廳		tw-judicial:1642	tw-judicial-d531a68349c21132ac83	OGDL-Taiwan-1.0	source_attributed			
实用功能	實用功能	utilitarian function	shi2 yong4 gong1 neng2	intellectual_property	待核查	TW	unclassified	A13070000G		tw-tipo-trademark:596	tw-tipo-trademark-23fd5c103fb4dd2b9ca2	OGDL-Taiwan-1.0	source_attributed			
实用的	實用的	utilitarian	shi2 yong4 de5	intellectual_property	待核查	TW	unclassified	A13070000G		tw-tipo-trademark:595	tw-tipo-trademark-ccf0705b4c9fad70ad48	OGDL-Taiwan-1.0	source_attributed			
实质上明确的表现（具商标同一性的意思）	實質上明確的表現（具商標同一性的意思）	Substantially exact representation		intellectual_property	待核查	TW	unclassified	A13070000G		tw-tipo-trademark:543	tw-tipo-trademark-c87abc64ccb729071467	OGDL-Taiwan-1.0	source_attributed			
实质变更（指重要事项之变更）	實質變更（指重要事項之變更）	material alteration		intellectual_property	待核查	TW	unclassified	A13070000G		tw-tipo-trademark:353	tw-tipo-trademark-7c97c40ef58430589bda	OGDL-Taiwan-1.0	source_attributed			
实际控制人	實際控制人	actual controller	shi2 ji4 kong4 zhi4 ren2	company	CN	INTERNATIONAL	role	中华人民共和国公司法（2023修订）	判断核心是实际支配能力，不能仅凭登记的股东名单判断。	oll-cn-core:cn-actual-controller	cn-actual-controller	CC-BY-4.0	project_authored	通过投资关系、协议或者其他安排能够实际支配公司行为的人。	项目释译，非官方译文；与 controlling shareholder 分开标注。	中华人民共和国公司法（2023修订） 第265条 https://fgk.chinatax.gov.cn/zcfgk/c100009/c5233383/content.html
实际的、事实上的、现实的	實際的、事實上的、現實的	actual		intellectual_property	待核查	TW	unclassified	A13070000G		tw-tipo-trademark:10	tw-tipo-trademark-59d66c755dc0196864d8	OGDL-Taiwan-1.0	source_attributed			
实际的日期	實際的日期	actual date	shi2 ji4 de5 ri4 qi1	intellectual_property	待核查	TW	unclassified	A13070000G		tw-tipo-trademark:11	tw-tipo-trademark-c9f89d424abc351a49ce	OGDL-Taiwan-1.0	source_attributed			
实际的混淆	實際的混淆	actual confusion	shi2 ji4 de5 hun4 xiao2	intellectual_property	待核查	TW	unclassified	A13070000G		tw-tipo-trademark:13	tw-tipo-trademark-d7628f575e71797bf445	OGDL-Taiwan-1.0	source_attributed			
审判事务	審判事務	judicial affairs	shen3 pan4 shi4 wu4	dispute_resolution	待核查	TW	unclassified	憲法法庭書記廳		tw-judicial:1781	tw-judicial-52f9696ad567a1eb67dd	OGDL-Taiwan-1.0	source_attributed			
审判地法、法院地法	審判地法、法院地法	lexi fori		dispute_resolution	待核查	TW	statute	憲法法庭書記廳		tw-judicial:1780	tw-judicial-a652d0c09851ce8d6db4	OGDL-Taiwan-1.0	source_attributed			
审判或追诉职务	審判或追訴職務	duty of trial or prosecution	shen3 pan4 huo4 zhui1 su4 zhi2 wu4	dispute_resolution	待核查	TW	unclassified	憲法法庭書記廳		tw-judicial:1782	tw-judicial-def51749b11c72e69c53	OGDL-Taiwan-1.0	source_attributed			
审判机关	審判機關	adjudicative body; adjudicative body	shen3 pan4 ji1 guan1	dispute_resolution	待核查	TW	unclassified	憲法法庭書記廳		tw-judicial:1785	tw-judicial-27bf7a0a6447c9d2910b	OGDL-Taiwan-1.0	source_attributed			
审判权	審判權	jurisdiction	shen3 pan4 quan2	dispute_resolution	待核查	TW	unclassified	憲法法庭書記廳		tw-judicial:1787	tw-judicial-176aa7699318fd89eb87	OGDL-Taiwan-1.0	source_attributed			
审判权划分	審判權劃分	division of the power of adjudication	shen3 pan4 quan2 hua4 fen1	dispute_resolution	待核查	TW	unclassified	憲法法庭書記廳		tw-judicial:1788	tw-judicial-38a79522333c34ff6639	OGDL-Taiwan-1.0	source_attributed			
审判独立	審判獨立	judicial independence	shen3 pan4 du2 li4	dispute_resolution	待核查	TW	unclassified	憲法法庭書記廳		tw-judicial:1786	tw-judicial-a30ffb37b68edf93c7d6	OGDL-Taiwan-1.0	source_attributed			
审判长	審判長	presiding judge	shen3 pan4 zhang3	dispute_resolution	待核查	TW	unclassified	憲法法庭書記廳		tw-judicial:1783	tw-judicial-fc14e3f319279a0cec55	OGDL-Taiwan-1.0	source_attributed			
审判长席	審判長席	Presiding Judge	shen3 pan4 zhang3 xi2	dispute_resolution	待核查	TW	unclassified	司法行政廳		tw-judicial:1784	tw-judicial-52301ee4bb6523cf548c	OGDL-Taiwan-1.0	source_attributed			
审前调查	審前調查	Predisposition Investigation （Preliminary investigation ）	shen3 qian2 diao4 cha2	unclassified	待核查	TW	unclassified	少年及家事廳		tw-judicial:1789	tw-judicial-cbefe44119f6c0f29d61	OGDL-Taiwan-1.0	source_attributed			
审查	審查	examination	shen3 cha2	intellectual_property	待核查	TW	unclassified	A13070000G		tw-tipo-trademark:202	tw-tipo-trademark-4fef1412f1891ba882cd	OGDL-Taiwan-1.0	source_attributed			
审查中的申请案	審查中的申請案	pending applications	shen3 cha2 zhong1 de5 shen1 qing3 an4	intellectual_property	待核查	TW	unclassified	A13070000G		tw-tipo-trademark:403	tw-tipo-trademark-779c0621ac4745c8846e	OGDL-Taiwan-1.0	source_attributed			
审查官付诸新的行政处置告知申请人因其申请无效而予以驳回。	審查官付諸新的行政處置告知申請人因其申請無效而予以駁回。	The examining attorney should issue a new action advising the applicant that the application is refused because it was void as filed.		intellectual_property	待核查	TW	unclassified	A13070000G		tw-tipo-trademark:329	tw-tipo-trademark-22ffbfe9b3b51dbf26c9	OGDL-Taiwan-1.0	source_attributed			
审查律师	審查律師	Examining Attorney	shen3 cha2 lv4 shi1	intellectual_property	待核查	TW	role	A13070000G		tw-tipo-trademark:203	tw-tipo-trademark-8b7686b6998eba188533	OGDL-Taiwan-1.0	source_attributed			
审查科	審查科	Screening Section	shen3 cha2 ke1	unclassified	待核查	TW	unclassified	司法行政廳		tw-judicial:1790	tw-judicial-467226260f1d48bd4c03	OGDL-Taiwan-1.0	source_attributed			
审核	審核	review	shen3 he2	unclassified	待核查	TW	unclassified	憲法法庭書記廳		tw-judicial:1798	tw-judicial-62bcb3be1307cfb0559f	OGDL-Taiwan-1.0	source_attributed			
审核报告	審核報告	audit reports	shen3 he2 bao4 gao4	unclassified	待核查	TW	unclassified	憲法法庭書記廳		tw-judicial:1799	tw-judicial-d2c5ae76e60b13f92b50	OGDL-Taiwan-1.0	source_attributed			
审计人员任用条例	審計人員任用條例	Act of the Appointment of the Audit staff	shen3 ji4 ren2 yuan2 ren4 yong4 tiao2 li4	unclassified	待核查	TW	statute	憲法法庭書記廳		tw-judicial:1791	tw-judicial-870134538efba9a56dba	OGDL-Taiwan-1.0	source_attributed			
审计报告	審計報告	audit report	shen3 ji4 bao4 gao4	unclassified	待核查	TW	unclassified	憲法法庭書記廳		tw-judicial:1796	tw-judicial-9de4f7961853248e64cc	OGDL-Taiwan-1.0	source_attributed			
审计机关	審計機關	Audit institutes	shen3 ji4 ji1 guan1	unclassified	待核查	TW	unclassified	憲法法庭書記廳		tw-judicial:1797	tw-judicial-01641fe50c4bb53fc4a2	OGDL-Taiwan-1.0	source_attributed			
审计法	審計法	Audit Act	shen3 ji4 fa3	unclassified	待核查	TW	unclassified	憲法法庭書記廳		tw-judicial:1792	tw-judicial-d1566b25dbc45147ae89	OGDL-Taiwan-1.0	source_attributed			
审计部	審計部	Ministry of Audit（National Audit Office）	shen3 ji4 bu4	unclassified	待核查	TW	unclassified	憲法法庭書記廳		tw-judicial:1794	tw-judicial-bb2b7c3f5a003cbe944b	OGDL-Taiwan-1.0	source_attributed			
审计部组织法	審計部組織法	The Organization Act of the National Audit Office	shen3 ji4 bu4 zu3 zhi1 fa3	unclassified	待核查	TW	statute	憲法法庭書記廳		tw-judicial:1795	tw-judicial-4b97d72fff2d3554b625	OGDL-Taiwan-1.0	source_attributed			
审计长	審計長	Auditor-General	shen3 ji4 zhang3	unclassified	待核查	TW	unclassified	憲法法庭書記廳		tw-judicial:1793	tw-judicial-82acb7bc596cc1bbdf1f	OGDL-Taiwan-1.0	source_attributed			
审议	審議	deliberation	shen3 yi4	unclassified	待核查	TW	unclassified	憲法法庭書記廳		tw-judicial:1801	tw-judicial-b826dc2174d422b97d85	OGDL-Taiwan-1.0	source_attributed			
审问	審問	trial	shen3 wen4	unclassified	待核查	TW	unclassified	憲法法庭書記廳		tw-judicial:1800	tw-judicial-80300ebc8841f068ed4a	OGDL-Taiwan-1.0	source_attributed			
宣告死亡	宣告死亡	judicial declaration of death	xuan1 gao4 si3 wang2	unclassified	待核查	TW	unclassified	憲法法庭書記廳		tw-judicial:890	tw-judicial-7c4004cfbb73d7529cdb	OGDL-Taiwan-1.0	source_attributed			
宣誓	宣誓	swear oath	xuan1 shi4	unclassified	待核查	TW	unclassified	憲法法庭書記廳		tw-judicial:891	tw-judicial-4131552e347bc2846270	OGDL-Taiwan-1.0	source_attributed			
宣誓书	宣誓書	verification	xuan1 shi4 shu1	intellectual_property	待核查	TW	unclassified	A13070000G		tw-tipo-trademark:599	tw-tipo-trademark-31627d325fca6efdbed5	OGDL-Taiwan-1.0	source_attributed			
宣誓书	宣誓書	affidavit	xuan1 shi4 shu1	intellectual_property	待核查	TW	unclassified	A13070000G		tw-tipo-trademark:17	tw-tipo-trademark-95dad0da2d2be688b79e	OGDL-Taiwan-1.0	source_attributed			
宣誓条例	宣誓條例	Oath Act	xuan1 shi4 tiao2 li4	unclassified	待核查	TW	statute	憲法法庭書記廳		tw-judicial:892	tw-judicial-654b83d1251f35dd2fd6	OGDL-Taiwan-1.0	source_attributed			
宪法	憲法	constitution; Constitution	xian4 fa3	constitutional	待核查	TW	unclassified	憲法法庭書記廳		tw-judicial:1894	tw-judicial-a49d5c6dbb73745ff8e6	OGDL-Taiwan-1.0	source_attributed			
宪法惯例;宪政惯例	憲法慣例;憲政慣例	constitutional convention		constitutional	待核查	TW	unclassified	憲法法庭書記廳		tw-judicial:1897	tw-judicial-e6d997716173c43acd47	OGDL-Taiwan-1.0	source_attributed			
宪法法庭	憲法法庭	Constitutional Court	xian4 fa3 fa3 ting2	constitutional	待核查	TW	unclassified	司法行政廳		tw-judicial:1895	tw-judicial-75142f6356bc8c0231de	OGDL-Taiwan-1.0	source_attributed			
宪法解释	憲法解釋	interpretation of the Constitution	xian4 fa3 jie3 shi4	constitutional	待核查	TW	unclassified	憲法法庭書記廳		tw-judicial:1896	tw-judicial-ee9b55cd2f9e8934cfb0	OGDL-Taiwan-1.0	source_attributed			
家事法庭	家事法庭	family court division	jia1 shi4 fa3 ting2	family	待核查	TW	unclassified	少年及家事廳		tw-judicial:995	tw-judicial-2aa1b06e14ee83a3a221	OGDL-Taiwan-1.0	source_attributed			
家事法院	家事法院	Family Court	jia1 shi4 fa3 yuan4	dispute_resolution,family	待核查	TW	institution	少年及家事廳		tw-judicial:996	tw-judicial-0e7cb9fbb9dc30bb0276	OGDL-Taiwan-1.0	source_attributed			
家事调查官	家事調查官	Family Matters Investigation Officer	jia1 shi4 diao4 cha2 guan1	family	待核查	TW	unclassified	司法行政廳		tw-judicial:997	tw-judicial-6d8d6f3b906aeb81d189	OGDL-Taiwan-1.0	source_attributed			
家属	家屬	household	jia1 shu3	unclassified	待核查	TW	unclassified	憲法法庭書記廳		tw-judicial:1002	tw-judicial-531e9e514670e60f7231	OGDL-Taiwan-1.0	source_attributed			
家属赡养费	家屬贍養費	family maintenance	jia1 shu3 shan4 yang3 fei4	unclassified	待核查	TW	unclassified	少年及家事廳		tw-judicial:1003	tw-judicial-2208f2e8122f72d05f84	OGDL-Taiwan-1.0	source_attributed			
家庭暴力	家庭暴力	domestic violence	jia1 ting2 bao4 li4	unclassified	待核查	TW	unclassified	少年及家事廳		tw-judicial:998	tw-judicial-0b794ddfa0ef05eba714	OGDL-Taiwan-1.0	source_attributed			
家庭暴力事件联合服务处	家庭暴力事件聯合服務處	Coordinating Council for Victims of Domestic Violence	jia1 ting2 bao4 li4 shi4 jian4 lian2 he2 fu2 wu4 chu4	unclassified	待核查	TW	unclassified	司法行政廳		tw-judicial:1000	tw-judicial-5afc92345c4804a52610	OGDL-Taiwan-1.0	source_attributed			
家庭暴力案件	家庭暴力案件	domestic violence cases	jia1 ting2 bao4 li4 an4 jian4	unclassified	待核查	TW	unclassified	憲法法庭書記廳		tw-judicial:1001	tw-judicial-4313448c77a2c7af6b5a	OGDL-Taiwan-1.0	source_attributed			
家庭暴力防治法	家庭暴力防治法	Domestic Violence Prevention Act	jia1 ting2 bao4 li4 fang2 zhi4 fa3	unclassified	待核查	TW	statute	憲法法庭書記廳		tw-judicial:999	tw-judicial-50a52869e7b8302a630d	OGDL-Taiwan-1.0	source_attributed			
家族系列商标	家族系列商標	family of marks	jia1 zu2 xi4 lie4 shang1 biao1	intellectual_property	待核查	TW	unclassified	A13070000G		tw-tipo-trademark:215	tw-tipo-trademark-c33c2a4857c84b863779	OGDL-Taiwan-1.0	source_attributed			
察觉、感知、意识到、理解	察覺、感知、意識到、理解	perceive		intellectual_property	待核查	TW	unclassified	A13070000G		tw-tipo-trademark:406	tw-tipo-trademark-0786e1c7a6043c172b50	OGDL-Taiwan-1.0	source_attributed			
对…有（行使）管辖权	對…有（行使）管轄權	to take jurisdiction over		intellectual_property	待核查	TW	unclassified	A13070000G		tw-tipo-trademark:333	tw-tipo-trademark-ac94a1b85b3aa01ba38e	OGDL-Taiwan-1.0	source_attributed			
对外贸易	對外貿易	foreign trade	dui4 wai4 mao4 yi4	trade	CN	INTERNATIONAL	term	中华人民共和国对外贸易法（2025第二次修订）	第二条给出法定范围；本法同时适用于与对外贸易有关的知识产权保护。第八十二条又明确中华人民共和国单独关税区不适用本法。	oll-cn-tax-trade:cn-foreign-trade	cn-foreign-trade	CC-BY-4.0	project_authored	《对外贸易法》所称的货物进出口、技术进出口和国际服务贸易。	项目释译，非官方译文；foreign trade 按本法定义使用，不泛化到所有跨境经济活动。	中华人民共和国对外贸易法（2025第二次修订） 第2,82条 https://www.baiyinqu.gov.cn/XZJDBMDW/bmdw/byqswjn/fdzdgknr/lzyj/zcfg/art/2025/art_f4f31ac31bb8407a8b8d6afd5ac8f411.html
对外贸易救济措施	對外貿易救濟措施	trade remedy measures	dui4 wai4 mao4 yi4 jiu4 ji4 cuo4 shi1	trade	CN	INTERNATIONAL	term	中华人民共和国对外贸易法（2025第二次修订）	第四十四条规定可根据对外贸易调查结果采取适当救济措施；第四十五、四十七、四十八条分别涉及反倾销、反补贴和保障措施。	oll-cn-tax-trade:cn-trade-remedy-measures	cn-trade-remedy-measures	CC-BY-4.0	project_authored	国家根据法定调查和条件，为应对倾销、补贴、进口激增等对国内产业造成的损害或威胁而采取的贸易救济措施。	项目释译，非官方译文；trade remedy measures 是上位概念，具体措施应分别适用各自法定条件。	中华人民共和国对外贸易法（2025第二次修订） 第41,44,45,47,48条 https://www.baiyinqu.gov.cn/XZJDBMDW/bmdw/byqswjn/fdzdgknr/lzyj/zcfg/art/2025/art_f4f31ac31bb8407a8b8d6afd5ac8f411.html
对外贸易经营者	對外貿易經營者	foreign trade operator	dui4 wai4 mao4 yi4 jing1 ying2 zhe3	trade	CN	INTERNATIONAL	role	中华人民共和国对外贸易法（2025第二次修订）	第十一条以是否依法办理相关登记或执业手续并从事对外贸易活动界定经营者；不能仅以是否为公司判断。	oll-cn-tax-trade:cn-foreign-trade-operator	cn-foreign-trade-operator	CC-BY-4.0	project_authored	依法办理经营主体登记或者其他执业手续，并依有关法律、行政法规从事对外贸易活动的个人或组织。	项目释译，非官方译文；foreign trade operator 对应本法法定主体称谓。	中华人民共和国对外贸易法（2025第二次修订） 第11条 https://www.baiyinqu.gov.cn/XZJDBMDW/bmdw/byqswjn/fdzdgknr/lzyj/zcfg/art/2025/art_f4f31ac31bb8407a8b8d6afd5ac8f411.html
对外贸易调查	對外貿易調查	foreign trade investigation	dui4 wai4 mao4 yi4 diao4 cha2	trade	CN	INTERNATIONAL	action	中华人民共和国对外贸易法（2025第二次修订）	第四十一条列举调查事项，第四十二条规定启动公告、问卷、听证、实地或委托调查以及调查报告或处理裁定等程序。	oll-cn-tax-trade:cn-foreign-trade-investigation	cn-foreign-trade-investigation	CC-BY-4.0	project_authored	国务院对外贸易主管部门自行或会同其他有关部门，依法对影响对外贸易秩序、国内产业、贸易壁垒、贸易救济等事项开展的调查。	项目释译，非官方译文；foreign trade investigation 指本法调查机制，不等同于某一种反倾销调查。	中华人民共和国对外贸易法（2025第二次修订） 第41,42条 https://www.baiyinqu.gov.cn/XZJDBMDW/bmdw/byqswjn/fdzdgknr/lzyj/zcfg/art/2025/art_f4f31ac31bb8407a8b8d6afd5ac8f411.html
对智慧局不具约束力	對智慧局不具約束力	It is not binding upon the TIPO	dui4 zhi4 hui4 ju2 bu4 ju4 yue1 shu4 li4	intellectual_property	待核查	TW	unclassified	A13070000G		tw-tipo-trademark:51	tw-tipo-trademark-a5414844f43d3bb832f0	OGDL-Taiwan-1.0	source_attributed			
寺庙登记规则	寺廟登記規則	Rules Governing the Registration of Temple	si4 miao4 deng1 ji4 gui1 ze2	unclassified	待核查	TW	statute	憲法法庭書記廳		tw-judicial:499	tw-judicial-308710f4236b35a7ba87	OGDL-Taiwan-1.0	source_attributed			
导师	導師	Counselor	dao3 shi1	unclassified	待核查	TW	unclassified	司法行政廳		tw-judicial:1893	tw-judicial-98e3b48c288043349568	OGDL-Taiwan-1.0	source_attributed			
少年事件处理法	少年事件處理法	Juvenile Delinquency Act	shao4 nian2 shi4 jian4 chu3 li3 fa3	family	待核查	TW	statute	少年及家事廳		tw-judicial:217	tw-judicial-11ea4cab5d3ca106ddff	OGDL-Taiwan-1.0	source_attributed			
少年保护官	少年保護官	juvenile Probation Officer	shao4 nian2 bao3 hu4 guan1	family	待核查	TW	unclassified	少年及家事廳		tw-judicial:220	tw-judicial-e57a3f581efe5d921ba8	OGDL-Taiwan-1.0	source_attributed			
少年候审室	少年候審室	Juvenile Trial Waiting Room	shao4 nian2 hou4 shen3 shi4	family	待核查	TW	unclassified	司法行政廳		tw-judicial:221	tw-judicial-f66cb0793fdfa825323d	OGDL-Taiwan-1.0	source_attributed			
少年及家事厅	少年及家事廳	Juvenile and Family Department	shao4 nian2 ji2 jia1 shi4 ting1	family	待核查	TW	unclassified	司法行政廳		tw-judicial:214	tw-judicial-244c29d6d53ec7514ede	OGDL-Taiwan-1.0	source_attributed			
少年及家事法庭	少年及家事法庭	juvenile and family court division	shao4 nian2 ji2 jia1 shi4 fa3 ting2	family	待核查	TW	unclassified	少年及家事廳		tw-judicial:211	tw-judicial-eac1458c28f5c1495a10	OGDL-Taiwan-1.0	source_attributed			
少年及家事法院	少年及家事法院	Juvenile and Family Court	shao4 nian2 ji2 jia1 shi4 fa3 yuan4	dispute_resolution,family	待核查	TW	institution	少年及家事廳		tw-judicial:212	tw-judicial-a6f85336afde23b410ee	OGDL-Taiwan-1.0	source_attributed			
少年及家事纪录科	少年及家事紀錄科	Juvenile ＆ Domestic Recording Section	shao4 nian2 ji2 jia1 shi4 ji4 lu4 ke1	family	待核查	TW	unclassified	司法行政廳		tw-judicial:213	tw-judicial-dc70f425c7bcedb6b54f	OGDL-Taiwan-1.0	source_attributed			
少年法庭	少年法庭	juvenile court division	shao4 nian2 fa3 ting2	family	待核查	TW	unclassified	少年及家事廳		tw-judicial:218	tw-judicial-b84472b66c40db419729	OGDL-Taiwan-1.0	source_attributed			
少年法院	少年法院	Juvenile Court	shao4 nian2 fa3 yuan4	dispute_resolution,family	待核查	TW	institution	少年及家事廳		tw-judicial:219	tw-judicial-2a71af66221687044425	OGDL-Taiwan-1.0	source_attributed			
少年犯	少年犯	juvenile delinquent	shao4 nian2 fan4	family	待核查	TW	unclassified	少年及家事廳		tw-judicial:215	tw-judicial-d5303e686b97fb921b7e	OGDL-Taiwan-1.0	source_attributed			
少年犯罪	少年犯罪	juvenile delinquency	shao4 nian2 fan4 zui4	criminal,family	待核查	TW	unclassified	少年及家事廳		tw-judicial:216	tw-judicial-f1f93266e02a780642cf	OGDL-Taiwan-1.0	source_attributed			
少年矫正学校	少年矯正學校	Juvenile Reformatory School	shao4 nian2 jiao3 zheng4 xue2 xiao4	family	待核查	TW	unclassified	少年及家事廳		tw-judicial:224	tw-judicial-7dbdccc05d5d80b42698	OGDL-Taiwan-1.0	source_attributed			
少年福利法	少年福利法	Juvenile Welfare Act	shao4 nian2 fu2 li4 fa3	family	待核查	TW	statute	憲法法庭書記廳		tw-judicial:222	tw-judicial-d72d9c49c63b97eb888c	OGDL-Taiwan-1.0	source_attributed			
少年观护所	少年觀護所	juvenile Detention House	shao4 nian2 guan1 hu4 suo3	family	待核查	TW	unclassified	少年及家事廳		tw-judicial:225	tw-judicial-84d564532b1d6ebbbc0d	OGDL-Taiwan-1.0	source_attributed			
少年调查官	少年調查官	Juvenile Investigation Officer	shao4 nian2 diao4 cha2 guan1	family	待核查	TW	unclassified	少年及家事廳		tw-judicial:223	tw-judicial-74f61acf8275a786400c	OGDL-Taiwan-1.0	source_attributed			
就源扣缴	就源扣繳	withholding at source	jiu4 yuan2 kou4 jiao3	unclassified	待核查	TW	unclassified	憲法法庭書記廳		tw-judicial:1407	tw-judicial-ad4526a522bc12f6d683	OGDL-Taiwan-1.0	source_attributed			
就职	就職	inauguration	jiu4 zhi2	unclassified	待核查	TW	unclassified	憲法法庭書記廳		tw-judicial:1408	tw-judicial-a73fdf2889f37edd9684	OGDL-Taiwan-1.0	source_attributed			
尽速补偿	儘速補償	prompt compensation	jin3 su4 bu3 chang2	unclassified	待核查	TW	unclassified	憲法法庭書記廳		tw-judicial:1881	tw-judicial-f054a4135e9cbaab0324	OGDL-Taiwan-1.0	source_attributed			
局通知函	局通知函	office action	ju2 tong1 zhi1 han2	intellectual_property	待核查	TW	unclassified	A13070000G		tw-tipo-trademark:377	tw-tipo-trademark-bbcce0892ea1ec58948c	OGDL-Taiwan-1.0	source_attributed			
居住权	居住權	right of habitation	ju1 zhu4 quan2	property,civil	CN	INTERNATIONAL	term	中华人民共和国民法典（2020）	条文语境中的居住权是物权类型，不是日常描述的居住事实。	oll-cn-core:cn-right-of-habitation	cn-right-of-habitation	CC-BY-4.0	project_authored	按合同约定对他人住宅享有占有、使用，以满足生活居住需要的用益物权。	项目释译，非官方译文；不直接等同租赁权。	中华人民共和国民法典（2020） 第366条 https://www.court.gov.cn/zixun/xiangqing/233181.html
居住自由	居住自由	freedom of residence	ju1 zhu4 zi4 you2	unclassified	待核查	TW	unclassified	憲法法庭書記廳		tw-judicial:722	tw-judicial-5b196f46cb2296275aec	OGDL-Taiwan-1.0	source_attributed			
居住迁徙自由	居住遷徙自由	freedom of residence and migration	ju1 zhu4 qian1 xi3 zi4 you2	unclassified	待核查	TW	unclassified	憲法法庭書記廳		tw-judicial:723	tw-judicial-4855e2dd2b00abe7d656	OGDL-Taiwan-1.0	source_attributed			
届期未受清偿	屆期未受清償	default	jie4 qi1 wei4 shou4 qing1 chang2	unclassified	待核查	TW	unclassified	憲法法庭書記廳		tw-judicial:724	tw-judicial-0620c20d83b9b485ece4	OGDL-Taiwan-1.0	source_attributed			
届满日	屆滿日	the expiration date	jie4 man3 ri4	intellectual_property	待核查	TW	unclassified	A13070000G		tw-tipo-trademark:209	tw-tipo-trademark-46924e5a27013196894b	OGDL-Taiwan-1.0	source_attributed			
展期、延展	展期、延展	renewal		intellectual_property	待核查	TW	unclassified	A13070000G		tw-tipo-trademark:488	tw-tipo-trademark-a984a71445eaec2e08d9	OGDL-Taiwan-1.0	source_attributed			
履行、完成	履行、完成	implementation		intellectual_property	待核查	TW	unclassified	A13070000G		tw-tipo-trademark:283	tw-tipo-trademark-69a52ed211d353513e7f	OGDL-Taiwan-1.0	source_attributed			
履行债务	履行債務	perform obligations	lv3 xing2 zhai4 wu4	unclassified	待核查	TW	unclassified	憲法法庭書記廳		tw-judicial:1802	tw-judicial-8d5c67d8bf4837100cd8	OGDL-Taiwan-1.0	source_attributed			
山坡地保育利用条例	山坡地保育利用條例	Slopland Conservation and Utilization Act	shan1 po1 di4 bao3 yu4 li4 yong4 tiao2 li4	unclassified	待核查	TW	statute	憲法法庭書記廳		tw-judicial:63	tw-judicial-34f5ef2f4aefecfcdcdd	OGDL-Taiwan-1.0	source_attributed			
岁入	歲入	Annual Revenue	sui4 ru4	unclassified	待核查	TW	unclassified	會計處		tw-judicial:1553	tw-judicial-8e585b7e59890c96010d	OGDL-Taiwan-1.0	source_attributed			
岁出	歲出	Annual Expenditures	sui4 chu1	unclassified	待核查	TW	unclassified	會計處		tw-judicial:1554	tw-judicial-1c7cd4c5a8023345f864	OGDL-Taiwan-1.0	source_attributed			
岁出总额	歲出總額	total annual expenditure	sui4 chu1 zong3 e2	unclassified	待核查	TW	unclassified	憲法法庭書記廳		tw-judicial:1555	tw-judicial-96b6de504e6746fba391	OGDL-Taiwan-1.0	source_attributed			
岁费	歲費	annual expense	sui4 fei4	unclassified	待核查	TW	unclassified	憲法法庭書記廳		tw-judicial:1556	tw-judicial-c8d40a684e2d54106b5b	OGDL-Taiwan-1.0	source_attributed			
州立注册	州立註冊	state registration	zhou1 li4 zhu4 ce4	intellectual_property	待核查	TW	unclassified	A13070000G		tw-tipo-trademark:538	tw-tipo-trademark-ae6db971b01581ae5069	OGDL-Taiwan-1.0	source_attributed			
州际商业	州際商業	interstate commerce	zhou1 ji4 shang1 ye4	intellectual_property	待核查	TW	unclassified	A13070000G		tw-tipo-trademark:321	tw-tipo-trademark-60a3efb5fd787b996d9a	OGDL-Taiwan-1.0	source_attributed			
州际的	州際的	interstate	zhou1 ji4 de5	intellectual_property	待核查	TW	unclassified	A13070000G		tw-tipo-trademark:320	tw-tipo-trademark-07aced44a2cd37d4f0db	OGDL-Taiwan-1.0	source_attributed			
工业区开发管理基金	工業區開發管理基金	industrial zone development and administration fund	gong1 ye4 qu1 kai1 fa1 guan3 li3 ji1 jin1	finance	待核查	TW	unclassified	憲法法庭書記廳		tw-judicial:71	tw-judicial-99f4c1c5da3f2d6a8dd2	OGDL-Taiwan-1.0	source_attributed			
工业区开发管理基金收支保管及运用办法	工業區開發管理基金收支保管及運用辦法	Regulations Governing the Management of the Industrial Park Development Fund	gong1 ye4 qu1 kai1 fa1 guan3 li3 ji1 jin1 shou1 zhi1 bao3 guan3 ji2 yun4 yong4 ban4 fa3	finance	待核查	TW	statute	憲法法庭書記廳		tw-judicial:72	tw-judicial-b18142921174c6131bba	OGDL-Taiwan-1.0	source_attributed			
工会、联合会、协会	工會、聯合會、協會	unions		intellectual_property	待核查	TW	unclassified	A13070000G		tw-tipo-trademark:584	tw-tipo-trademark-14da05ff6b50a894790f	OGDL-Taiwan-1.0	source_attributed			
工会法	工會法	Labor Union Act	gong1 hui4 fa3	employment	待核查	TW	unclassified	憲法法庭書記廳		tw-judicial:70	tw-judicial-0d03b9a99737da577f5b	OGDL-Taiwan-1.0	source_attributed			
工作权	工作權	right of work	gong1 zuo4 quan2	unclassified	待核查	TW	unclassified	憲法法庭書記廳		tw-judicial:67	tw-judicial-581bf7fa2391bb6bc26d	OGDL-Taiwan-1.0	source_attributed			
工具间	工具間	Tools Room	gong1 ju4 jian1	unclassified	待核查	TW	unclassified	司法行政廳		tw-judicial:68	tw-judicial-f6198886ac4f967a5d78	OGDL-Taiwan-1.0	source_attributed			
工厂法	工廠法	Factory Act	gong1 chang3 fa3	unclassified	待核查	TW	unclassified	憲法法庭書記廳		tw-judicial:73	tw-judicial-be7791d8ebe23fe899a4	OGDL-Taiwan-1.0	source_attributed			
工厂登记证	工廠登記證	factory registration certificate	gong1 chang3 deng1 ji4 zheng4	unclassified	待核查	TW	unclassified	憲法法庭書記廳		tw-judicial:75	tw-judicial-861697b4e75d58383715	OGDL-Taiwan-1.0	source_attributed			
工厂设立登记规则	工廠設立登記規則	Regulations Governing Factory Set-up Registration	gong1 chang3 she4 li4 deng1 ji4 gui1 ze2	unclassified	待核查	TW	statute	憲法法庭書記廳		tw-judicial:74	tw-judicial-60536fb2d02b848a1a41	OGDL-Taiwan-1.0	source_attributed			
工友	工友	Maintenance Worker	gong1 you3	unclassified	待核查	TW	unclassified	司法行政廳		tw-judicial:64	tw-judicial-4ed2d519f7183dd0b97a	OGDL-Taiwan-1.0	source_attributed			
工友（清洁工）	工友（清潔工）	Janitor		unclassified	待核查	TW	unclassified	司法行政廳		tw-judicial:66	tw-judicial-bd743db7377f3173f9dc	OGDL-Taiwan-1.0	source_attributed			
工友（送公文）	工友（送公文）	Messenger		unclassified	待核查	TW	unclassified	司法行政廳		tw-judicial:65	tw-judicial-a53f43c82b7eda6f9ec2	OGDL-Taiwan-1.0	source_attributed			
工商企业	工商企業	industrial or commercial establishment	gong1 shang1 qi3 ye4	intellectual_property	待核查	TW	unclassified	A13070000G		tw-tipo-trademark:196	tw-tipo-trademark-6da35cf9962640f29aea	OGDL-Taiwan-1.0	source_attributed			
工程受益费征收条例	工程受益費徵收條例	Statute for Collection of Community Development Fees by Construction Project	gong1 cheng2 shou4 yi4 fei4 zheng1 shou1 tiao2 li4	unclassified	待核查	TW	statute	憲法法庭書記廳		tw-judicial:69	tw-judicial-403efcd5432bd6a7aa40	OGDL-Taiwan-1.0	source_attributed			
差别待遇	差別待遇	discrimination	cha1 bie2 dai4 yu4	unclassified	待核查	TW	unclassified	憲法法庭書記廳		tw-judicial:1004	tw-judicial-39433ba1d637b561d1d4	OGDL-Taiwan-1.0	source_attributed			
已收资本	已收資本	paid-in capital	yi3 shou1 zi1 ben3	unclassified	待核查	TW	unclassified	憲法法庭書記廳		tw-judicial:76	tw-judicial-98e926413aec0659f575	OGDL-Taiwan-1.0	source_attributed			
已登记不动产	已登記不動產	registered estate	yi3 deng1 ji4 bu4 dong4 chan3	property	待核查	TW	unclassified	憲法法庭書記廳		tw-judicial:77	tw-judicial-7dd7b9a6eb1b279bd2d8	OGDL-Taiwan-1.0	source_attributed			
巴黎公约	巴黎公約	Paris Convention	ba1 li2 gong1 yue1	intellectual_property	待核查	TW	unclassified	A13070000G		tw-tipo-trademark:398	tw-tipo-trademark-a2d04e951fbae5697b04	OGDL-Taiwan-1.0	source_attributed			
市	市	municipality	shi4	unclassified	待核查	TW	unclassified	憲法法庭書記廳		tw-judicial:336	tw-judicial-02ad6e236aec84d079f0	OGDL-Taiwan-1.0	source_attributed			
市区道路条例	市區道路條例	Urban Road Act	shi4 qu1 dao4 lu4 tiao2 li4	unclassified	待核查	TW	statute	憲法法庭書記廳		tw-judicial:337	tw-judicial-c8e627cb3c2cda2c3552	OGDL-Taiwan-1.0	source_attributed			
市场批发价格	市場批發價格	market wholesale value	shi4 chang3 pi1 fa1 jia4 ge2	unclassified	待核查	TW	unclassified	憲法法庭書記廳		tw-judicial:338	tw-judicial-d385b1a9d0056271d8d7	OGDL-Taiwan-1.0	source_attributed			
市场支配地位	市場支配地位	dominant market position	shi4 chang3 zhi1 pei4 di4 wei4	competition	CN	INTERNATIONAL	term	中华人民共和国反垄断法（2022修正）	拥有支配地位与滥用支配地位应分别判断；第二十二条针对滥用行为设限。	oll-cn-core:cn-market-dominance	cn-market-dominance	CC-BY-4.0	project_authored	经营者在相关市场中能够控制交易条件或阻碍、影响他人进入市场的地位。	项目释译，非官方译文；不将 dominant position 自动视为违法状态。	中华人民共和国反垄断法（2022修正） 第22条 https://www.csrc.gov.cn/beijing/c105536/c7431869/content.shtml
市议会	市議會	City Assembly	shi4 yi4 hui4	unclassified	待核查	TW	unclassified	憲法法庭書記廳		tw-judicial:339	tw-judicial-5750e8645f11073e2c02	OGDL-Taiwan-1.0	source_attributed			
常业文官	常業文官	ordinary public officers	chang2 ye4 wen2 guan1	unclassified	待核查	TW	unclassified	憲法法庭書記廳		tw-judicial:1251	tw-judicial-480998efb13ce015869d	OGDL-Taiwan-1.0	source_attributed			
常备军官	常備軍官	ranked military officer	chang2 bei4 jun1 guan1	unclassified	待核查	TW	unclassified	憲法法庭書記廳		tw-judicial:1250	tw-judicial-b95c99ca46f078bbc6af	OGDL-Taiwan-1.0	source_attributed			
平均地权条例	平均地權條例	The Equalization of Land Rights Act	ping2 jun1 di4 quan2 tiao2 li4	unclassified	待核查	TW	statute	憲法法庭書記廳		tw-judicial:340	tw-judicial-56156297edff36ee5649	OGDL-Taiwan-1.0	source_attributed			
平均地权条例施行细则	平均地權條例施行細則	Enforcement Rules of Equalization of Land Rights Act	ping2 jun1 di4 quan2 tiao2 li4 shi1 xing2 xi4 ze2	unclassified	待核查	TW	statute	憲法法庭書記廳		tw-judicial:341	tw-judicial-8da690ae02cab95ad392	OGDL-Taiwan-1.0	source_attributed			
平均每法官每月办结件数	平均每法官每月辦結件數	Average Number of Cases Closed by Each Judge Per Month	ping2 jun1 mei3 fa3 guan1 mei3 yue4 ban4 jie2 jian4 shu4	unclassified	待核查	TW	unclassified	統計處		tw-judicial:342	tw-judicial-cb278a07e0e616cd215d	OGDL-Taiwan-1.0	source_attributed			
平等保护原则	平等保護原則	equal protection principle	ping2 deng3 bao3 hu4 yuan2 ze2	unclassified	待核查	TW	unclassified	憲法法庭書記廳		tw-judicial:343	tw-judicial-f438fafa999c1dbd0962	OGDL-Taiwan-1.0	source_attributed			
平等原则	平等原則	principle of equality	ping2 deng3 yuan2 ze2	unclassified	待核查	TW	unclassified	憲法法庭書記廳		tw-judicial:344	tw-judicial-0f3cb2d9cc5d3a41a68f	OGDL-Taiwan-1.0	source_attributed			
平等权	平等權	right of equality	ping2 deng3 quan2	constitutional	待核查	TW	unclassified	憲法法庭書記廳		tw-judicial:345	tw-judicial-969b20fa2636f785b77d	OGDL-Taiwan-1.0	source_attributed			
平衡的、均衡的	平衡的、均衡的	equilibrated		intellectual_property	待核查	TW	unclassified	A13070000G		tw-tipo-trademark:191	tw-tipo-trademark-be1580c2b494a8c0d304	OGDL-Taiwan-1.0	source_attributed			
年功俸	年功俸	Additional Senior-increases over Basic Pay Rate	nian2 gong1 feng4	unclassified	待核查	TW	unclassified	人事處		tw-judicial:500	tw-judicial-e2aa305ebe949f3f599c	OGDL-Taiwan-1.0	source_attributed			
年度总决算	年度總決算	annual audit	nian2 du4 zong3 jue2 suan4	unclassified	待核查	TW	unclassified	憲法法庭書記廳		tw-judicial:501	tw-judicial-1f3deed7269213a6e811	OGDL-Taiwan-1.0	source_attributed			
年资	年資	seniority	nian2 zi1	unclassified	待核查	TW	unclassified	憲法法庭書記廳		tw-judicial:502	tw-judicial-25354f9aa6b5407293de	OGDL-Taiwan-1.0	source_attributed			
并存	併存	coexistence	bing4 cun2	intellectual_property	待核查	TW	unclassified	A13070000G		tw-tipo-trademark:80	tw-tipo-trademark-26ccf9f6b960a661a690	OGDL-Taiwan-1.0	source_attributed			
并存使用	併存使用	concurrent use	bing4 cun2 shi3 yong4	intellectual_property	待核查	TW	unclassified	A13070000G		tw-tipo-trademark:100	tw-tipo-trademark-3bae17fe58bf229669e0	OGDL-Taiwan-1.0	source_attributed			
并存使用协议	併存使用協議	concurrent use agreement	bing4 cun2 shi3 yong4 xie2 yi4	intellectual_property	待核查	TW	unclassified	A13070000G		tw-tipo-trademark:101	tw-tipo-trademark-d7dbb40be4344cc19cae	OGDL-Taiwan-1.0	source_attributed			
并存协议	併存協議	coexistence agreement	bing4 cun2 xie2 yi4	intellectual_property	待核查	TW	unclassified	A13070000G		tw-tipo-trademark:81	tw-tipo-trademark-4d61051c68a98d7d8e1e	OGDL-Taiwan-1.0	source_attributed			
幼稚教育法	幼稚教育法	Preschool Education Act	you4 zhi4 jiao4 yu4 fa3	unclassified	待核查	TW	statute	憲法法庭書記廳		tw-judicial:346	tw-judicial-cedbe59f2a7f60b48194	OGDL-Taiwan-1.0	source_attributed			
广播电视法	廣播電視法	Radio and Television Act	guang3 bo1 dian4 shi4 fa3	unclassified	待核查	TW	statute	憲法法庭書記廳		tw-judicial:1806	tw-judicial-277b72083bde93e6f99d	OGDL-Taiwan-1.0	source_attributed			
应税交易	應稅交易	taxable transaction	ying1 shui4 jiao1 yi4	tax	CN	INTERNATIONAL	term	中华人民共和国增值税法（2024通过）	第三条把有关有偿转让或提供行为纳入“应税交易”；进口货物同样属于增值税征税范围，但条文表述与“应税交易”并列。	oll-cn-tax-trade:cn-vat-taxable-transaction	cn-vat-taxable-transaction	CC-BY-4.0	project_authored	《增值税法》对境内销售货物、服务、无形资产和不动产等应纳入增值税计算的交易的统称。	项目释译，非官方译文；taxable transaction 用于本法定义语境，不泛指所有可能产生税负的交易。	中华人民共和国增值税法（2024通过） 第3条 https://fgk.chinatax.gov.cn/zcfgk/c100009/c5237365/content.html
应继分	應繼分	successional portion in place	ying1 ji4 fen1	unclassified	待核查	TW	unclassified	憲法法庭書記廳		tw-judicial:1949	tw-judicial-d06a05ff85aa5a54399d	OGDL-Taiwan-1.0	source_attributed			
应考人申请复查考试成绩处理办法	應考人申請複查考試成績處理辦法	Regulations Governing the Review of the Grade upon the Application of Civil Test Participants	ying4 kao3 ren2 shen1 qing3 fu4 cha2 kao3 shi4 cheng2 ji4 chu3 li3 ban4 fa3	unclassified	待核查	TW	statute	憲法法庭書記廳		tw-judicial:1946	tw-judicial-588d809d3b3db41356b4	OGDL-Taiwan-1.0	source_attributed			
应讯发言台 （刑事）	應訊發言台 （刑事）	Interrogation Seat		criminal	待核查	TW	unclassified	司法行政廳		tw-judicial:1948	tw-judicial-b0d06e51c13649973095	OGDL-Taiwan-1.0	source_attributed			
应讯发言台 （民事）	應訊發言台 （民事）	Statement Seat		civil	待核查	TW	unclassified	司法行政廳		tw-judicial:1947	tw-judicial-4ac3ac050e2359d344ea	OGDL-Taiwan-1.0	source_attributed			
废弃	廢棄	reverse	fei4 qi4	unclassified	待核查	TW	unclassified	憲法法庭書記廳		tw-judicial:1804	tw-judicial-194de5e3896c8b25bb7b	OGDL-Taiwan-1.0	source_attributed			
废止	廢止	revocation	fei4 zhi3	intellectual_property	待核查	TW	unclassified	A13070000G		tw-tipo-trademark:498	tw-tipo-trademark-cf937d25123cce619011	OGDL-Taiwan-1.0	source_attributed			
废止营业	廢止營業	termination of business	fei4 zhi3 ying2 ye4	unclassified	待核查	TW	unclassified	憲法法庭書記廳		tw-judicial:1803	tw-judicial-4ded5c9768be9cd4606a	OGDL-Taiwan-1.0	source_attributed			
废除	廢除	repeal	fei4 chu2	intellectual_property	待核查	TW	unclassified	A13070000G		tw-tipo-trademark:490	tw-tipo-trademark-8f29c54a71473b1b4425	OGDL-Taiwan-1.0	source_attributed			
度量衡法	度量衡法	The Weights and Measures Act	du4 liang4 heng2 fa3	unclassified	待核查	TW	statute	憲法法庭書記廳		tw-judicial:893	tw-judicial-bbc08d664ab45a950dd1	OGDL-Taiwan-1.0	source_attributed			
庭务员	庭務員	Court Attendant	ting2 wu4 yuan2	unclassified	待核查	TW	unclassified	司法行政廳		tw-judicial:1007	tw-judicial-2e1559ad02d6f3986842	OGDL-Taiwan-1.0	source_attributed			
庭长	庭長	Division-Chief Judge	ting2 zhang3	unclassified	待核查	TW	unclassified	司法行政廳		tw-judicial:1005	tw-judicial-fef628256d1886a47808	OGDL-Taiwan-1.0	source_attributed			
庭长室	庭長室	Division-Chief Judge Office或Presiding Judge Office	ting2 zhang3 shi4	unclassified	待核查	TW	unclassified	司法行政廳		tw-judicial:1006	tw-judicial-53c0238c3aec9b89f136	OGDL-Taiwan-1.0	source_attributed			
康乐室	康樂室	Recreation Room	kang1 le4 shi4	unclassified	待核查	TW	unclassified	司法行政廳		tw-judicial:1252	tw-judicial-8ae5ec131fb1663a4e75	OGDL-Taiwan-1.0	source_attributed			
延展期间	延展期間	extension period	yan2 zhan3 qi1 jian1	unclassified	待核查	TW	unclassified	憲法法庭書記廳		tw-judicial:726	tw-judicial-e06c31fd005bdfb7f137	OGDL-Taiwan-1.0	source_attributed			
延期	延期	extensions of time	yan2 qi1	intellectual_property	待核查	TW	unclassified	A13070000G		tw-tipo-trademark:210	tw-tipo-trademark-1c7d62a1e949fbe37ae0	OGDL-Taiwan-1.0	source_attributed			
延滞诉讼	延滯訴訟	delay of the proceedings	yan2 zhi4 su4 song4	dispute_resolution	待核查	TW	unclassified	憲法法庭書記廳		tw-judicial:727	tw-judicial-67d003a4cede40417748	OGDL-Taiwan-1.0	source_attributed			
延长任期	延長任期	term extension	yan2 chang2 ren4 qi1	unclassified	待核查	TW	unclassified	憲法法庭書記廳		tw-judicial:725	tw-judicial-a3a61b7eddddd7a4111e	OGDL-Taiwan-1.0	source_attributed			
建筑法	建築法	Building Act	jian4 zhu4 fa3	unclassified	待核查	TW	unclassified	憲法法庭書記廳		tw-judicial:894	tw-judicial-554b6060e40cd8d9d34d	OGDL-Taiwan-1.0	source_attributed			
建筑物使用执照	建築物使用執照	building occupation permit	jian4 zhu4 wu4 shi3 yong4 zhi2 zhao4	unclassified	待核查	TW	unclassified	憲法法庭書記廳		tw-judicial:895	tw-judicial-695864cc3c76e0d753cd	OGDL-Taiwan-1.0	source_attributed			
建筑管理	建築管理	construction regulation	jian4 zhu4 guan3 li3	unclassified	待核查	TW	unclassified	憲法法庭書記廳		tw-judicial:896	tw-judicial-15fe5636b7b796714fda	OGDL-Taiwan-1.0	source_attributed			
开庭报到处	開庭報到處	Check-in Counter (Court)	kai1 ting2 bao4 dao4 chu4	unclassified	待核查	TW	unclassified	司法行政廳		tw-judicial:1513	tw-judicial-fbd4095c74e0d2153004	OGDL-Taiwan-1.0	source_attributed			
开标室	開標室	Bidding Room	kai1 biao1 shi4	unclassified	待核查	TW	unclassified	司法行政廳		tw-judicial:1515	tw-judicial-42cfea76c7b089da6b5a	OGDL-Taiwan-1.0	source_attributed			
开航通知书	開航通知書	departure notice or authorization	kai1 hang2 tong1 zhi1 shu1	unclassified	待核查	TW	document	憲法法庭書記廳		tw-judicial:1514	tw-judicial-2f0ab4e82ca9262b847b	OGDL-Taiwan-1.0	source_attributed			
异议	異議	appeal	yi4 yi4	unclassified	待核查	TW	unclassified	民事廳		tw-judicial:1286	tw-judicial-242b0a50acd7e329c8a9	OGDL-Taiwan-1.0	source_attributed			
异议	異議	opposition	yi4 yi4	intellectual_property	待核查	TW	unclassified	A13070000G		tw-tipo-trademark:386	tw-tipo-trademark-360b06314e80cd2f977f	OGDL-Taiwan-1.0	source_attributed			
异议程序	異議程序	opposition proceeding	yi4 yi4 cheng2 xu4	unclassified	待核查	TW	unclassified	憲法法庭書記廳		tw-judicial:1287	tw-judicial-869ca82f32d727bde533	OGDL-Taiwan-1.0	source_attributed			
异议程序	異議程序	opposition proceeding	yi4 yi4 cheng2 xu4	intellectual_property	待核查	TW	unclassified	A13070000G		tw-tipo-trademark:388	tw-tipo-trademark-e5fb93e5f017f8df57fd	OGDL-Taiwan-1.0	source_attributed			
引水法	引水法	Pilotage Law	yin3 shui3 fa3	unclassified	待核查	TW	unclassified	憲法法庭書記廳		tw-judicial:226	tw-judicial-d6c081360c009d6a09f3	OGDL-Taiwan-1.0	source_attributed			
引渡法	引渡法	Law of Extradition	yin3 du4 fa3	unclassified	待核查	TW	unclassified	憲法法庭書記廳		tw-judicial:227	tw-judicial-0d3ffc10e869abd970ee	OGDL-Taiwan-1.0	source_attributed			
引证的注册商标	引證的註冊商標	cited registration	yin3 zheng4 de5 zhu4 ce4 shang1 biao1	intellectual_property	待核查	TW	unclassified	A13070000G		tw-tipo-trademark:71	tw-tipo-trademark-20be9b206c9ad1ffeb85	OGDL-Taiwan-1.0	source_attributed			
引证的注册商标并未使用	引證的註冊商標並未使用	The cited registration is not in use.	yin3 zheng4 de5 zhu4 ce4 shang1 biao1 bing4 wei4 shi3 yong4	intellectual_property	待核查	TW	unclassified	A13070000G		tw-tipo-trademark:589	tw-tipo-trademark-2af6a865a3434f7ff51e	OGDL-Taiwan-1.0	source_attributed			
弱势商标	弱勢商標	weak mark	ruo4 shi4 shang1 biao1	intellectual_property	待核查	TW	unclassified	A13070000G		tw-tipo-trademark:605	tw-tipo-trademark-cbcf7b1422731b5019a5	OGDL-Taiwan-1.0	source_attributed			
弹劾	彈劾	Impeachment	tan2 he2	unclassified	待核查	TW	unclassified	行政訴訟及懲戒廳		tw-judicial:1807	tw-judicial-8003b8a40173d6991da2	OGDL-Taiwan-1.0	source_attributed			
弹劾权	彈劾權	impeachment power	tan2 he2 quan2	unclassified	待核查	TW	unclassified	憲法法庭書記廳		tw-judicial:1808	tw-judicial-0f5a8609b5622ac14feb	OGDL-Taiwan-1.0	source_attributed			
强制保险	強制保險	compulsory insurance	qiang2 zhi4 bao3 xian3	unclassified	待核查	TW	unclassified	憲法法庭書記廳		tw-judicial:1256	tw-judicial-64c3941b124edc5d0c9b	OGDL-Taiwan-1.0	source_attributed			
强制劳动	強制勞動	compulsory labor	qiang2 zhi4 lao2 dong4	employment	待核查	TW	unclassified	憲法法庭書記廳		tw-judicial:1259	tw-judicial-3c9bed201841c8ea3d33	OGDL-Taiwan-1.0	source_attributed			
强制工作	強制工作	forced labor	qiang2 zhi4 gong1 zuo4	unclassified	待核查	TW	unclassified	憲法法庭書記廳		tw-judicial:1253	tw-judicial-11ac12805a2d0833731c	OGDL-Taiwan-1.0	source_attributed			
强制执行	強制執行	compulsory enforcement	qiang2 zhi4 zhi2 xing2	unclassified	待核查	TW	unclassified	憲法法庭書記廳		tw-judicial:1257	tw-judicial-7c6d833b8d4492fdc097	OGDL-Taiwan-1.0	source_attributed			
强制执行法	強制執行法	Compulsory Enforcement Act	qiang2 zhi4 zhi2 xing2 fa3	unclassified	待核查	TW	statute	憲法法庭書記廳		tw-judicial:1258	tw-judicial-92aada083f7e15d0cb54	OGDL-Taiwan-1.0	source_attributed			
强制收买	強制收買	compulsory buyback	qiang2 zhi4 shou1 mai3	unclassified	待核查	TW	unclassified	憲法法庭書記廳		tw-judicial:1254	tw-judicial-2a38547e39bd10b2a2c1	OGDL-Taiwan-1.0	source_attributed			
强制汽车责任保险法	強制汽車責任保險法	Compulsory Automobile Liability Insurance Act	qiang2 zhi4 qi4 che1 ze2 ren4 bao3 xian3 fa3	unclassified	待核查	TW	statute	憲法法庭書記廳		tw-judicial:1255	tw-judicial-e33fa3881aabbfd03363	OGDL-Taiwan-1.0	source_attributed			
强势商标	強勢商標	strong mark	qiang2 shi4 shang1 biao1	intellectual_property	待核查	TW	unclassified	A13070000G		tw-tipo-trademark:542	tw-tipo-trademark-cf7edcb79e325a008add	OGDL-Taiwan-1.0	source_attributed			
当事人	當事人	litigant	dang1 shi4 ren2	unclassified	待核查	TW	role	民事廳		tw-judicial:1562	tw-judicial-3d35d7957e05217bbb8b	OGDL-Taiwan-1.0	source_attributed			
当事人休息室	當事人休息室	Litigants Lounge	dang1 shi4 ren2 xiu1 xi1 shi4	unclassified	待核查	TW	unclassified	司法行政廳		tw-judicial:1563	tw-judicial-39716305c691b079fa7d	OGDL-Taiwan-1.0	source_attributed			
当事人能力	當事人能力	capacity to be a party	dang1 shi4 ren2 neng2 li4	unclassified	待核查	TW	unclassified	憲法法庭書記廳		tw-judicial:1564	tw-judicial-888efb2feae8521d946b	OGDL-Taiwan-1.0	source_attributed			
当场作出行政处罚决定	當場作出行政處罰決定	on-the-spot administrative penalty decision	dang1 chang3 zuo4 chu1 xing2 zheng4 chu3 fa2 jue2 ding4	administrative	CN	INTERNATIONAL	action	中华人民共和国行政处罚法（2021修订）	现行条文规定，对公民二百元以下、对法人或其他组织三千元以下罚款或者警告等符合条件的情形，可以当场决定；法律另有规定的从其规定。	oll-cn-admin-labor:cn-admin-on-the-spot-decision	cn-admin-on-the-spot-decision	CC-BY-4.0	project_authored	在违法事实确凿且有法定依据，并符合本法规定的处罚种类和数额条件时，由执法主体当场作出行政处罚决定的处理方式。	项目释译，非官方译文；on-the-spot decision 描述第五十一条的当场决定机制，不把所有简化程序一概译为 summary proceeding。	中华人民共和国行政处罚法（2021修订） 第51条 https://fgk.chinatax.gov.cn/zcfgk/c100009/c5211778/content.html
当然解释	當然解釋	logical construction	dang1 ran2 jie3 shi4	unclassified	待核查	TW	unclassified	憲法法庭書記廳		tw-judicial:1565	tw-judicial-973cde8f7dda9da01032	OGDL-Taiwan-1.0	source_attributed			
当申请案付诸审查执行程序时	當申請案付諸審查執行程序時	during prosecution of the application up	dang1 shen1 qing3 an4 fu4 zhu1 shen3 cha2 zhi2 xing2 cheng2 xu4 shi2	intellectual_property	待核查	TW	unclassified	A13070000G		tw-tipo-trademark:174	tw-tipo-trademark-e4ca8acd4e9bf73f7157	OGDL-Taiwan-1.0	source_attributed			
录事	錄事	Assistant Clerk	lu4 shi4	unclassified	待核查	TW	unclassified	司法行政廳		tw-judicial:1938	tw-judicial-81e4687f08fbbedc29ff	OGDL-Taiwan-1.0	source_attributed			
形成、构成	形成、構成	form		intellectual_property	待核查	TW	unclassified	A13070000G		tw-tipo-trademark:235	tw-tipo-trademark-52918c533e0ef1e98119	OGDL-Taiwan-1.0	source_attributed			
影印	影印	Photocopy	ying3 yin4	unclassified	待核查	TW	unclassified	司法行政廳		tw-judicial:1809	tw-judicial-9f0392422762ea0d9114	OGDL-Taiwan-1.0	source_attributed			
役男	役男	eligible male	yi4 nan2	unclassified	待核查	TW	unclassified	憲法法庭書記廳		tw-judicial:634	tw-judicial-a259709bdf69ff4290ea	OGDL-Taiwan-1.0	source_attributed			
役男出境处理办法	役男出境處理辦法	Regulations for Exit of Draftees	yi4 nan2 chu1 jing4 chu3 li3 ban4 fa3	unclassified	待核查	TW	statute	憲法法庭書記廳		tw-judicial:635	tw-judicial-bb1102a06ce41828e14b	OGDL-Taiwan-1.0	source_attributed			
征兵	徵兵	conscription	zheng1 bing1	unclassified	待核查	TW	unclassified	憲法法庭書記廳		tw-judicial:1811	tw-judicial-fb11d39e6cde7a83b168	OGDL-Taiwan-1.0	source_attributed			
征兵规则	徵兵規則	Conscription Regulations	zheng1 bing1 gui1 ze2	unclassified	待核查	TW	statute	憲法法庭書記廳		tw-judicial:1812	tw-judicial-aecd883344eccfcc3c0c	OGDL-Taiwan-1.0	source_attributed			
征收	徵收	eminent domain proceedings; expropriation; requisition	zheng1 shou1	unclassified	待核查	TW	unclassified	憲法法庭書記廳		tw-judicial:1810	tw-judicial-2e1b409fd3834994c1ba	OGDL-Taiwan-1.0	source_attributed			
律师	律師	attorney	lv4 shi1	intellectual_property	待核查	TW	role	A13070000G		tw-tipo-trademark:48	tw-tipo-trademark-ba36aee1190e44804147	OGDL-Taiwan-1.0	source_attributed			
律师事务所	律師事務所	law firm	lv4 shi1 shi4 wu4 suo3	intellectual_property	待核查	TW	institution	A13070000G		tw-tipo-trademark:228	tw-tipo-trademark-0eb51b0598b0ce400ffc	OGDL-Taiwan-1.0	source_attributed			
律师室	律師室	Attorney Lounge	lv4 shi1 shi4	unclassified	待核查	TW	unclassified	司法行政廳		tw-judicial:898	tw-judicial-4cca9976fabb2afddbd5	OGDL-Taiwan-1.0	source_attributed			
律师惩戒	律師懲戒	lawyers' discipline	lv4 shi1 cheng2 jie4	unclassified	待核查	TW	unclassified	憲法法庭書記廳		tw-judicial:899	tw-judicial-9fc6d83d645e0aa1807c	OGDL-Taiwan-1.0	source_attributed			
律师法	律師法	Attorney Regulation Act	lv4 shi1 fa3	unclassified	待核查	TW	unclassified	憲法法庭書記廳		tw-judicial:897	tw-judicial-cb870d99e26ab99cd62c	OGDL-Taiwan-1.0	source_attributed			
徽章、符号、纹章图案	徽章、符號、紋章圖案	emblem		intellectual_property	待核查	TW	unclassified	A13070000G		tw-tipo-trademark:181	tw-tipo-trademark-b8a71aefaa007274d0d3	OGDL-Taiwan-1.0	source_attributed			
心理测验	心理測驗	Psychological test（Psychological Assessment）	xin1 li3 ce4 yan4	unclassified	待核查	TW	unclassified	少年及家事廳		tw-judicial:228	tw-judicial-21b58e5c10b4692f1a2a	OGDL-Taiwan-1.0	source_attributed			
心理测验员	心理測驗員	Psychology Technologist	xin1 li3 ce4 yan4 yuan2	unclassified	待核查	TW	unclassified	司法行政廳		tw-judicial:229	tw-judicial-2b507abf092070b922b6	OGDL-Taiwan-1.0	source_attributed			
心理辅导	心理輔導	Psychological Counseling	xin1 li3 fu3 dao3	unclassified	待核查	TW	unclassified	少年及家事廳		tw-judicial:230	tw-judicial-4151a1136b696b9e93dc	OGDL-Taiwan-1.0	source_attributed			
心理辅导员	心理輔導員	Psychology Counselor	xin1 li3 fu3 dao3 yuan2	unclassified	待核查	TW	unclassified	司法行政廳		tw-judicial:231	tw-judicial-5b243a2cfb0d27737015	OGDL-Taiwan-1.0	source_attributed			
心证	心證	moral conviction	xin1 zheng4	unclassified	待核查	TW	unclassified	憲法法庭書記廳		tw-judicial:232	tw-judicial-6f51445a6a12e893c6ce	OGDL-Taiwan-1.0	source_attributed			
必要性原则	必要性原則	principle of necessity	bi4 yao4 xing4 yuan2 ze2	unclassified	待核查	TW	unclassified	憲法法庭書記廳		tw-judicial:347	tw-judicial-030761c9536dbfe4926f	OGDL-Taiwan-1.0	source_attributed			
必要措施	必要措施	necessary measures	bi4 yao4 cuo4 shi1	unclassified	待核查	TW	unclassified	憲法法庭書記廳		tw-judicial:348	tw-judicial-f5886189a579215ab481	OGDL-Taiwan-1.0	source_attributed			
必要的、不可缺的	必要的、不可缺的	essential (+to/for)		intellectual_property	待核查	TW	unclassified	A13070000G		tw-tipo-trademark:193	tw-tipo-trademark-5fc6c9def43df35451ec	OGDL-Taiwan-1.0	source_attributed			
志工	志工	Volunteers	zhi4 gong1	unclassified	待核查	TW	unclassified	司法行政廳		tw-judicial:636	tw-judicial-c700cb1c5925696611ae	OGDL-Taiwan-1.0	source_attributed			
志工服务台	志工服務台	Volunteer Service Counter	zhi4 gong1 fu2 wu4 tai2	unclassified	待核查	TW	unclassified	司法行政廳		tw-judicial:637	tw-judicial-5f8dd64339f7b2cd9df1	OGDL-Taiwan-1.0	source_attributed			
志愿士兵服役条例	志願士兵服役條例	Act of Military Service for Volunteer Enlisted Men	zhi4 yuan4 shi4 bing1 fu2 yi4 tiao2 li4	unclassified	待核查	TW	statute	憲法法庭書記廳		tw-judicial:638	tw-judicial-7465a02ad0aa2154fb80	OGDL-Taiwan-1.0	source_attributed			
忠实义务	忠實義務	duty of loyalty	zhong1 shi2 yi4 wu4	company	CN	INTERNATIONAL	term	中华人民共和国公司法（2023修订）	实际执行公司事务但未任董事的控股股东、实际控制人，也适用该条规定。	oll-cn-core:cn-duty-loyalty	cn-duty-loyalty	CC-BY-4.0	project_authored	董事、监事及高级管理人员等依法对公司承担的避免利益冲突、不利用职权牟取不正当利益的义务。	项目释译，非官方译文；按公司法规定的主体和范围理解。	中华人民共和国公司法（2023修订） 第180条 https://fgk.chinatax.gov.cn/zcfgk/c100009/c5233383/content.html
性侵害犯罪防治法	性侵害犯罪防治法	Sexual Assault Crime Prevention Act	xing4 qin1 hai4 fan4 zui4 fang2 zhi4 fa3	criminal	待核查	TW	statute	憲法法庭書記廳		tw-judicial:730	tw-judicial-0d0a970567eb8c682ac7	OGDL-Taiwan-1.0	source_attributed			
性别歧视	性別歧視	sexual discrimination	xing4 bie2 qi2 shi4	unclassified	待核查	TW	unclassified	憲法法庭書記廳		tw-judicial:729	tw-judicial-0c76109bd9c0b8ae9a13	OGDL-Taiwan-1.0	source_attributed			
性行为自由	性行為自由	freedom of sexual behavior	xing4 xing2 wei2 zi4 you2	unclassified	待核查	TW	unclassified	憲法法庭書記廳		tw-judicial:728	tw-judicial-7e441eae59a81aa6acd1	OGDL-Taiwan-1.0	source_attributed			
总务科	總務科	General Affairs Section	zong3 wu4 ke1	unclassified	待核查	TW	unclassified	司法行政廳		tw-judicial:1978	tw-judicial-e4190b2a17670f1c6a5f	OGDL-Taiwan-1.0	source_attributed			
总统任期	總統任期	term of the Presidency	zong3 tong3 ren4 qi1	unclassified	待核查	TW	unclassified	憲法法庭書記廳		tw-judicial:1979	tw-judicial-e2396058e34f3138b2ac	OGDL-Taiwan-1.0	source_attributed			
总统副总统及特任人员月俸公费支给暂行条例	總統副總統及特任人員月俸公費支給暫行條例	Temporary Act on President’s, Vice President’s and Special Rank Officials’ Monthly Salary and Pay for Duty-related Expenses	zong3 tong3 fu4 zong3 tong3 ji2 te4 ren4 ren2 yuan2 yue4 feng4 gong1 fei4 zhi1 gei3 zan4 xing2 tiao2 li4	unclassified	待核查	TW	statute	憲法法庭書記廳		tw-judicial:1980	tw-judicial-b894f2f4050e53ea90f1	OGDL-Taiwan-1.0	source_attributed			
总统副总统选举罢免法	總統副總統選舉罷免法	Presidential and Vice Presidential Election and Recall Act	zong3 tong3 fu4 zong3 tong3 xuan3 ju3 ba4 mian3 fa3	unclassified	待核查	TW	statute	憲法法庭書記廳		tw-judicial:1982	tw-judicial-0be98e065f1b53b1836e	OGDL-Taiwan-1.0	source_attributed			
总统副总统选举连署及查核办法	總統副總統選舉連署及查核辦法	Rules on Joint Endorsement and Its Verification for Presidential and Vice Presidential Election	zong3 tong3 fu4 zong3 tong3 xuan3 ju3 lian2 shu3 ji2 cha2 he2 ban4 fa3	unclassified	待核查	TW	statute	憲法法庭書記廳		tw-judicial:1981	tw-judicial-0f201a6b86a54bff20ac	OGDL-Taiwan-1.0	source_attributed			
总辞	總辭	general resignation	zong3 ci2	unclassified	待核查	TW	unclassified	憲法法庭書記廳		tw-judicial:1983	tw-judicial-188b17a77ac6d3badff5	OGDL-Taiwan-1.0	source_attributed			
恢复	恢復	recovery	hui1 fu4	intellectual_property	待核查	TW	unclassified	A13070000G		tw-tipo-trademark:466	tw-tipo-trademark-7e22f87722b9c53a8cf9	OGDL-Taiwan-1.0	source_attributed			
恢复、复原	恢復、復原	reinstatement		intellectual_property	待核查	TW	unclassified	A13070000G		tw-tipo-trademark:480	tw-tipo-trademark-6e81c5505be0967bf752	OGDL-Taiwan-1.0	source_attributed			
恶意	惡意	bad faith	e4 yi4	intellectual_property	待核查	TW	unclassified	A13070000G		tw-tipo-trademark:49	tw-tipo-trademark-72c0bbf3554aee28e5db	OGDL-Taiwan-1.0	source_attributed			
恶意串通	惡意串通	malicious collusion	e4 yi4 chuan4 tong1	civil	CN	INTERNATIONAL	term	中华人民共和国民法典（2020）	第一百五十四条规定此类民事法律行为无效。	oll-cn-core:cn-malicious-collusion	cn-malicious-collusion	CC-BY-4.0	project_authored	行为人与相对人恶意配合，损害他人合法权益的情形。	项目释译，非官方译文；collusion 在此需要结合恶意及损害他人合法权益的条件理解。	中华人民共和国民法典（2020） 第154条 https://www.court.gov.cn/zixun/xiangqing/233181.html
恶意遗弃	惡意遺棄	willful abandonment	e4 yi4 yi2 qi4	unclassified	待核查	TW	unclassified	憲法法庭書記廳		tw-judicial:1410	tw-judicial-cfe146df1637b4bdf723	OGDL-Taiwan-1.0	source_attributed			
悬而未决的	懸而未決的	pending	xuan2 er2 wei4 jue2 de5	intellectual_property	待核查	TW	unclassified	A13070000G		tw-tipo-trademark:402	tw-tipo-trademark-c64b4ab4ea15621fe6c1	OGDL-Taiwan-1.0	source_attributed			
情况、环境、情势	情況、環境、情勢	circumstance		intellectual_property	待核查	TW	unclassified	A13070000G		tw-tipo-trademark:70	tw-tipo-trademark-9e1ddfe4de7da1f509bc	OGDL-Taiwan-1.0	source_attributed			
情况判决	情況判決	Circumstantial Judgement	qing2 kuang4 pan4 jue2	dispute_resolution	待核查	TW	unclassified	行政訴訟及懲戒廳		tw-judicial:1263	tw-judicial-19f8c373677fc1b3b83c	OGDL-Taiwan-1.0	source_attributed			
惩戒处分	懲戒處分	the disposition of disciplinary sanction	cheng2 jie4 chu3 fen4	unclassified	待核查	TW	unclassified	行政訴訟及懲戒廳		tw-judicial:2037	tw-judicial-6e5a00829776eb761ef4	OGDL-Taiwan-1.0	source_attributed			
惩戒处分议决	懲戒處分議決	passing of a resolution to discipline	cheng2 jie4 chu3 fen4 yi4 jue2	unclassified	待核查	TW	unclassified	憲法法庭書記廳		tw-judicial:2038	tw-judicial-4439bdb717dd23fb0249	OGDL-Taiwan-1.0	source_attributed			
惩戒机关	懲戒機關	disciplinary authority	cheng2 jie4 ji1 guan1	unclassified	待核查	TW	unclassified	憲法法庭書記廳		tw-judicial:2039	tw-judicial-95379aee417de3d7c94e	OGDL-Taiwan-1.0	source_attributed			
惩戒法庭	懲戒法庭	Disciplinary Chamber	cheng2 jie4 fa3 ting2	unclassified	待核查	TW	unclassified	司法行政廳		tw-judicial:2035	tw-judicial-ac245e8940773bf8570a	OGDL-Taiwan-1.0	source_attributed			
惩戒法院	懲戒法院	Disciplinary Court	cheng2 jie4 fa3 yuan4	dispute_resolution	待核查	TW	institution	司法行政廳		tw-judicial:2036	tw-judicial-f7b31380e8eaadffb4b0	OGDL-Taiwan-1.0	source_attributed			
惩治叛乱条例	懲治叛亂條例	Betrayers Punishment Act	cheng2 zhi4 pan4 luan4 tiao2 li4	unclassified	待核查	TW	statute	憲法法庭書記廳		tw-judicial:2041	tw-judicial-2acb23a57637e4825f7d	OGDL-Taiwan-1.0	source_attributed			
惩治汉奸条例	懲治漢奸條例	Traitors Punishment Act	cheng2 zhi4 han4 jian1 tiao2 li4	unclassified	待核查	TW	statute	憲法法庭書記廳		tw-judicial:2043	tw-judicial-07b914bdcf298c18b9af	OGDL-Taiwan-1.0	source_attributed			
惩治盗匪条例	懲治盜匪條例	Robbery Punishment Act	cheng2 zhi4 dao4 fei3 tiao2 li4	unclassified	待核查	TW	statute	憲法法庭書記廳		tw-judicial:2042	tw-judicial-89df37944059be5549f3	OGDL-Taiwan-1.0	source_attributed			
惩治走私条例	懲治走私條例	The Smuggling Penalty Act	cheng2 zhi4 zou3 si1 tiao2 li4	unclassified	待核查	TW	statute	憲法法庭書記廳		tw-judicial:2040	tw-judicial-4b0ceb800a8abe08589e	OGDL-Taiwan-1.0	source_attributed			
意图使用	意圖使用	intended use	yi4 tu2 shi3 yong4	intellectual_property	待核查	TW	unclassified	A13070000G		tw-tipo-trademark:312	tw-tipo-trademark-87aac3d222ab66e841f2	OGDL-Taiwan-1.0	source_attributed			
意图避免召集	意圖避免召集	intent to evade draft	yi4 tu2 bi4 mian3 zhao4 ji2	unclassified	待核查	TW	unclassified	憲法法庭書記廳		tw-judicial:1531	tw-judicial-cb282acef8436e626305	OGDL-Taiwan-1.0	source_attributed			
意见书	意見書	opinion letter	yi4 jian4 shu1	intellectual_property	待核查	TW	unclassified	A13070000G		tw-tipo-trademark:384	tw-tipo-trademark-cb68cdd3f831ba1591fe	OGDL-Taiwan-1.0	source_attributed			
成立于1883年，目的在于保护工业财产权	成立於1883年，目的在於保護工業財產權	for the Protection of Industrial Property of 1883		intellectual_property	待核查	TW	unclassified	A13070000G		tw-tipo-trademark:399	tw-tipo-trademark-ff763acfe461d4a25c7d	OGDL-Taiwan-1.0	source_attributed			
戒严时期	戒嚴時期	period of martial law	jie4 yan2 shi2 qi1	unclassified	待核查	TW	unclassified	憲法法庭書記廳		tw-judicial:640	tw-judicial-f3cde34a486eb4acb718	OGDL-Taiwan-1.0	source_attributed			
戒严时期人民受损权利回复条例	戒嚴時期人民受損權利回復條例	Act Governing the Recovery of Damage of Individual Rights during the Period of Martial Law	jie4 yan2 shi2 qi1 ren2 min2 shou4 sun3 quan2 li4 hui2 fu4 tiao2 li4	unclassified	待核查	TW	statute	憲法法庭書記廳		tw-judicial:641	tw-judicial-81013e81a6f04e64b04c	OGDL-Taiwan-1.0	source_attributed			
戒严法	戒嚴法	Martial Law	jie4 yan2 fa3	unclassified	待核查	TW	unclassified	憲法法庭書記廳		tw-judicial:639	tw-judicial-a70401cb08fe4c871366	OGDL-Taiwan-1.0	source_attributed			
戒护场所	戒護場所	Guard and Control Area	jie4 hu4 chang3 suo3	unclassified	待核查	TW	unclassified	司法行政廳		tw-judicial:642	tw-judicial-c66d12ff8c5ede2480eb	OGDL-Taiwan-1.0	source_attributed			
战士授田凭据处理条例	戰士授田憑據處理條例	Act Governing the Handling of Land Grant Certificates to Soldiers	zhan4 shi4 shou4 tian2 ping2 ju4 chu3 li3 tiao2 li4	unclassified	待核查	TW	statute	憲法法庭書記廳		tw-judicial:1899	tw-judicial-a3a91e22372a3293b5c2	OGDL-Taiwan-1.0	source_attributed			
战时交通电业设备及器材防护条例	戰時交通電業設備及器材防護條例	Act on Protection of Communicational Electric Equipment and Facilities during War Period	zhan4 shi2 jiao1 tong1 dian4 ye4 she4 bei4 ji2 qi4 cai2 fang2 hu4 tiao2 li4	unclassified	待核查	TW	statute	憲法法庭書記廳		tw-judicial:1900	tw-judicial-59659fed04fa89fdb503	OGDL-Taiwan-1.0	source_attributed			
战胜拒绝注册事由	戰勝拒絕註冊事由	overcoming the refusal	zhan4 sheng4 ju4 jue2 zhu4 ce4 shi4 you2	intellectual_property	待核查	TW	unclassified	A13070000G		tw-tipo-trademark:392	tw-tipo-trademark-ca4a2446bfb9ec2ad5d0	OGDL-Taiwan-1.0	source_attributed			
戡乱时期肃清烟毒条例	戡亂時期肅清煙毒條例	Drug Control Act during the Period for Suppression of the Communist Rebellion	kan1 luan4 shi2 qi1 su4 qing1 yan1 du2 tiao2 li4	unclassified	待核查	TW	statute	憲法法庭書記廳		tw-judicial:1533	tw-judicial-e148be1d9cc273d4bc81	OGDL-Taiwan-1.0	source_attributed			
戡乱时期贪污治罪条例	戡亂時期貪污治罪條例	Corruption Punishment Act during the Period for Suppression of the Communist Rebellion	kan1 luan4 shi2 qi1 tan1 wu1 zhi4 zui4 tiao2 li4	criminal	待核查	TW	statute	憲法法庭書記廳		tw-judicial:1532	tw-judicial-069867adbfcc99d84ffd	OGDL-Taiwan-1.0	source_attributed			
户籍	戶籍	household registry	hu4 ji2	unclassified	待核查	TW	unclassified	憲法法庭書記廳		tw-judicial:233	tw-judicial-e7ca777d19ad97ce84ae	OGDL-Taiwan-1.0	source_attributed			
户籍法	戶籍法	Household Registration Act	hu4 ji2 fa3	unclassified	待核查	TW	unclassified	憲法法庭書記廳		tw-judicial:234	tw-judicial-f1d01590eac47e6b4503	OGDL-Taiwan-1.0	source_attributed			
房屋税	房屋稅	house tax	fang2 wu1 shui4	tax	待核查	TW	unclassified	憲法法庭書記廳		tw-judicial:731	tw-judicial-a5de5e6bafe9df1f1a58	OGDL-Taiwan-1.0	source_attributed			
房屋税条例	房屋稅條例	House Tax Act	fang2 wu1 shui4 tiao2 li4	tax	待核查	TW	statute	憲法法庭書記廳		tw-judicial:732	tw-judicial-1ead4cb888f9ba3ff425	OGDL-Taiwan-1.0	source_attributed			
房屋评定价格	房屋評定價格	assessed value of house	fang2 wu1 ping2 ding4 jia4 ge2	unclassified	待核查	TW	unclassified	憲法法庭書記廳		tw-judicial:733	tw-judicial-1343a3159ebf7833528f	OGDL-Taiwan-1.0	source_attributed			
所得税	所得稅	income tax	suo3 de2 shui4	tax	待核查	TW	unclassified	憲法法庭書記廳		tw-judicial:735	tw-judicial-bb2e89d66aef1d79ab12	OGDL-Taiwan-1.0	source_attributed			
所得税免税额	所得稅免稅額	income tax exemption	suo3 de2 shui4 mian3 shui4 e2	tax	待核查	TW	unclassified	憲法法庭書記廳		tw-judicial:736	tw-judicial-f4e017214a5e29ea4e33	OGDL-Taiwan-1.0	source_attributed			
所得税法	所得稅法	Income Tax Act	suo3 de2 shui4 fa3	tax	待核查	TW	statute	憲法法庭書記廳		tw-judicial:737	tw-judicial-af321b7cd181b3a70b9f	OGDL-Taiwan-1.0	source_attributed			
所得税法施行细则	所得稅法施行細則	Enforcement Rules of the Income Tax Act	suo3 de2 shui4 fa3 shi1 xing2 xi4 ze2	tax	待核查	TW	statute	憲法法庭書記廳		tw-judicial:738	tw-judicial-b81bf1b8700b5702fa53	OGDL-Taiwan-1.0	source_attributed			
所有人	所有人	owner	suo3 you3 ren2	intellectual_property	待核查	TW	unclassified	A13070000G		tw-tipo-trademark:395	tw-tipo-trademark-28148b823d70e508064f	OGDL-Taiwan-1.0	source_attributed			
所有权	所有權	ownership	suo3 you3 quan2	property,civil	CN	INTERNATIONAL	term	中华人民共和国民法典（2020）	四项权能应与仅包含部分权能的用益物权区分。	oll-cn-core:cn-ownership	cn-ownership	CC-BY-4.0	project_authored	所有权人依法对自己的动产或不动产享有占有、使用、收益和处分的权利。	项目释译，非官方译文；title 有时涉及权属，本库以 ownership 作为本概念主译。	中华人民共和国民法典（2020） 第240条 https://www.court.gov.cn/zixun/xiangqing/233181.html
所有权	所有權	ownership	suo3 you3 quan2	intellectual_property	待核查	TW	unclassified	A13070000G		tw-tipo-trademark:396	tw-tipo-trademark-c76a46791243bb8e877e	OGDL-Taiwan-1.0	source_attributed			
所长	所長	Director-General	suo3 zhang3	unclassified	待核查	TW	unclassified	司法行政廳		tw-judicial:734	tw-judicial-95eca47f7f9122edec7a	OGDL-Taiwan-1.0	source_attributed			
手册、简介	手冊、簡介	manual		intellectual_property	待核查	TW	unclassified	A13070000G		tw-tipo-trademark:349	tw-tipo-trademark-e215b5ab5cc832658534	OGDL-Taiwan-1.0	source_attributed			
打字室	打字室	Typing Room	da3 zi4 shi4	unclassified	待核查	TW	unclassified	司法行政廳		tw-judicial:349	tw-judicial-da3a4b58ddbe120274b0	OGDL-Taiwan-1.0	source_attributed			
打字形式（指商标系以打字形式表现）	打字形式（指商標係以打字形式表現）	Typed form		intellectual_property	待核查	TW	unclassified	A13070000G		tw-tipo-trademark:576	tw-tipo-trademark-d9aec458ae21d1491e7d	OGDL-Taiwan-1.0	source_attributed			
扣缴	扣繳	tax withholding	kou4 jiao3	unclassified	待核查	TW	unclassified	憲法法庭書記廳		tw-judicial:504	tw-judicial-608834c064fe4a0eb241	OGDL-Taiwan-1.0	source_attributed			
扣缴义务人	扣繳義務人	person charged with withholding duty; tax withholder	kou4 jiao3 yi4 wu4 ren2	unclassified	待核查	TW	unclassified	憲法法庭書記廳		tw-judicial:505	tw-judicial-469589b0f42a83902aa2	OGDL-Taiwan-1.0	source_attributed			
扣除额	扣除額	tax deduction	kou4 chu2 e2	unclassified	待核查	TW	unclassified	憲法法庭書記廳		tw-judicial:503	tw-judicial-9bf588d81f4795775fd9	OGDL-Taiwan-1.0	source_attributed			
执票人	執票人	bearer	zhi2 piao4 ren2	unclassified	待核查	TW	unclassified	憲法法庭書記廳		tw-judicial:1235	tw-judicial-db020e98f877086e54c7	OGDL-Taiwan-1.0	source_attributed			
执行公司业务	執行公司業務	administration of corporate affairs	zhi2 xing2 gong1 si1 ye4 wu4	company	待核查	TW	unclassified	憲法法庭書記廳		tw-judicial:1229	tw-judicial-f660501c70e32545bdc9	OGDL-Taiwan-1.0	source_attributed			
执行刑	執行刑	execution	zhi2 xing2 xing2	criminal	待核查	TW	unclassified	憲法法庭書記廳		tw-judicial:1230	tw-judicial-f2c3f04be5eabc29e97d	OGDL-Taiwan-1.0	source_attributed			
执行名义	執行名義	entitlement foreclosure	zhi2 xing2 ming2 yi4	unclassified	待核查	TW	unclassified	憲法法庭書記廳		tw-judicial:1231	tw-judicial-2a1d33ee0ddeac07f7fb	OGDL-Taiwan-1.0	source_attributed			
执行机关	執行機關	enforcing authority	zhi2 xing2 ji1 guan1	unclassified	待核查	TW	unclassified	憲法法庭書記廳		tw-judicial:1234	tw-judicial-0f54e2f4e1baf9c43be7	OGDL-Taiwan-1.0	source_attributed			
执行费	執行費	execution fees	zhi2 xing2 fei4	unclassified	待核查	TW	unclassified	少年及家事廳		tw-judicial:1232	tw-judicial-d8e9529e8b9af75f619d	OGDL-Taiwan-1.0	source_attributed			
执行预算之弹性	執行預算之彈性	flexibility of budget execution	zhi2 xing2 yu4 suan4 zhi1 tan2 xing4	unclassified	待核查	TW	unclassified	憲法法庭書記廳		tw-judicial:1233	tw-judicial-5a130392308508f6acc5	OGDL-Taiwan-1.0	source_attributed			
执达员	執達員	Process-server	zhi2 da2 yuan2	unclassified	待核查	TW	unclassified	司法行政廳		tw-judicial:1236	tw-judicial-fa67331073cf6d7907e0	OGDL-Taiwan-1.0	source_attributed			
扩张理论	擴張理論	expansive doctrine	kuo4 zhang1 li3 lun4	intellectual_property	待核查	TW	unclassified	A13070000G		tw-tipo-trademark:207	tw-tipo-trademark-37c87a2de4ff186160ec	OGDL-Taiwan-1.0	source_attributed			
扩张适用	擴張適用	extensive application	kuo4 zhang1 shi4 yong4	unclassified	待核查	TW	unclassified	憲法法庭書記廳		tw-judicial:1999	tw-judicial-eae24133279998fa2430	OGDL-Taiwan-1.0	source_attributed			
批准	批准	ratification	pi1 zhun3	unclassified	待核查	TW	unclassified	憲法法庭書記廳		tw-judicial:651	tw-judicial-9c28ea5d70e86c2b6cba	OGDL-Taiwan-1.0	source_attributed			
承诺	承諾	acceptance of an offer	cheng2 nuo4	contracts	CN	INTERNATIONAL	term	中华人民共和国民法典（2020）	承诺生效时合同原则上成立，法律或当事人另有规定、约定的除外。	oll-cn-core:cn-acceptance	cn-acceptance	CC-BY-4.0	project_authored	受要约人同意要约的意思表示。	项目释译，非官方译文；这里是订约程序中的 acceptance，不是任何日常 promise。	中华人民共和国民法典（2020） 第479,483条 https://www.court.gov.cn/zixun/xiangqing/233181.html
技士（委任）	技士（委任）	Assistant Technical Specialist		unclassified	待核查	TW	unclassified	司法行政廳		tw-judicial:645	tw-judicial-328fe24d6187290d2cf0	OGDL-Taiwan-1.0	source_attributed			
技士（荐任）	技士（薦任）	Associate Technical Specialist		unclassified	待核查	TW	unclassified	司法行政廳		tw-judicial:646	tw-judicial-c831967aef0d11061a3a	OGDL-Taiwan-1.0	source_attributed			
技工	技工	Technical Worker	ji4 gong1	unclassified	待核查	TW	unclassified	司法行政廳		tw-judicial:647	tw-judicial-1e0cd65206ed3d4315b9	OGDL-Taiwan-1.0	source_attributed			
技师法	技師法	Professional Engineers Act	ji4 shi1 fa3	unclassified	待核查	TW	unclassified	憲法法庭書記廳		tw-judicial:649	tw-judicial-137721b3bdabdf2486a6	OGDL-Taiwan-1.0	source_attributed			
技术审查官	技術審查官	Technical Examination Officer	ji4 shu4 shen3 cha2 guan1	unclassified	待核查	TW	unclassified	司法行政廳		tw-judicial:650	tw-judicial-891bb46c907ec3983574	OGDL-Taiwan-1.0	source_attributed			
技术进出口	技術進出口	import and export of technology	ji4 shu4 jin4 chu1 kou3	trade	CN	INTERNATIONAL	term	中华人民共和国对外贸易法（2025第二次修订）	第十六条原则上准许货物与技术自由进出口，但法律、行政法规另有规定的除外；限制进出口技术实行许可证管理。	oll-cn-tax-trade:cn-trade-in-technology	cn-trade-in-technology	CC-BY-4.0	project_authored	作为《对外贸易法》对外贸易组成部分的技术进口与出口活动。	项目释译，非官方译文；import and export of technology 对应技术进出口。	中华人民共和国对外贸易法（2025第二次修订） 第2,16,21条 https://www.baiyinqu.gov.cn/XZJDBMDW/bmdw/byqswjn/fdzdgknr/lzyj/zcfg/art/2025/art_f4f31ac31bb8407a8b8d6afd5ac8f411.html
技正	技正	Technical Specialist	ji4 zheng4	unclassified	待核查	TW	unclassified	司法行政廳		tw-judicial:648	tw-judicial-38e6a0dadd41a387f208	OGDL-Taiwan-1.0	source_attributed			
把…归因（于）	把…歸因（於）	refer		intellectual_property	待核查	TW	unclassified	A13070000G		tw-tipo-trademark:469	tw-tipo-trademark-42713e1ded045e2c9532	OGDL-Taiwan-1.0	source_attributed			
抗告	抗告	motion to setting aside court rulings	kang4 gao4	unclassified	待核查	TW	unclassified	憲法法庭書記廳		tw-judicial:643	tw-judicial-6fa9a5a428c073d9132b	OGDL-Taiwan-1.0	source_attributed			
抗告事件维持率	抗告事件維持率	Affirmed Rulings Rate	kang4 gao4 shi4 jian4 wei2 chi2 lv4	unclassified	待核查	TW	unclassified	統計處		tw-judicial:644	tw-judicial-9717402bc1bc3acc77e3	OGDL-Taiwan-1.0	source_attributed			
折算一日金额	折算一日金額	daily conversion rate	zhe2 suan4 yi1 ri4 jin1 e2	unclassified	待核查	TW	unclassified	憲法法庭書記廳		tw-judicial:652	tw-judicial-1d541c33767762f7960c	OGDL-Taiwan-1.0	source_attributed			
抚恤	撫卹	Indemnity	fu3 xu4	unclassified	待核查	TW	unclassified	人事處		tw-judicial:1813	tw-judicial-294b0783eec7638bfcb5	OGDL-Taiwan-1.0	source_attributed			
抛弃（继承）	拋棄（繼承）	abandonment		family	待核查	TW	unclassified	憲法法庭書記廳		tw-judicial:740	tw-judicial-d7dc56e3c5f8e615eb2e	OGDL-Taiwan-1.0	source_attributed			
护照条例	護照條例	Passport Act	hu4 zhao4 tiao2 li4	unclassified	待核查	TW	statute	憲法法庭書記廳		tw-judicial:2095	tw-judicial-1f71a90e48255015c5be	OGDL-Taiwan-1.0	source_attributed			
报值邮件	報值郵件	value-declared mail	bao4 zhi2 you2 jian4	unclassified	待核查	TW	unclassified	憲法法庭書記廳		tw-judicial:1403	tw-judicial-4900318fd77ba4814b56	OGDL-Taiwan-1.0	source_attributed			
报关	報關	customs declaration	bao4 guan1	unclassified	待核查	TW	unclassified	憲法法庭書記廳		tw-judicial:1406	tw-judicial-b67ac432d27817da998a	OGDL-Taiwan-1.0	source_attributed			
报到处	報到處	Check-in Counter	bao4 dao4 chu4	unclassified	待核查	TW	unclassified	司法行政廳		tw-judicial:1402	tw-judicial-47421bed11c2ec7f84a3	OGDL-Taiwan-1.0	source_attributed			
报酬	報酬	remuneration	bao4 chou2	unclassified	待核查	TW	unclassified	憲法法庭書記廳		tw-judicial:1404	tw-judicial-8a8e31f48279988a8c06	OGDL-Taiwan-1.0	source_attributed			
报酬;补偿	報酬;補償	compensation		unclassified	待核查	TW	unclassified	憲法法庭書記廳		tw-judicial:1405	tw-judicial-826f9f865985e1d67300	OGDL-Taiwan-1.0	source_attributed			
抵减税额	抵減稅額	tax credit	di3 jian3 shui4 e2	tax	待核查	TW	unclassified	憲法法庭書記廳		tw-judicial:749	tw-judicial-2c159ff1d36ad554320f	OGDL-Taiwan-1.0	source_attributed			
抵押人	抵押人	mortgagor	di3 ya1 ren2	property	待核查	TW	unclassified	憲法法庭書記廳		tw-judicial:744	tw-judicial-6702b79943276e35b03f	OGDL-Taiwan-1.0	source_attributed			
抵押权	抵押權	mortgage right	di3 ya1 quan2	property,finance	CN	INTERNATIONAL	term	中华人民共和国民法典（2020）	抵押人与抵押权人分属提供财产者和债权人；不转移占有是该条的要点。	oll-cn-core:cn-mortgage-right	cn-mortgage-right	CC-BY-4.0	project_authored	为担保债务，不转移抵押财产占有而设立，使债权人依法就该财产优先受偿的权利。	项目释译，非官方译文；中国法抵押可涉及法律允许的动产，不能仅按英语日常房贷含义理解。	中华人民共和国民法典（2020） 第394条 https://www.court.gov.cn/zixun/xiangqing/233181.html
抵押权	抵押權	mortgage	di3 ya1 quan2	property	待核查	TW	unclassified	民事廳		tw-judicial:746	tw-judicial-484c5ea967b82aaadbf3	OGDL-Taiwan-1.0	source_attributed			
抵押权人	抵押權人	mortgagee	di3 ya1 quan2 ren2	property	待核查	TW	unclassified	民事廳		tw-judicial:747	tw-judicial-9d3961e5f6792dfade86	OGDL-Taiwan-1.0	source_attributed			
抵押权设定登记	抵押權設定登記	mortgage registration; recordation of mortgage	di3 ya1 quan2 she4 ding4 deng1 ji4	property	待核查	TW	unclassified	憲法法庭書記廳		tw-judicial:748	tw-judicial-4b65135027fd85ad0643	OGDL-Taiwan-1.0	source_attributed			
抵押物	抵押物	mortgaged property	di3 ya1 wu4	property	待核查	TW	unclassified	憲法法庭書記廳		tw-judicial:745	tw-judicial-0782bc3455c342571c72	OGDL-Taiwan-1.0	source_attributed			
押票	押票	writ of detention	ya1 piao4	unclassified	待核查	TW	unclassified	憲法法庭書記廳		tw-judicial:742	tw-judicial-95afd86b73f09f541606	OGDL-Taiwan-1.0	source_attributed			
抽象危险犯	抽象危險犯	offender of abstract danger	chou1 xiang4 wei1 xian3 fan4	unclassified	待核查	TW	unclassified	憲法法庭書記廳		tw-judicial:741	tw-judicial-7d4cfda083aa374f179a	OGDL-Taiwan-1.0	source_attributed			
担保提存	擔保提存	lodgment for security of debt	dan1 bao3 ti2 cun2	unclassified	待核查	TW	unclassified	民事廳		tw-judicial:1905	tw-judicial-d9dd4cd73de1b4bcbaf8	OGDL-Taiwan-1.0	source_attributed			
担保物	擔保物	security	dan1 bao3 wu4	unclassified	待核查	TW	unclassified	民事廳		tw-judicial:1903	tw-judicial-9ccb5ee46b8e442a138d	OGDL-Taiwan-1.0	source_attributed			
担保物权	擔保物權	security right in property	dan1 bao3 wu4 quan2	property,finance	CN	INTERNATIONAL	term	中华人民共和国民法典（2020）	法律另有规定的除外；优先受偿的对象是担保财产。	oll-cn-core:cn-security-right	cn-security-right	CC-BY-4.0	project_authored	在债务不履行或约定实现情形发生时，依法就担保财产优先受偿的物权。	项目释译，非官方译文；security 在此不是证券，也不是信息安全。	中华人民共和国民法典（2020） 第386条 https://www.court.gov.cn/zixun/xiangqing/233181.html
担保金	擔保金	guaranty money	dan1 bao3 jin1	unclassified	待核查	TW	unclassified	民事廳		tw-judicial:1904	tw-judicial-95b138af92642dc889c8	OGDL-Taiwan-1.0	source_attributed			
拍卖抵押物	拍賣抵押物	auction of mortgaged property	pai1 mai4 di3 ya1 wu4	property	待核查	TW	unclassified	憲法法庭書記廳		tw-judicial:743	tw-judicial-89ebb69b359a9eb44132	OGDL-Taiwan-1.0	source_attributed			
拍立得要素、因拍立得案所建立的商标近似要素	拍立得要素、因拍立得案所建立的商標近似要素	polaroid factors		intellectual_property	待核查	TW	unclassified	A13070000G		tw-tipo-trademark:414	tw-tipo-trademark-afb7c6f93fad652aece3	OGDL-Taiwan-1.0	source_attributed			
拒绝	拒絕	refuse	ju4 jue2	intellectual_property	待核查	TW	unclassified	A13070000G		tw-tipo-trademark:473	tw-tipo-trademark-f9e2f21db66f7361bb2d	OGDL-Taiwan-1.0	source_attributed			
拒绝、抵制	拒絕、抵制	reject		intellectual_property	待核查	TW	unclassified	A13070000G		tw-tipo-trademark:482	tw-tipo-trademark-aca6e298d9731ca77268	OGDL-Taiwan-1.0	source_attributed			
拒绝注册	拒絕註冊	Registration is refused	ju4 jue2 zhu4 ce4	intellectual_property	待核查	TW	unclassified	A13070000G		tw-tipo-trademark:474	tw-tipo-trademark-1ba9539ae8bb9cabc442	OGDL-Taiwan-1.0	source_attributed			
拘提;逮捕	拘提;逮捕	arrest		criminal	待核查	TW	unclassified	憲法法庭書記廳		tw-judicial:750	tw-judicial-bfd35c1e099ce92c8ee8	OGDL-Taiwan-1.0	source_attributed			
拘禁	拘禁	detention	ju1 jin4	unclassified	待核查	TW	unclassified	憲法法庭書記廳		tw-judicial:751	tw-judicial-3db6f39b78f0c30d685e	OGDL-Taiwan-1.0	source_attributed			
招标室	招標室	Bidding Room	zhao1 biao1 shi4	unclassified	待核查	TW	unclassified	司法行政廳		tw-judicial:739	tw-judicial-3c7b910d115b358817ff	OGDL-Taiwan-1.0	source_attributed			
拟制血亲	擬制血親	constructive (statutory) blood relatives	ni3 zhi4 xue4 qin1	unclassified	待核查	TW	unclassified	憲法法庭書記廳		tw-judicial:1950	tw-judicial-9c96d68706a76228f317	OGDL-Taiwan-1.0	source_attributed			
指定	指定	designation	zhi3 ding4	intellectual_property	待核查	TW	unclassified	A13070000G		tw-tipo-trademark:144	tw-tipo-trademark-6f4458b76af159cfc2fa	OGDL-Taiwan-1.0	source_attributed			
指定	指定	dictate	zhi3 ding4	intellectual_property	待核查	TW	unclassified	A13070000G		tw-tipo-trademark:148	tw-tipo-trademark-b73b3c31cb1a460ff9f7	OGDL-Taiwan-1.0	source_attributed			
指定之商品或服务	指定之商品或服務	the goods or services claimed	zhi3 ding4 zhi1 shang1 pin3 huo4 fu2 wu4	intellectual_property	待核查	TW	unclassified	A13070000G		tw-tipo-trademark:73	tw-tipo-trademark-c4ea8068a09d6450b5df	OGDL-Taiwan-1.0	source_attributed			
指定使用之商品	指定使用之商品	identified goods	zhi3 ding4 shi3 yong4 zhi1 shang1 pin3	intellectual_property	待核查	TW	unclassified	A13070000G		tw-tipo-trademark:280	tw-tipo-trademark-ce5d20de2b347cbe594c	OGDL-Taiwan-1.0	source_attributed			
指示、指出	指示、指出	indicate		intellectual_property	待核查	TW	unclassified	A13070000G		tw-tipo-trademark:296	tw-tipo-trademark-14b9d1f60ca44de3e6d9	OGDL-Taiwan-1.0	source_attributed			
指示相同来源	指示相同來源	to indicate the same source	zhi3 shi4 xiang1 tong2 lai2 yuan2	intellectual_property	待核查	TW	unclassified	A13070000G		tw-tipo-trademark:297	tw-tipo-trademark-aba04c7b559ef7a28dd4	OGDL-Taiwan-1.0	source_attributed			
授权	授權	license	shou4 quan2	intellectual_property	待核查	TW	unclassified	A13070000G		tw-tipo-trademark:340	tw-tipo-trademark-ba3aabe02dab34e04d45	OGDL-Taiwan-1.0	source_attributed			
授权合约书	授權合約書	licensing agreements	shou4 quan2 he2 yue1 shu1	intellectual_property	待核查	TW	unclassified	A13070000G		tw-tipo-trademark:342	tw-tipo-trademark-a69c7fdb409b8bd9d32b	OGDL-Taiwan-1.0	source_attributed			
授权；批准保证、担保	授權；批准保證、擔保	warrant		intellectual_property	待核查	TW	unclassified	A13070000G		tw-tipo-trademark:604	tw-tipo-trademark-e3b23e7c4fde5113d425	OGDL-Taiwan-1.0	source_attributed			
排他权	排他權	exclusive right	pai2 ta1 quan2	intellectual_property	待核查	TW	unclassified	A13070000G		tw-tipo-trademark:204	tw-tipo-trademark-a8f2a126a3fdaba86eba	OGDL-Taiwan-1.0	source_attributed			
排放标准	排放標準	standards of emission	pai2 fang4 biao1 zhun3	unclassified	待核查	TW	unclassified	憲法法庭書記廳		tw-judicial:1272	tw-judicial-ef2663cd1bf5b024c99b	OGDL-Taiwan-1.0	source_attributed			
接管人	接管人	conservator	jie1 guan3 ren2	unclassified	待核查	TW	unclassified	憲法法庭書記廳		tw-judicial:1265	tw-judicial-af41da72f11d33dfdec1	OGDL-Taiwan-1.0	source_attributed			
接近使用传播媒体之权利	接近使用傳播媒體之權利	right of access to the media	jie1 jin4 shi3 yong4 chuan2 bo1 mei2 ti3 zhi1 quan2 li4	unclassified	待核查	TW	unclassified	憲法法庭書記廳		tw-judicial:1264	tw-judicial-884abe7ad52bf555e95e	OGDL-Taiwan-1.0	source_attributed			
控告、对…提起诉讼	控告、對…提起訴訟	suing		intellectual_property	待核查	TW	unclassified	A13070000G		tw-tipo-trademark:548	tw-tipo-trademark-28bd15dbe6a19c35a86d	OGDL-Taiwan-1.0	source_attributed			
控股股东	控股股東	controlling shareholder	kong4 gu3 gu3 dong1	company	CN	INTERNATIONAL	role	中华人民共和国公司法（2023修订）	不是只按是否持股超过百分之五十作机械判断；应逐项核对第二百六十五条。	oll-cn-core:cn-controlling-shareholder	cn-controlling-shareholder	CC-BY-4.0	project_authored	出资或持股符合条文比例，或者凭表决权足以对股东会决议产生重大影响的股东。	项目释译，非官方译文；与不一定具有股东身份的实际控制人区分。	中华人民共和国公司法（2023修订） 第265条 https://fgk.chinatax.gov.cn/zcfgk/c100009/c5233383/content.html
推定	推定	presume	tui1 ding4	unclassified	待核查	TW	unclassified	憲法法庭書記廳		tw-judicial:1267	tw-judicial-3696f3fe6d9788e617ff	OGDL-Taiwan-1.0	source_attributed			
推定	推定	presume	tui1 ding4	intellectual_property	待核查	TW	unclassified	A13070000G		tw-tipo-trademark:424	tw-tipo-trademark-acf7bae286573e87bc5d	OGDL-Taiwan-1.0	source_attributed			
推定使用日期	推定使用日期	constructive use date	tui1 ding4 shi3 yong4 ri4 qi1	intellectual_property	待核查	TW	unclassified	A13070000G		tw-tipo-trademark:109	tw-tipo-trademark-94ace379c63eb116f335	OGDL-Taiwan-1.0	source_attributed			
推定死亡	推定死亡	presumed to be dead	tui1 ding4 si3 wang2	unclassified	待核查	TW	unclassified	憲法法庭書記廳		tw-judicial:1268	tw-judicial-618ef81c3744e42be06a	OGDL-Taiwan-1.0	source_attributed			
推计核定	推計核定	assessment by imputation	tui1 ji4 he2 ding4	unclassified	待核查	TW	unclassified	憲法法庭書記廳		tw-judicial:1269	tw-judicial-351ea21da66631ceec80	OGDL-Taiwan-1.0	source_attributed			
措施性法律	措施性法律	Massnahmegesetz	cuo4 shi1 xing4 fa3 lv4	unclassified	待核查	TW	unclassified	憲法法庭書記廳		tw-judicial:1266	tw-judicial-fc262f9bc5a426f6ff8f	OGDL-Taiwan-1.0	source_attributed			
掳人	擄人	kidnap	lu3 ren2	unclassified	待核查	TW	unclassified	憲法法庭書記廳		tw-judicial:1901	tw-judicial-9806a2fbabe4edf5e36f	OGDL-Taiwan-1.0	source_attributed			
描写、描绘、叙述	描寫、描繪、敘述	describe		intellectual_property	待核查	TW	unclassified	A13070000G		tw-tipo-trademark:142	tw-tipo-trademark-ac72e8bdfdfc5a45770c	OGDL-Taiwan-1.0	source_attributed			
描述、叙述	描述、敘述	depiction		intellectual_property	待核查	TW	unclassified	A13070000G		tw-tipo-trademark:141	tw-tipo-trademark-a36d9c75bf9bf7e6f73f	OGDL-Taiwan-1.0	source_attributed			
描述性	描述性	descriptiveness	miao2 shu4 xing4	intellectual_property	待核查	TW	unclassified	A13070000G		tw-tipo-trademark:154	tw-tipo-trademark-fdd8eb66aea70fbc3d87	OGDL-Taiwan-1.0	source_attributed			
描述性或说明性商标	描述性或說明性商標	descriptive mark	miao2 shu4 xing4 huo4 shuo1 ming2 xing4 shang1 biao1	intellectual_property	待核查	TW	unclassified	A13070000G		tw-tipo-trademark:143	tw-tipo-trademark-add3ca940b8a2921bafb	OGDL-Taiwan-1.0	source_attributed			
描述性用语、说明性用语	描述性用語、說明性用語	descriptive terms		intellectual_property	待核查	TW	unclassified	A13070000G		tw-tipo-trademark:134	tw-tipo-trademark-cd7d48ffdb9b284dbc40	OGDL-Taiwan-1.0	source_attributed			
提出	提出	propose	ti2 chu1	intellectual_property	待核查	TW	unclassified	A13070000G		tw-tipo-trademark:447	tw-tipo-trademark-7d6fa8f6ab9175bcad46	OGDL-Taiwan-1.0	source_attributed			
提出、宣称、声明	提出、宣稱、聲明	allege		intellectual_property	待核查	TW	unclassified	A13070000G		tw-tipo-trademark:20	tw-tipo-trademark-6193864de1ec874a5ad5	OGDL-Taiwan-1.0	source_attributed			
提出一份使用修正声明	提出一份使用修正聲明	to file an Amendment to Allege Use	ti2 chu1 yi1 fen4 shi3 yong4 xiu1 zheng4 sheng1 ming2	intellectual_property	待核查	TW	unclassified	A13070000G		tw-tipo-trademark:21	tw-tipo-trademark-7bfb699809ad3d8f916a	OGDL-Taiwan-1.0	source_attributed			
提出展期之请求	提出展期之請求	to file a Request for an Extension of Time	ti2 chu1 zhan3 qi1 zhi1 qing3 qiu2	intellectual_property	待核查	TW	unclassified	A13070000G		tw-tipo-trademark:221	tw-tipo-trademark-66ee731a0ee66094f89b	OGDL-Taiwan-1.0	source_attributed			
提出理由之义务	提出理由之義務	duty to give reasons	ti2 chu1 li3 you2 zhi1 yi4 wu4	unclassified	待核查	TW	unclassified	憲法法庭書記廳		tw-judicial:1411	tw-judicial-08ed565fe41652f7659b	OGDL-Taiwan-1.0	source_attributed			
提出（申请等）	提出（申請等）	file		intellectual_property	待核查	TW	unclassified	A13070000G		tw-tipo-trademark:220	tw-tipo-trademark-e7b914186f012f58d83a	OGDL-Taiwan-1.0	source_attributed			
提名	提名	nomination	ti2 ming2	unclassified	待核查	TW	unclassified	憲法法庭書記廳		tw-judicial:1412	tw-judicial-3b3703cacd0383daec88	OGDL-Taiwan-1.0	source_attributed			
提存	提存	Lodgment	ti2 cun2	unclassified	待核查	TW	unclassified	司法行政廳		tw-judicial:1413	tw-judicial-a96fc38a70b95c06dc86	OGDL-Taiwan-1.0	source_attributed			
提存书	提存書	the document of lodgment	ti2 cun2 shu1	unclassified	待核查	TW	unclassified	民事廳		tw-judicial:1418	tw-judicial-9eb558e6aa107e117bfd	OGDL-Taiwan-1.0	source_attributed			
提存所	提存所	Public Lodgment Office	ti2 cun2 suo3	unclassified	待核查	TW	unclassified	司法行政廳		tw-judicial:1414	tw-judicial-c88350df6668c2a803ef	OGDL-Taiwan-1.0	source_attributed			
提存法	提存法	Lodgment Act	ti2 cun2 fa3	unclassified	待核查	TW	unclassified	憲法法庭書記廳		tw-judicial:1415	tw-judicial-3e4b0299fbe754448979	OGDL-Taiwan-1.0	source_attributed			
提存法施行细则	提存法施行細則	Enforcement Rules for the Lodgment Act	ti2 cun2 fa3 shi1 xing2 xi4 ze2	unclassified	待核查	TW	statute	憲法法庭書記廳		tw-judicial:1416	tw-judicial-1e0e008fa27c295a30f5	OGDL-Taiwan-1.0	source_attributed			
提存物	提存物	the thing lodged	ti2 cun2 wu4	unclassified	待核查	TW	unclassified	民事廳		tw-judicial:1417	tw-judicial-9ce21ecdbad529f72e05	OGDL-Taiwan-1.0	source_attributed			
提存通知书	提存通知書	notice of lodgment	ti2 cun2 tong1 zhi1 shu1	unclassified	待核查	TW	document	憲法法庭書記廳		tw-judicial:1419	tw-judicial-cde187ff97a3ec6e3178	OGDL-Taiwan-1.0	source_attributed			
提审法	提審法	Habeas Corpus Act	ti2 shen3 fa3	unclassified	待核查	TW	unclassified	憲法法庭書記廳		tw-judicial:1420	tw-judicial-800064faf5368c01a274	OGDL-Taiwan-1.0	source_attributed			
提炼、,精炼	提煉、,精煉	refinement		intellectual_property	待核查	TW	unclassified	A13070000G		tw-tipo-trademark:471	tw-tipo-trademark-fa84e5a23014d10f1c21	OGDL-Taiwan-1.0	source_attributed			
撤回	撤回	withdraw	che4 hui2	intellectual_property	待核查	TW	unclassified	A13070000G		tw-tipo-trademark:609	tw-tipo-trademark-a274bc3e869739e9da65	OGDL-Taiwan-1.0	source_attributed			
撤回同意	撤回同意	withdrawal of consent	che4 hui2 tong2 yi4	privacy	CN	INTERNATIONAL	term	中华人民共和国个人信息保护法（2021）	应提供便捷撤回方式；撤回不影响此前基于同意开展的处理活动效力。	oll-cn-core:cn-withdraw-consent	cn-withdraw-consent	CC-BY-4.0	project_authored	个人撤回先前作为个人信息处理依据的同意的权利。	项目释译，非官方译文；withdrawal 不意味着此前全部处理自动违法。	中华人民共和国个人信息保护法（2021） 第15条 https://www.cac.gov.cn/2021-08/20/c_1631050028355286.htm
撤回异议	撤回異議	withdraw an opposition	che4 hui2 yi4 yi4	intellectual_property	待核查	TW	unclassified	A13070000G		tw-tipo-trademark:610	tw-tipo-trademark-0cd3b9ffbbb5fb8dc7c9	OGDL-Taiwan-1.0	source_attributed			
撤销	撤銷	revocation	che4 xiao1	unclassified	待核查	TW	unclassified	憲法法庭書記廳		tw-judicial:1643	tw-judicial-3177a2492df11ca5917f	OGDL-Taiwan-1.0	source_attributed			
撤销	撤銷	cancel	che4 xiao1	intellectual_property	待核查	TW	unclassified	A13070000G		tw-tipo-trademark:61	tw-tipo-trademark-dec384c977bfb4253ec4	OGDL-Taiwan-1.0	source_attributed			
撤销或废止	撤銷或廢止	rescission or repeal (cancellation or abolishment)	che4 xiao1 huo4 fei4 zhi3	unclassified	待核查	TW	unclassified	憲法法庭書記廳		tw-judicial:1644	tw-judicial-19f12a73da8be0e61d52	OGDL-Taiwan-1.0	source_attributed			
撤销登记	撤銷登記	revocation of registration	che4 xiao1 deng1 ji4	unclassified	待核查	TW	unclassified	憲法法庭書記廳		tw-judicial:1645	tw-judicial-8993932f84c3c7164515	OGDL-Taiwan-1.0	source_attributed			
撤销缓刑	撤銷緩刑	revocation of the probation	che4 xiao1 huan3 xing2	criminal	待核查	TW	unclassified	憲法法庭書記廳		tw-judicial:1647	tw-judicial-d8216ca3d26445f3b068	OGDL-Taiwan-1.0	source_attributed			
撤销诉讼	撤銷訴訟	Administrative Actions for Revocation	che4 xiao1 su4 song4	dispute_resolution	待核查	TW	unclassified	行政訴訟及懲戒廳		tw-judicial:1646	tw-judicial-c21cb9b24f8d50d8d27e	OGDL-Taiwan-1.0	source_attributed			
操作员	操作員	Systems Operator	cao1 zuo4 yuan2	unclassified	待核查	TW	unclassified	司法行政廳		tw-judicial:1902	tw-judicial-c187805ed384eb3fb5f2	OGDL-Taiwan-1.0	source_attributed			
支领退休俸军官士官就任公职停发退休俸办法	支領退休俸軍官士官就任公職停發退休俸辦法	Regulations for the Suspension of Pension Payment on Military Officers and Sergeants Who Assume Public Service	zhi1 ling3 tui4 xiu1 feng4 jun1 guan1 shi4 guan1 jiu4 ren4 gong1 zhi2 ting2 fa1 tui4 xiu1 feng4 ban4 fa3	unclassified	待核查	TW	statute	憲法法庭書記廳		tw-judicial:235	tw-judicial-030770ae949669961d1e	OGDL-Taiwan-1.0	source_attributed			
收付实现原则	收付實現原則	rule of income and disbursement realization	shou1 fu4 shi2 xian4 yuan2 ze2	unclassified	待核查	TW	unclassified	憲法法庭書記廳		tw-judicial:506	tw-judicial-db8e39f13f6ac3913b3c	OGDL-Taiwan-1.0	source_attributed			
收养	收養	adoption	shou1 yang3	family	待核查	TW	unclassified	憲法法庭書記廳		tw-judicial:510	tw-judicial-435ecbf08ac2a32ab9c9	OGDL-Taiwan-1.0	source_attributed			
收养人	收養人	adopter	shou1 yang3 ren2	family	待核查	TW	unclassified	憲法法庭書記廳		tw-judicial:511	tw-judicial-92b31bbb90ef6f035c63	OGDL-Taiwan-1.0	source_attributed			
收养程序	收養程序	adoption proceedings	shou1 yang3 cheng2 xu4	family	待核查	TW	unclassified	少年及家事廳		tw-judicial:512	tw-judicial-4a13de654b52911ead89	OGDL-Taiwan-1.0	source_attributed			
收发室	收發室	Mail Room	shou1 fa1 shi4	unclassified	待核查	TW	unclassified	司法行政廳		tw-judicial:507	tw-judicial-79c5d4e5ab7c541ee82a	OGDL-Taiwan-1.0	source_attributed			
收费	收費	Fees Collection	shou1 fei4	unclassified	待核查	TW	unclassified	司法行政廳		tw-judicial:508	tw-judicial-627f28caf4da88b6ce54	OGDL-Taiwan-1.0	source_attributed			
收费处	收費處	Fee-Collection Counter	shou1 fei4 chu4	unclassified	待核查	TW	unclassified	司法行政廳		tw-judicial:509	tw-judicial-a47f2f9c22ebaf468fe2	OGDL-Taiwan-1.0	source_attributed			
改编权	改編權	right of adaptation	gai3 bian1 quan2	intellectual_property	CN	INTERNATIONAL	term	中华人民共和国著作权法（2020修正）	条文要求产生具有独创性的新作品；不能简单等同任何文件格式转换。	oll-cn-core:cn-adaptation-right	cn-adaptation-right	CC-BY-4.0	project_authored	改变作品并创作出具有独创性的新作品的权利。	项目释译，非官方译文；adaptation 是作品改编语境。	中华人民共和国著作权法（2020修正） 第10条 https://www.ncac.gov.cn/xxfb/flfg/flfg_532/202103/t20210309_50530.html
放射性物料管理法	放射性物料管理法	The Nuclear Materials and Radioactive Waste Management Act	fang4 she4 xing4 wu4 liao4 guan3 li3 fa3	unclassified	待核查	TW	statute	憲法法庭書記廳		tw-judicial:752	tw-judicial-efdaeab027a44c3dc702	OGDL-Taiwan-1.0	source_attributed			
放弃	放棄	surrender	fang4 qi4	intellectual_property	待核查	TW	unclassified	A13070000G		tw-tipo-trademark:551	tw-tipo-trademark-401be41f9b23bbfffb86	OGDL-Taiwan-1.0	source_attributed			
放弃、抛弃	放棄、拋棄	abandonment		intellectual_property	待核查	TW	unclassified	A13070000G		tw-tipo-trademark:3	tw-tipo-trademark-47001475df93b2e2f4bf	OGDL-Taiwan-1.0	source_attributed			
政党	政黨	political party	zheng4 dang3	unclassified	待核查	TW	unclassified	憲法法庭書記廳		tw-judicial:917	tw-judicial-bc4194a1339dea8083ea	OGDL-Taiwan-1.0	source_attributed			
政务官	政務官	political appointee	zheng4 wu4 guan1	unclassified	待核查	TW	unclassified	憲法法庭書記廳		tw-judicial:915	tw-judicial-aec2331a89425f9d99cb	OGDL-Taiwan-1.0	source_attributed			
政务官退职酬劳金给与条例	政務官退職酬勞金給與條例	Act Governing the Pension of the Special Political Officials	zheng4 wu4 guan1 tui4 zhi2 chou2 lao2 jin1 ji3 yu3 tiao2 li4	unclassified	待核查	TW	statute	憲法法庭書記廳		tw-judicial:916	tw-judicial-9347862785b0a193eed1	OGDL-Taiwan-1.0	source_attributed			
政府公报	政府公報	Government Official	zheng4 fu3 gong1 bao4	unclassified	待核查	TW	unclassified	憲法法庭書記廳		tw-judicial:905	tw-judicial-d93174a9bac5c5bda259	OGDL-Taiwan-1.0	source_attributed			
政府公报	政府公報	Official Gazette	zheng4 fu3 gong1 bao4	intellectual_property	待核查	TW	unclassified	A13070000G		tw-tipo-trademark:378	tw-tipo-trademark-b84065c11778807899c1	OGDL-Taiwan-1.0	source_attributed			
政府发展经济社会向国外借款及保证条例	政府發展經濟社會向國外借款及保證條例	Act Governing Foreign Loans and Guarantee for Government to Develop Economy and Society	zheng4 fu3 fa1 zhan3 jing1 ji4 she4 hui4 xiang4 guo2 wai4 jie4 kuan3 ji2 bao3 zheng4 tiao2 li4	unclassified	待核查	TW	statute	憲法法庭書記廳		tw-judicial:907	tw-judicial-811c560bed96bc0103c9	OGDL-Taiwan-1.0	source_attributed			
政府机关	政府機關	government agency	zheng4 fu3 ji1 guan1	intellectual_property	待核查	TW	unclassified	A13070000G		tw-tipo-trademark:261	tw-tipo-trademark-0e5a80343d8f64e4521f	OGDL-Taiwan-1.0	source_attributed			
政府采购法	政府採購法	Government Procurement Act	zheng4 fu3 cai3 gou4 fa3	unclassified	待核查	TW	statute	憲法法庭書記廳		tw-judicial:906	tw-judicial-9ffa1e2921304d7a86f1	OGDL-Taiwan-1.0	source_attributed			
政风人员	政風人員	Government Ethics Officer	zheng4 feng1 ren2 yuan2	unclassified	待核查	TW	unclassified	政風處		tw-judicial:908	tw-judicial-1a99e3ba2f7581194cb8	OGDL-Taiwan-1.0	source_attributed			
政风处	政風處	Department of Civil Service Ethics	zheng4 feng1 chu4	unclassified	待核查	TW	unclassified	司法行政廳		tw-judicial:910	tw-judicial-8f5ad5ba2e5ecf668ef9	OGDL-Taiwan-1.0	source_attributed			
政风室	政風室	Civil Service Ethics Office	zheng4 feng1 shi4	unclassified	待核查	TW	unclassified	司法行政廳		tw-judicial:909	tw-judicial-9d5d3684452fed59a9a6	OGDL-Taiwan-1.0	source_attributed			
政风机构	政風機構	The Government Ethics Unit	zheng4 feng1 ji1 gou4	unclassified	待核查	TW	unclassified	政風處		tw-judicial:913	tw-judicial-1939c853571c16fe4e67	OGDL-Taiwan-1.0	source_attributed			
政风机构人员设置条例	政風機構人員設置條例	Act Governing the Establishment of the Government Employee Ethics Units and Officers	zheng4 feng1 ji1 gou4 ren2 yuan2 she4 zhi4 tiao2 li4	unclassified	待核查	TW	statute	憲法法庭書記廳		tw-judicial:914	tw-judicial-9863c3296a1757f29ef1	OGDL-Taiwan-1.0	source_attributed			
政风督导会报	政風督導會報	Transaction for Supervising Government Ethics of the Ministry of Justice	zheng4 feng1 du1 dao3 hui4 bao4	unclassified	待核查	TW	unclassified	政風處		tw-judicial:912	tw-judicial-cd62a68187e8788e130e	OGDL-Taiwan-1.0	source_attributed			
政风督导小组	政風督導小組	Taskforce for Supervising Government Ethics	zheng4 feng1 du1 dao3 xiao3 zu3	unclassified	待核查	TW	unclassified	政風處		tw-judicial:911	tw-judicial-2d58a158bc080bd54783	OGDL-Taiwan-1.0	source_attributed			
故意	故意	intention	gu4 yi4	unclassified	待核查	TW	unclassified	憲法法庭書記廳		tw-judicial:918	tw-judicial-20e63cf5c9238bda1837	OGDL-Taiwan-1.0	source_attributed			
敏感个人信息	敏感個人信息	sensitive personal information	min3 gan3 ge4 ren2 xin4 xi1	privacy	CN	INTERNATIONAL	term	中华人民共和国个人信息保护法（2021）	该条还包括不满十四周岁未成年人的个人信息；处理须有特定目的、充分必要性和严格保护措施。	oll-cn-core:cn-sensitive-information	cn-sensitive-information	CC-BY-4.0	project_authored	一旦泄露或非法使用，容易侵害人格尊严或危害人身、财产安全的个人信息。	项目释译，非官方译文；不只指当事人主观认为敏感的信息。	中华人民共和国个人信息保护法（2021） 第28条 https://www.cac.gov.cn/2021-08/20/c_1631050028355286.htm
教学自由	教學自由	freedom of teaching	jiao4 xue2 zi4 you2	unclassified	待核查	TW	unclassified	憲法法庭書記廳		tw-judicial:1277	tw-judicial-49410dea3cc282d77a84	OGDL-Taiwan-1.0	source_attributed			
教师升等评审	教師升等評審	faculty promotion review	jiao4 shi1 sheng1 deng3 ping2 shen3	unclassified	待核查	TW	unclassified	憲法法庭書記廳		tw-judicial:1275	tw-judicial-b4072548e05259210561	OGDL-Taiwan-1.0	source_attributed			
教师评审	教師評審	faculty evaluation	jiao4 shi1 ping2 shen3	unclassified	待核查	TW	unclassified	憲法法庭書記廳		tw-judicial:1276	tw-judicial-d3dc4dbebbe7f0629676	OGDL-Taiwan-1.0	source_attributed			
教育人员任用条例	教育人員任用條例	Act of Governing the Appointment of Educators	jiao4 yu4 ren2 yuan2 ren4 yong4 tiao2 li4	unclassified	待核查	TW	statute	憲法法庭書記廳		tw-judicial:1273	tw-judicial-c900a3423cf001f8a952	OGDL-Taiwan-1.0	source_attributed			
教育人员任用条例施行细则	教育人員任用條例施行細則	Enforcement Rules of Act Governing the Appointment of Educators	jiao4 yu4 ren2 yuan2 ren4 yong4 tiao2 li4 shi1 xing2 xi4 ze2	unclassified	待核查	TW	statute	憲法法庭書記廳		tw-judicial:1274	tw-judicial-170d8c3c3194828bc5ce	OGDL-Taiwan-1.0	source_attributed			
数罪并罚	數罪併罰	combination of sentences for multiple offence	shu4 zui4 bing4 fa2	criminal	待核查	TW	unclassified	憲法法庭書記廳		tw-judicial:1814	tw-judicial-d95c9414d28394b1777b	OGDL-Taiwan-1.0	source_attributed			
整体	整體	entirety	zheng3 ti3	intellectual_property	待核查	TW	unclassified	A13070000G		tw-tipo-trademark:184	tw-tipo-trademark-809f598a430de8eb2f7b	OGDL-Taiwan-1.0	source_attributed			
文书科	文書科	Documentation Section	wen2 shu1 ke1	unclassified	待核查	TW	unclassified	司法行政廳		tw-judicial:240	tw-judicial-6487c4038e76012c0558	OGDL-Taiwan-1.0	source_attributed			
文化艺术奖助条例	文化藝術獎助條例	Culture and Arts Reward Act	wen2 hua4 yi4 shu4 jiang3 zhu4 tiao2 li4	unclassified	待核查	TW	statute	憲法法庭書記廳		tw-judicial:237	tw-judicial-5adf6e400471ce54e051	OGDL-Taiwan-1.0	source_attributed			
文化资产保存法	文化資產保存法	Cultural Heritage Preservation Act	wen2 hua4 zi1 chan3 bao3 cun2 fa3	unclassified	待核查	TW	statute	憲法法庭書記廳		tw-judicial:236	tw-judicial-6af6886b84c1b4b53160	OGDL-Taiwan-1.0	source_attributed			
文字诽谤	文字誹謗	libel	wen2 zi4 fei3 bang4	unclassified	待核查	TW	unclassified	憲法法庭書記廳		tw-judicial:238	tw-judicial-adba3e7f7ede5ffd2ac9	OGDL-Taiwan-1.0	source_attributed			
文官惩戒	文官懲戒	civil service discipline	wen2 guan1 cheng2 jie4	unclassified	待核查	TW	unclassified	憲法法庭書記廳		tw-judicial:239	tw-judicial-7cb8d07a7e78d1a0e36a	OGDL-Taiwan-1.0	source_attributed			
新台币	新台幣	New Taiwan Dollar	xin1 tai2 bi4	unclassified	待核查	TW	unclassified	憲法法庭書記廳		tw-judicial:1534	tw-judicial-043d00c6cd31d61c6302	OGDL-Taiwan-1.0	source_attributed			
新娘休息室	新娘休息室	Bride Lounge	xin1 niang2 xiu1 xi1 shi4	unclassified	待核查	TW	unclassified	司法行政廳		tw-judicial:1537	tw-judicial-94106604c78fad87e669	OGDL-Taiwan-1.0	source_attributed			
新市镇开发条例	新市鎮開發條例	New Town Development Act	xin1 shi4 zhen4 kai1 fa1 tiao2 li4	unclassified	待核查	TW	statute	憲法法庭書記廳		tw-judicial:1535	tw-judicial-d9672198a686613219ba	OGDL-Taiwan-1.0	source_attributed			
新收	新收	Newly Lodged	xin1 shou1	unclassified	待核查	TW	unclassified	統計處		tw-judicial:1536	tw-judicial-136260c6fdea62ef2d9f	OGDL-Taiwan-1.0	source_attributed			
新闻局	新聞局	Government Information Office	xin1 wen2 ju2	unclassified	待核查	TW	unclassified	憲法法庭書記廳		tw-judicial:1539	tw-judicial-a7a011c6d5333b343960	OGDL-Taiwan-1.0	source_attributed			
新闻自由	新聞自由	freedom of press	xin1 wen2 zi4 you2	unclassified	待核查	TW	unclassified	憲法法庭書記廳		tw-judicial:1538	tw-judicial-e457ba321876569405ff	OGDL-Taiwan-1.0	source_attributed			
施政年度	施政年度	administrative year	shi1 zheng4 nian2 du4	unclassified	待核查	TW	unclassified	憲法法庭書記廳		tw-judicial:919	tw-judicial-d4307926eb4eab6269b6	OGDL-Taiwan-1.0	source_attributed			
施行日	施行日	implementation date	shi1 xing2 ri4	intellectual_property	待核查	TW	unclassified	A13070000G		tw-tipo-trademark:284	tw-tipo-trademark-051f23a0711f04b2896f	OGDL-Taiwan-1.0	source_attributed			
旁听席	旁聽席	Audience	pang2 ting1 xi2	unclassified	待核查	TW	unclassified	司法行政廳		tw-judicial:1008	tw-judicial-369998ef806f3df8a4aa	OGDL-Taiwan-1.0	source_attributed			
无使用之期限	無使用之期限	non-use period	wu2 shi3 yong4 zhi1 qi1 xian4	intellectual_property	待核查	TW	unclassified	A13070000G		tw-tipo-trademark:373	tw-tipo-trademark-e00a0b9fced6e04ac504	OGDL-Taiwan-1.0	source_attributed			
无关系的	無關係的	irrelevant	wu2 guan1 xi4 de5	intellectual_property	待核查	TW	unclassified	A13070000G		tw-tipo-trademark:324	tw-tipo-trademark-e58d7db922a0e5fed893	OGDL-Taiwan-1.0	source_attributed			
无因管理	無因管理	management of another's affairs without mandate	wu2 yin1 guan3 li3	civil	CN	INTERNATIONAL	term	中华人民共和国民法典（2020）	符合法律规定的管理人可请求受益人偿还必要费用；无因不是没有任何事实原因。	oll-cn-core:cn-management-without-mandate	cn-management-without-mandate	CC-BY-4.0	project_authored	没有法定或者约定义务，为避免他人利益受损而管理他人事务的行为。	项目释译，非官方译文；也常借用拉丁语 negotiorum gestio；本库使用解释性英文。	中华人民共和国民法典（2020） 第121条 https://www.court.gov.cn/zixun/xiangqing/233181.html
无固定期限劳动合同	無固定期限勞動合同	open-ended employment contract	wu2 gu4 ding4 qi1 xian4 lao2 dong4 he2 tong2	employment	CN	INTERNATIONAL	term	中华人民共和国劳动合同法（2012修正）	除协商订立外，法律还列举连续工作年限、连续订立固定期限合同等应当订立的情形；自用工之日起满一年未订立书面合同的，法律规定视为已订立无固定期限劳动合同。	oll-cn-admin-labor:cn-labor-open-ended-contract	cn-labor-open-ended-contract	CC-BY-4.0	project_authored	用人单位与劳动者约定没有确定终止时间的劳动合同。	项目释译，非官方译文；open-ended 不表示合同永远不能解除或终止，而是没有预先确定的终止时间。	中华人民共和国劳动合同法（2012修正） 第14条 https://fgk.chinatax.gov.cn/zcfgk/c100009/c5193025/content.html
无效	無效	Invalidity	wu2 xiao4	intellectual_property	待核查	TW	unclassified	A13070000G		tw-tipo-trademark:322	tw-tipo-trademark-dd82a83222eded597c14	OGDL-Taiwan-1.0	source_attributed			
无期徒刑	無期徒刑	life imprisonment	wu2 qi1 tu2 xing2	criminal	待核查	TW	unclassified	憲法法庭書記廳		tw-judicial:1441	tw-judicial-348c58ad01d930cdeae3	OGDL-Taiwan-1.0	source_attributed			
无权代理	無權代理	unauthorized agency	wu2 quan2 dai4 li3	civil	CN	INTERNATIONAL	term	中华人民共和国民法典（2020）	未经被代理人追认，对被代理人不发生效力；善意相对人的权利另由条文规定。	oll-cn-core:cn-unauthorized-agency	cn-unauthorized-agency	CC-BY-4.0	project_authored	没有代理权、超越代理权或者代理权终止后仍实施代理行为的情形。	项目释译，非官方译文；不能把所有无权代理情形一概译成有效代理。	中华人民共和国民法典（2020） 第171条 https://www.court.gov.cn/zixun/xiangqing/233181.html
无权占有	無權占有	unauthorized possession	wu2 quan2 zhan4 you3	unclassified	待核查	TW	unclassified	憲法法庭書記廳		tw-judicial:1442	tw-judicial-6afadda126615c73c922	OGDL-Taiwan-1.0	source_attributed			
无正当事由	無正當事由	without valid reasons	wu2 zheng4 dang4 shi4 you2	intellectual_property	待核查	TW	unclassified	A13070000G		tw-tipo-trademark:598	tw-tipo-trademark-ffa5518cc83232e8c3be	OGDL-Taiwan-1.0	source_attributed			
无民事行为能力	無民事行爲能力	lack of capacity for civil juristic acts	wu2 min2 shi4 xing2 wei2 neng2 li4	civil	CN	INTERNATIONAL	term	中华人民共和国民法典（2020）	不满八周岁未成年人、不能辨认自己行为的成年人，以及符合第二十一条第二款的未成年人属于相应情形。	oll-cn-core:cn-no-capacity	cn-no-capacity	CC-BY-4.0	project_authored	依法由法定代理人代理实施民事法律行为的状态。	项目释译，非官方译文；本词不意味着没有民事权利能力。	中华人民共和国民法典（2020） 第20,21条 https://www.court.gov.cn/zixun/xiangqing/233181.html
无法弥补的	無法彌補的	irreparable harm	wu2 fa3 mi2 bu3 de5	intellectual_property	待核查	TW	unclassified	A13070000G		tw-tipo-trademark:325	tw-tipo-trademark-980cad2b602ec870c53b	OGDL-Taiwan-1.0	source_attributed			
无记名投票	無記名投票	anonymous balloting	wu2 ji4 ming2 tou2 piao4	unclassified	待核查	TW	unclassified	憲法法庭書記廳		tw-judicial:1440	tw-judicial-e7d909498f87685f8650	OGDL-Taiwan-1.0	source_attributed			
无过错责任	無過錯責任	no-fault tort liability	wu2 guo4 cuo4 ze2 ren4	civil	CN	INTERNATIONAL	term	中华人民共和国民法典（2020）	须有法律规定作为依据，不能仅因发生损害就普遍适用。	oll-cn-core:cn-no-fault-tort-liability	cn-no-fault-tort-liability	CC-BY-4.0	project_authored	法律规定不以行为人有无过错为条件而承担侵权责任的归责方式。	项目释译，非官方译文；不声称与各法域 strict liability 的适用范围完全相同。	中华人民共和国民法典（2020） 第1166条 https://www.court.gov.cn/zixun/xiangqing/233181.html
既判力	既判力	binding force	ji4 pan4 li4	unclassified	待核查	TW	unclassified	憲法法庭書記廳		tw-judicial:921	tw-judicial-fbdd7f37ae0129920835	OGDL-Taiwan-1.0	source_attributed			
既成道路	既成道路	existed road	ji4 cheng2 dao4 lu4	unclassified	待核查	TW	unclassified	憲法法庭書記廳		tw-judicial:920	tw-judicial-c65e51235e7837ec235d	OGDL-Taiwan-1.0	source_attributed			
旧受	舊受	Previously Lodged	jiu4 shou4	unclassified	待核查	TW	unclassified	統計處		tw-judicial:2014	tw-judicial-89792cbd53ba1edae8eb	OGDL-Taiwan-1.0	source_attributed			
时效	時效	limitation period	shi2 xiao4	unclassified	待核查	TW	unclassified	民事廳		tw-judicial:1009	tw-judicial-c284d361bdc8f7b46107	OGDL-Taiwan-1.0	source_attributed			
时效;时效期间	時效;時效期間	limitation period; Prescription; time limitation; statute of limitations		unclassified	待核查	TW	unclassified	憲法法庭書記廳		tw-judicial:1010	tw-judicial-01e4e62b418bb8c0b995	OGDL-Taiwan-1.0	source_attributed			
时效取得地上权登记审查要点	時效取得地上權登記審查要點	Guidelines for Review on the Registration of Superficies Acquired by Prescription	shi2 xiao4 qu3 de2 di4 shang4 quan2 deng1 ji4 shen3 cha2 yao4 dian3	property	待核查	TW	statute	憲法法庭書記廳		tw-judicial:1012	tw-judicial-0553cb6616479690a697	OGDL-Taiwan-1.0	source_attributed			
时效完成	時效完成	fulfillment of the prescription	shi2 xiao4 wan2 cheng2	unclassified	待核查	TW	unclassified	憲法法庭書記廳		tw-judicial:1011	tw-judicial-7f4c07b69487e2ac8964	OGDL-Taiwan-1.0	source_attributed			
明暗、阴影	明暗、陰影	shading		intellectual_property	待核查	TW	unclassified	A13070000G		tw-tipo-trademark:510	tw-tipo-trademark-495d5bcb2d240da55ca6	OGDL-Taiwan-1.0	source_attributed			
明示规定其一者应认为排除其他	明示規定其一者應認為排除其他	expressio unius est enclusio alterius	ming2 shi4 gui1 ding4 qi2 yi1 zhe3 ying1 ren4 wei2 pai2 chu2 qi2 ta1	unclassified	待核查	TW	unclassified	憲法法庭書記廳		tw-judicial:756	tw-judicial-3d65fe76e2a0d806979c	OGDL-Taiwan-1.0	source_attributed			
易服劳役	易服勞役	commutation to labors	yi4 fu2 lao2 yi4	unclassified	待核查	TW	unclassified	憲法法庭書記廳		tw-judicial:753	tw-judicial-309346eab4214a1249e6	OGDL-Taiwan-1.0	source_attributed			
易滋弊端业务	易滋弊端業務	Businesses Vulnerable to Corruption and Malfeasance	yi4 zi1 bi4 duan1 ye4 wu4	unclassified	待核查	TW	unclassified	政風處		tw-judicial:755	tw-judicial-0976a2daf07a4822dc2f	OGDL-Taiwan-1.0	source_attributed			
易科罚金	易科罰金	commutation to fines	yi4 ke1 fa2 jin1	unclassified	待核查	TW	unclassified	憲法法庭書記廳		tw-judicial:754	tw-judicial-0fa4e965638033acc882	OGDL-Taiwan-1.0	source_attributed			
显著的、著名的	顯著的、著名的	prominent		intellectual_property	待核查	TW	unclassified	A13070000G		tw-tipo-trademark:443	tw-tipo-trademark-a4aaa2ad77357779a9b8	OGDL-Taiwan-1.0	source_attributed			
普通伤害补助费	普通傷害補助費	injury benefits	pu3 tong1 shang1 hai4 bu3 zhu4 fei4	unclassified	待核查	TW	unclassified	憲法法庭書記廳		tw-judicial:1424	tw-judicial-9814e1551eefac10d742	OGDL-Taiwan-1.0	source_attributed			
普通法	普通法	general law	pu3 tong1 fa3	unclassified	待核查	TW	unclassified	憲法法庭書記廳		tw-judicial:1421	tw-judicial-de190997853dfd0539da	OGDL-Taiwan-1.0	source_attributed			
普通法商标	普通法商標	Common Law Trademark	pu3 tong1 fa3 shang1 biao1	intellectual_property	待核查	TW	unclassified	A13070000G		tw-tipo-trademark:92	tw-tipo-trademark-280ef57a947292154196	OGDL-Taiwan-1.0	source_attributed			
普通法院	普通法院	ordinary court	pu3 tong1 fa3 yuan4	dispute_resolution	待核查	TW	institution	憲法法庭書記廳		tw-judicial:1422	tw-judicial-2d236e1bbd08e0ac2f6b	OGDL-Taiwan-1.0	source_attributed			
普通疾病补助费	普通疾病補助費	illness benefits	pu3 tong1 ji2 bing4 bu3 zhu4 fei4	unclassified	待核查	TW	unclassified	憲法法庭書記廳		tw-judicial:1423	tw-judicial-db38307b1222279d4806	OGDL-Taiwan-1.0	source_attributed			
普通税率	普通稅率	general tariff rate	pu3 tong1 shui4 lv4	tax,trade	CN	INTERNATIONAL	term	中华人民共和国关税法（2024）	第十二条第四款规定普通税率的适用范围；“普通”不意味着通常最常适用，而是法定税率类别名称。	oll-cn-tax-trade:cn-customs-general-rate	cn-customs-general-rate	CC-BY-4.0	project_authored	对不属于最惠国税率、协定税率或特惠税率适用范围的国家或地区原产货物，以及原产地不明的进口货物适用的税率。	项目释译，非官方译文；general tariff rate 为项目释译，注意其法定类别含义。	中华人民共和国关税法（2024） 第10,12条 https://fgk.chinatax.gov.cn/zcfgk/c100009/c5234556/content.html
智慧	智慧	intelligence	zhi4 hui4	intellectual_property	待核查	TW	unclassified	A13070000G		tw-tipo-trademark:311	tw-tipo-trademark-f133dca1f3b0a31000b2	OGDL-Taiwan-1.0	source_attributed			
智慧财产	智慧財產	Intellectual property	zhi4 hui4 cai2 chan3	intellectual_property	待核查	TW	unclassified	A13070000G		tw-tipo-trademark:310	tw-tipo-trademark-b43b7b437e1289cd9a0b	OGDL-Taiwan-1.0	source_attributed			
智慧财产及商业法院	智慧財產及商業法院	Intellectual Property and Commercial Court	zhi4 hui4 cai2 chan3 ji2 shang1 ye4 fa3 yuan4	dispute_resolution,intellectual_property	待核查	TW	institution	司法院		tw-judicial:1425	tw-judicial-0defcd4ffe59ebb05937	OGDL-Taiwan-1.0	source_attributed			
智慧财产权	智慧財產權	intellectual property right	zhi4 hui4 cai2 chan3 quan2	intellectual_property	待核查	TW	unclassified	憲法法庭書記廳		tw-judicial:1427	tw-judicial-1a5e0ff7dfeb59a201a2	OGDL-Taiwan-1.0	source_attributed			
智慧财产法院	智慧財產法院	Intellectual Property Court	zhi4 hui4 cai2 chan3 fa3 yuan4	dispute_resolution,intellectual_property	待核查	TW	institution	司法行政廳		tw-judicial:1426	tw-judicial-f13d42060310335ba124	OGDL-Taiwan-1.0	source_attributed			
暂时限制令	暫時限制令	temporary restraining order(TRO)	zan4 shi2 xian4 zhi4 ling4	intellectual_property	待核查	TW	unclassified	A13070000G		tw-tipo-trademark:553	tw-tipo-trademark-5d8d3465ec720dc8e293	OGDL-Taiwan-1.0	source_attributed			
暂缓核发纳税通知书	暫緩核發納稅通知書	suspension of issuing notice of tax payment	zan4 huan3 he2 fa1 na4 shui4 tong1 zhi1 shu1	tax	待核查	TW	document	憲法法庭書記廳		tw-judicial:1815	tw-judicial-b237a398a3fcff530378	OGDL-Taiwan-1.0	source_attributed			
暗示性同意	暗示性同意	implicit consent	an4 shi4 xing4 tong2 yi4	intellectual_property	待核查	TW	unclassified	A13070000G		tw-tipo-trademark:286	tw-tipo-trademark-e7f03a25a1a98cf4e771	OGDL-Taiwan-1.0	source_attributed			
暗示性商标	暗示性商標	suggestive mark	an4 shi4 xing4 shang1 biao1	intellectual_property	待核查	TW	unclassified	A13070000G		tw-tipo-trademark:547	tw-tipo-trademark-206d53e0396b91e7ea5a	OGDL-Taiwan-1.0	source_attributed			
更正户籍登记出生年月日办法	更正戶籍登記出生年月日辦法	Regulations for Correction of Birth Date on Household Registration Record	geng1 zheng4 hu4 ji2 deng1 ji4 chu1 sheng1 nian2 yue4 ri4 ban4 fa3	unclassified	待核查	TW	statute	憲法法庭書記廳		tw-judicial:653	tw-judicial-e4df8a2cd97cbb8fe010	OGDL-Taiwan-1.0	source_attributed			
更正裁定	更正裁定	amendment ruling	geng1 zheng4 cai2 ding4	dispute_resolution	待核查	TW	unclassified	民事廳		tw-judicial:654	tw-judicial-15a0d96ecfab169cd96e	OGDL-Taiwan-1.0	source_attributed			
更正诉讼程序性的错误	更正訴訟程序性的錯誤	amendment to correct litigation procedural errors	geng1 zheng4 su4 song4 cheng2 xu4 xing4 de5 cuo4 wu4	dispute_resolution	待核查	TW	unclassified	憲法法庭書記廳		tw-judicial:655	tw-judicial-87807d831f56455d56bd	OGDL-Taiwan-1.0	source_attributed			
更衣室	更衣室	Dressing Room或Locker	geng1 yi1 shi4	unclassified	待核查	TW	unclassified	司法行政廳		tw-judicial:656	tw-judicial-bf83888323c2a3549b3b	OGDL-Taiwan-1.0	source_attributed			
替代役	替代役	Substitute Service	ti4 dai4 yi4	unclassified	待核查	TW	unclassified	司法行政廳		tw-judicial:1428	tw-judicial-1744d944c8b7040b83e3	OGDL-Taiwan-1.0	source_attributed			
替代役实施条例	替代役實施條例	Enforcement Act for Substitute Services	ti4 dai4 yi4 shi2 shi1 tiao2 li4	unclassified	待核查	TW	statute	憲法法庭書記廳		tw-judicial:1429	tw-judicial-91bffe44836640ea6356	OGDL-Taiwan-1.0	source_attributed			
最惠国税率	最惠國稅率	most-favored-nation (MFN) tariff rate	zui4 hui4 guo2 shui4 lv4	tax,trade	CN	INTERNATIONAL	term	中华人民共和国关税法（2024）	第十条将最惠国税率列为进口关税税率类型；第十二条规定其主要适用条件。是否适用取决于原产地及相关条约安排。	oll-cn-tax-trade:cn-customs-mfn-rate	cn-customs-mfn-rate	CC-BY-4.0	project_authored	对符合《关税法》第十二条规定的原产地和最惠国待遇条件的进口货物适用的进口关税税率。	项目释译，非官方译文；MFN tariff rate 为通行贸易术语，用于本法最惠国税率。	中华人民共和国关税法（2024） 第10,12条 https://fgk.chinatax.gov.cn/zcfgk/c100009/c5234556/content.html
最高司法审判机关	最高司法審判機關	highest adjudicative organ	zui4 gao1 si1 fa3 shen3 pan4 ji1 guan1	dispute_resolution	待核查	TW	unclassified	憲法法庭書記廳		tw-judicial:1381	tw-judicial-95007c28a1345d1ae91e	OGDL-Taiwan-1.0	source_attributed			
最高司法行政机关	最高司法行政機關	highest judicial administrative organ	zui4 gao1 si1 fa3 xing2 zheng4 ji1 guan1	administrative	待核查	TW	unclassified	憲法法庭書記廳		tw-judicial:1380	tw-judicial-7bc4f07a26bb4605ed4a	OGDL-Taiwan-1.0	source_attributed			
最高法院	最高法院	Supreme Court	zui4 gao1 fa3 yuan4	dispute_resolution	待核查	TW	institution	憲法法庭書記廳		tw-judicial:1383	tw-judicial-a8d08c8e8de2efb35d89	OGDL-Taiwan-1.0	source_attributed			
最高行政法院	最高行政法院	Supreme Administrative Court	zui4 gao1 xing2 zheng4 fa3 yuan4	administrative,dispute_resolution	待核查	TW	institution	司法行政廳		tw-judicial:1382	tw-judicial-3af004601a92be2f8381	OGDL-Taiwan-1.0	source_attributed			
月俸	月俸	monthly salary	yue4 feng4	unclassified	待核查	TW	unclassified	憲法法庭書記廳		tw-judicial:241	tw-judicial-014e9a993bc15ace15d5	OGDL-Taiwan-1.0	source_attributed			
月退休金	月退休金	Monthly Retirement Payment	yue4 tui4 xiu1 jin1	unclassified	待核查	TW	unclassified	人事處		tw-judicial:242	tw-judicial-b34d26d66b6fc06caebf	OGDL-Taiwan-1.0	source_attributed			
有二造当事人的程序	有二造當事人的程序	inter partes proceeding	you3 er4 zao4 dang1 shi4 ren2 de5 cheng2 xu4	intellectual_property	待核查	TW	unclassified	A13070000G		tw-tipo-trademark:313	tw-tipo-trademark-017e10d0a39f5ee9a031	OGDL-Taiwan-1.0	source_attributed			
有价证券	有價證券	negotiable instrument	you3 jia4 zheng4 quan4	finance	待核查	TW	unclassified	民事廳		tw-judicial:515	tw-judicial-191972bdc161d8b18d12	OGDL-Taiwan-1.0	source_attributed			
有偿主义	有償主義	non-gratuitous principle	you3 chang2 zhu3 yi4	unclassified	待核查	TW	unclassified	憲法法庭書記廳		tw-judicial:517	tw-judicial-65f89a6a179fac974f0c	OGDL-Taiwan-1.0	source_attributed			
有关的	有關的	relevant	you3 guan1 de5	intellectual_property	待核查	TW	unclassified	A13070000G		tw-tipo-trademark:486	tw-tipo-trademark-e07ea933fe77b148e21d	OGDL-Taiwan-1.0	source_attributed			
有关的、相干的	有關的、相干的	pertinent		intellectual_property	待核查	TW	unclassified	A13070000G		tw-tipo-trademark:408	tw-tipo-trademark-683be7f8c51c060a2198	OGDL-Taiwan-1.0	source_attributed			
有效	有效	in force	you3 xiao4	intellectual_property	待核查	TW	unclassified	A13070000G		tw-tipo-trademark:230	tw-tipo-trademark-83386b69b4cff0e60d57	OGDL-Taiwan-1.0	source_attributed			
有期徒刑	有期徒刑	imprisonment	you3 qi1 tu2 xing2	criminal	待核查	TW	unclassified	憲法法庭書記廳		tw-judicial:513	tw-judicial-8c9757d369440d881431	OGDL-Taiwan-1.0	source_attributed			
有正当事由未使用	有正當事由未使用	excusable non-use	you3 zheng4 dang4 shi4 you2 wei4 shi3 yong4	intellectual_property	待核查	TW	unclassified	A13070000G		tw-tipo-trademark:205	tw-tipo-trademark-b024e660bfbbbfd16bd7	OGDL-Taiwan-1.0	source_attributed			
有特殊意义的、重要的、重大的	有特殊意義的、重要的、重大的	significant		intellectual_property	待核查	TW	unclassified	A13070000G		tw-tipo-trademark:512	tw-tipo-trademark-55674121fdb526fc836b	OGDL-Taiwan-1.0	source_attributed			
有线广播电视法	有線廣播電視法	Cable Radio and Television Act	you3 xian4 guang3 bo1 dian4 shi4 fa3	unclassified	待核查	TW	statute	憲法法庭書記廳		tw-judicial:516	tw-judicial-22fa3f01a4ce031f8892	OGDL-Taiwan-1.0	source_attributed			
有给职	有給職	paid position	you3 gei3 zhi2	unclassified	待核查	TW	unclassified	憲法法庭書記廳		tw-judicial:514	tw-judicial-ec4416130b6408b770a9	OGDL-Taiwan-1.0	source_attributed			
有限责任公司	有限責任公司	limited liability company	you3 xian4 ze2 ren4 gong1 si1	company	CN	INTERNATIONAL	term	中华人民共和国公司法（2023修订）	公司本身以全部财产对其债务承担责任；公司责任与股东责任应分开理解。	oll-cn-core:cn-limited-liability-company	cn-limited-liability-company	CC-BY-4.0	project_authored	依公司法设立、股东以认缴出资额为限对公司承担责任的公司类型。	项目释译，非官方译文；英文仅对应本法公司类型，不自动等同美国 LLC。	中华人民共和国公司法（2023修订） 第2,3,4条 https://fgk.chinatax.gov.cn/zcfgk/c100009/c5233383/content.html
服兵役	服兵役	military service	fu2 bing1 yi4	unclassified	待核查	TW	unclassified	憲法法庭書記廳		tw-judicial:757	tw-judicial-78d52644d7c9677c77ee	OGDL-Taiwan-1.0	source_attributed			
服务台	服務台	Information Counter	fu2 wu4 tai2	unclassified	待核查	TW	unclassified	司法行政廳		tw-judicial:758	tw-judicial-61d6f1a490f0c8744e55	OGDL-Taiwan-1.0	source_attributed			
服务商标	服務商標	service mark	fu2 wu4 shang1 biao1	intellectual_property	待核查	TW	unclassified	A13070000G		tw-tipo-trademark:508	tw-tipo-trademark-71ae8824876b0e257971	OGDL-Taiwan-1.0	source_attributed			
服务奖章	服務獎章	Service Medal	fu2 wu4 jiang3 zhang1	unclassified	待核查	TW	unclassified	人事處		tw-judicial:759	tw-judicial-da5823d59f54d01548b5	OGDL-Taiwan-1.0	source_attributed			
服务期	服務期	service period	fu2 wu4 qi1	employment	CN	INTERNATIONAL	term	中华人民共和国劳动合同法（2012修正）	违反服务期约定时可以约定违约金，但违约金不得超过培训费用，实际要求支付的金额也不得超过未履行服务期所分摊的培训费用。	oll-cn-admin-labor:cn-labor-service-period	cn-labor-service-period	CC-BY-4.0	project_authored	用人单位为劳动者提供专项培训费用并进行专业技术培训时，双方可依法约定劳动者承担的服务期限。	项目释译，非官方译文；service period 在此是专项培训背景下的法定约定概念，不是一般工龄。	中华人民共和国劳动合同法（2012修正） 第22条 https://fgk.chinatax.gov.cn/zcfgk/c100009/c5193025/content.html
服务标章	服務標章	service mark	fu2 wu4 biao1 zhang1	intellectual_property	待核查	TW	unclassified	A13070000G		tw-tipo-trademark:519	tw-tipo-trademark-481f43580a81fa480781	OGDL-Taiwan-1.0	source_attributed			
服务标章	服務標章	SM	fu2 wu4 biao1 zhang1	intellectual_property	待核查	TW	abbreviation	A13070000G		tw-tipo-trademark:518	tw-tipo-trademark-6ac652e3aa8955961eb7	OGDL-Taiwan-1.0	source_attributed			
期满、届满	期滿、屆滿	expiration		intellectual_property	待核查	TW	unclassified	A13070000G		tw-tipo-trademark:208	tw-tipo-trademark-351726b7b5d444b82c74	OGDL-Taiwan-1.0	source_attributed			
期货交易法	期貨交易法	Futures Trading Act	qi1 huo4 jiao1 yi4 fa3	unclassified	待核查	TW	statute	憲法法庭書記廳		tw-judicial:1430	tw-judicial-0bf1f0b39e467dfa95b7	OGDL-Taiwan-1.0	source_attributed			
未上市公司	未上市公司	unlisted companies	wei4 shang4 shi4 gong1 si1	company	待核查	TW	unclassified	憲法法庭書記廳		tw-judicial:351	tw-judicial-d9c355e4b9fa56ddd7e2	OGDL-Taiwan-1.0	source_attributed			
未上柜公司	未上櫃公司	companies not yet traded in the over-the-counter market	wei4 shang4 gui4 gong1 si1	company	待核查	TW	unclassified	憲法法庭書記廳		tw-judicial:352	tw-judicial-a195c2507e882ab87205	OGDL-Taiwan-1.0	source_attributed			
未分配盈余	未分配盈餘	undistributed earnings	wei4 fen1 pei4 ying2 yu2	unclassified	待核查	TW	unclassified	憲法法庭書記廳		tw-judicial:353	tw-judicial-7a864362c668947c4454	OGDL-Taiwan-1.0	source_attributed			
未成年子女	未成年子女	minor child	wei4 cheng2 nian2 zi3 nv3	unclassified	待核查	TW	unclassified	憲法法庭書記廳		tw-judicial:354	tw-judicial-bcdb57718ec385f59a9b	OGDL-Taiwan-1.0	source_attributed			
未登记不动产	未登記不動產	unregistered estate	wei4 deng1 ji4 bu4 dong4 chan3	property	待核查	TW	unclassified	憲法法庭書記廳		tw-judicial:355	tw-judicial-8ddfa6d6a68e455edf16	OGDL-Taiwan-1.0	source_attributed			
未登记的、未注册的	未登記的、未註冊的	unregistrable		intellectual_property	待核查	TW	unclassified	A13070000G		tw-tipo-trademark:586	tw-tipo-trademark-cb46a0d5f2cbf5913dea	OGDL-Taiwan-1.0	source_attributed			
未结件数	未結件數	Pending Cases	wei4 jie2 jian4 shu4	unclassified	待核查	TW	unclassified	統計處		tw-judicial:356	tw-judicial-8af02466071dd98956e3	OGDL-Taiwan-1.0	source_attributed			
未继承登记不动产办理强制执行联系要点	未繼承登記不動產辦理強制執行聯繫要點	Outlines for Handling Compulsory Enforcement Regarding Properties Unregistered after Succession	wei4 ji4 cheng2 deng1 ji4 bu4 dong4 chan3 ban4 li3 qiang2 zhi4 zhi2 xing2 lian2 xi4 yao4 dian3	family,property	待核查	TW	statute	民事廳		tw-judicial:357	tw-judicial-5e463c506d1bb5793c07	OGDL-Taiwan-1.0	source_attributed			
本俸	本俸	Basic Pay	ben3 feng4	unclassified	待核查	TW	unclassified	人事處		tw-judicial:350	tw-judicial-68fe91518a82e7894c9d	OGDL-Taiwan-1.0	source_attributed			
本国注册或申请	本國註冊或申請	home registration or application	ben3 guo2 zhu4 ce4 huo4 shen1 qing3	intellectual_property	待核查	TW	unclassified	A13070000G		tw-tipo-trademark:273	tw-tipo-trademark-49de3d6dd47e0cedf72d	OGDL-Taiwan-1.0	source_attributed			
本身	本身	per se	ben3 shen1	intellectual_property	待核查	TW	unclassified	A13070000G		tw-tipo-trademark:405	tw-tipo-trademark-4b07242d4be24925ca38	OGDL-Taiwan-1.0	source_attributed			
机关、企业、创立	機關、企業、創立	establishment		intellectual_property	待核查	TW	unclassified	A13070000G		tw-tipo-trademark:195	tw-tipo-trademark-ea83489799979cd8a251	OGDL-Taiwan-1.0	source_attributed			
机关政风状况	機關政風狀況	Situations of Government Employee Ethics	ji1 guan1 zheng4 feng1 zhuang4 kuang4	unclassified	待核查	TW	unclassified	政風處		tw-judicial:1908	tw-judicial-4dde2143dad2e00c29dc	OGDL-Taiwan-1.0	source_attributed			
机房	機房	Engine Room	ji1 fang2	unclassified	待核查	TW	unclassified	司法行政廳		tw-judicial:1906	tw-judicial-09bd5b511e8ab82d4ec9	OGDL-Taiwan-1.0	source_attributed			
机要人员	機要人員	Confidential Employees	ji1 yao4 ren2 yuan2	unclassified	待核查	TW	unclassified	人事處		tw-judicial:1907	tw-judicial-ff8945d8e5adc5b298b0	OGDL-Taiwan-1.0	source_attributed			
权利之赋予、授权	權利之賦予、授權	entitlement		intellectual_property	待核查	TW	unclassified	A13070000G		tw-tipo-trademark:188	tw-tipo-trademark-0375ffcd779913fdb4a0	OGDL-Taiwan-1.0	source_attributed			
权利移转证书	權利移轉證書	title transfer documents	quan2 li4 yi2 zhuan3 zheng4 shu1	unclassified	待核查	TW	unclassified	憲法法庭書記廳		tw-judicial:2102	tw-judicial-9097ca95a923a8e72185	OGDL-Taiwan-1.0	source_attributed			
权利金	權利金	royalty	quan2 li4 jin1	intellectual_property	待核查	TW	unclassified	A13070000G		tw-tipo-trademark:499	tw-tipo-trademark-56197ffdd3ec97bf7c80	OGDL-Taiwan-1.0	source_attributed			
权力分立	權力分立	separation of powers	quan2 li4 fen1 li4	unclassified	待核查	TW	unclassified	憲法法庭書記廳		tw-judicial:2100	tw-judicial-9742a5803853b112daf2	OGDL-Taiwan-1.0	source_attributed			
权力制衡原则	權力制衡原則	check and balance of powers	quan2 li4 zhi4 heng2 yuan2 ze2	unclassified	待核查	TW	unclassified	憲法法庭書記廳		tw-judicial:2101	tw-judicial-476e5a18da491dbb2d3e	OGDL-Taiwan-1.0	source_attributed			
权宜措施	權宜措施	expedient measures	quan2 yi2 cuo4 shi1	unclassified	待核查	TW	unclassified	憲法法庭書記廳		tw-judicial:2103	tw-judicial-debc1947ac0ac6ee5b19	OGDL-Taiwan-1.0	source_attributed			
条款	條款	clause	tiao2 kuan3	intellectual_property	待核查	TW	unclassified	A13070000G		tw-tipo-trademark:78	tw-tipo-trademark-2dac28c450ca4bdcac27	OGDL-Taiwan-1.0	source_attributed			
条款	條款	provision	tiao2 kuan3	intellectual_property	待核查	TW	unclassified	A13070000G		tw-tipo-trademark:452	tw-tipo-trademark-5e6462363154f819c0dc	OGDL-Taiwan-1.0	source_attributed			
条约	條約	treaty	tiao2 yue1	unclassified	待核查	TW	unclassified	憲法法庭書記廳		tw-judicial:1278	tw-judicial-82935cb5f8d3b5a14132	OGDL-Taiwan-1.0	source_attributed			
来源	來源	source	lai2 yuan2	intellectual_property	待核查	TW	unclassified	A13070000G		tw-tipo-trademark:527	tw-tipo-trademark-478a50c1e0f650f62daa	OGDL-Taiwan-1.0	source_attributed			
来源名称	來源名稱	appellation of origin	lai2 yuan2 ming2 cheng1	intellectual_property	待核查	TW	unclassified	A13070000G		tw-tipo-trademark:31	tw-tipo-trademark-4438d807f12c7d7ce3c6	OGDL-Taiwan-1.0	source_attributed			
来源指示者	來源指示者	source indicator	lai2 yuan2 zhi3 shi4 zhe3	intellectual_property	待核查	TW	unclassified	A13070000G		tw-tipo-trademark:530	tw-tipo-trademark-5bbe6e03c215a3903113	OGDL-Taiwan-1.0	source_attributed			
来源混淆	來源混淆	cause confusion as to source	lai2 yuan2 hun4 xiao2	intellectual_property	待核查	TW	unclassified	A13070000G		tw-tipo-trademark:528	tw-tipo-trademark-99c33c0f74107c9dbfd9	OGDL-Taiwan-1.0	source_attributed			
构成、包含、包括	構成、包含、包括	comprise		intellectual_property	待核查	TW	unclassified	A13070000G		tw-tipo-trademark:98	tw-tipo-trademark-a448fb432ba965017892	OGDL-Taiwan-1.0	source_attributed			
构成、组成	構成、組成	constitute		intellectual_property	待核查	TW	unclassified	A13070000G		tw-tipo-trademark:108	tw-tipo-trademark-99d250f102a0368a3719	OGDL-Taiwan-1.0	source_attributed			
构成一件商标	構成一件商標	to comprise a mark	gou4 cheng2 yi1 jian4 shang1 biao1	intellectual_property	待核查	TW	unclassified	A13070000G		tw-tipo-trademark:99	tw-tipo-trademark-891479e5bd1b4022a2ee	OGDL-Taiwan-1.0	source_attributed			
枪砲弹药刀械管制条例	槍砲彈藥刀械管制條例	Controlling Guns, Ammunition and Knives Act	qiang1 pao4 dan4 yao4 dao1 xie4 guan3 zhi4 tiao2 li4	unclassified	待核查	TW	statute	憲法法庭書記廳		tw-judicial:1648	tw-judicial-846e71c4d3f258338a4f	OGDL-Taiwan-1.0	source_attributed			
架构	架構	framework	jia4 gou4	intellectual_property	待核查	TW	unclassified	A13070000G		tw-tipo-trademark:241	tw-tipo-trademark-b3caada8d69bfc1d8e46	OGDL-Taiwan-1.0	source_attributed			
查缉	查緝	seizure	cha2 ji1	unclassified	待核查	TW	unclassified	憲法法庭書記廳		tw-judicial:922	tw-judicial-8efce4de6287ea3b25d8	OGDL-Taiwan-1.0	source_attributed			
标准地价评议委员会	標準地價評議委員會	Standard Land Value Determination Committee	biao1 zhun3 di4 jia4 ping2 yi4 wei3 yuan2 hui4	unclassified	待核查	TW	institution	憲法法庭書記廳		tw-judicial:1816	tw-judicial-7764b54f1d070e07f56b	OGDL-Taiwan-1.0	source_attributed			
标准法	標準法	The Standards Act	biao1 zhun3 fa3	unclassified	待核查	TW	unclassified	憲法法庭書記廳		tw-judicial:1817	tw-judicial-aad70517b96da16fc2f8	OGDL-Taiwan-1.0	source_attributed			
标志、做记号	標誌、做記號	marking		intellectual_property	待核查	TW	unclassified	A13070000G		tw-tipo-trademark:351	tw-tipo-trademark-8395298cb232a3f6e7ea	OGDL-Taiwan-1.0	source_attributed			
标章类型	標章類型	types of marks	biao1 zhang1 lei4 xing2	intellectual_property	待核查	TW	unclassified	A13070000G		tw-tipo-trademark:575	tw-tipo-trademark-06b3ab0c82175f4ad7ee	OGDL-Taiwan-1.0	source_attributed			
样品、样本	樣品、樣本	specimen		intellectual_property	待核查	TW	unclassified	A13070000G		tw-tipo-trademark:534	tw-tipo-trademark-c27e7ee869c2916460ba	OGDL-Taiwan-1.0	source_attributed			
核准	核准	permission	he2 zhun3	unclassified	待核查	TW	unclassified	憲法法庭書記廳		tw-judicial:1022	tw-judicial-a6f2196afd88940998c1	OGDL-Taiwan-1.0	source_attributed			
核准	核准	allowance	he2 zhun3	intellectual_property	待核查	TW	unclassified	A13070000G		tw-tipo-trademark:22	tw-tipo-trademark-41cf74b59f0f9c35d6c7	OGDL-Taiwan-1.0	source_attributed			
核准	核准	approve	he2 zhun3	intellectual_property	待核查	TW	unclassified	A13070000G		tw-tipo-trademark:36	tw-tipo-trademark-abb1835267c2f4ece061	OGDL-Taiwan-1.0	source_attributed			
核子反应器设施管制法	核子反應器設施管制法	Nuclear Reactor Facilities Regulation Act	he2 zi3 fan3 ying4 qi4 she4 shi1 guan3 zhi4 fa3	unclassified	待核查	TW	statute	憲法法庭書記廳		tw-judicial:1020	tw-judicial-c497378a83f562ad2e2f	OGDL-Taiwan-1.0	source_attributed			
核子损害赔偿法	核子損害賠償法	Nuclear Reactor Facilities Regulation Act	he2 zi3 sun3 hai4 pei2 chang2 fa3	unclassified	待核查	TW	statute	憲法法庭書記廳		tw-judicial:1021	tw-judicial-136bf0637a6035b1cf90	OGDL-Taiwan-1.0	source_attributed			
核课权	核課權	taxing power	he2 ke4 quan2	unclassified	待核查	TW	unclassified	憲法法庭書記廳		tw-judicial:1023	tw-judicial-33754bfb6dc343f30b9d	OGDL-Taiwan-1.0	source_attributed			
核驳、拒绝	核駁、拒絕	refusal		intellectual_property	待核查	TW	unclassified	A13070000G		tw-tipo-trademark:472	tw-tipo-trademark-7715bf9efed5bf6790b3	OGDL-Taiwan-1.0	source_attributed			
根据、理由	根據、理由	ground		intellectual_property	待核查	TW	unclassified	A13070000G		tw-tipo-trademark:269	tw-tipo-trademark-15f08b2903f4e860f393	OGDL-Taiwan-1.0	source_attributed			
根据第一印象的、乍看的	根據第一印象的、乍看的	prima facie		intellectual_property	待核查	TW	unclassified	A13070000G		tw-tipo-trademark:425	tw-tipo-trademark-3284092d8b37b00ec71b	OGDL-Taiwan-1.0	source_attributed			
格式、设计	格式、設計	format		intellectual_property	待核查	TW	unclassified	A13070000G		tw-tipo-trademark:237	tw-tipo-trademark-df7ade9d3a31a9134011	OGDL-Taiwan-1.0	source_attributed			
格式条款	格式條款	standard terms	ge2 shi4 tiao2 kuan3	contracts	CN	INTERNATIONAL	term	中华人民共和国民法典（2020）	提供方负有相应提示和说明义务；违反义务的法律后果需依条文条件判断。	oll-cn-core:cn-standard-terms	cn-standard-terms	CC-BY-4.0	project_authored	为重复使用而预先拟定，订约时未与对方协商的条款。	项目释译，非官方译文；不是仅指文档排版格式。	中华人民共和国民法典（2020） 第496条 https://www.court.gov.cn/zixun/xiangqing/233181.html
栽赃	栽贓	false accusation	zai1 zang1	unclassified	待核查	TW	unclassified	憲法法庭書記廳		tw-judicial:1025	tw-judicial-cb5b264d18949f594b42	OGDL-Taiwan-1.0	source_attributed			
案件收结	案件收結	Filings and Dispositions of Cases	an4 jian4 shou1 jie2	unclassified	待核查	TW	unclassified	統計處		tw-judicial:1024	tw-judicial-e988f4acc1ed5b3d3c3e	OGDL-Taiwan-1.0	source_attributed			
档案室	檔案室	Archives	dang4 an4 shi4	unclassified	待核查	TW	unclassified	司法行政廳		tw-judicial:1952	tw-judicial-e9670a153054a10b7ea8	OGDL-Taiwan-1.0	source_attributed			
档案法	檔案法	Archives Act	dang4 an4 fa3	unclassified	待核查	TW	unclassified	憲法法庭書記廳		tw-judicial:1951	tw-judicial-afdde51d8cb60e49ca43	OGDL-Taiwan-1.0	source_attributed			
档案管理局组织条例	檔案管理局組織條例	The Organization Act of the National Archives Administration	dang4 an4 guan3 li3 ju2 zu3 zhi1 tiao2 li4	unclassified	待核查	TW	statute	憲法法庭書記廳		tw-judicial:1953	tw-judicial-22ee220d96d089886fbb	OGDL-Taiwan-1.0	source_attributed			
检举贪渎案件	檢舉貪瀆案件	The Cases Of Corruption and Malfeasance by report	jian3 ju3 tan1 du2 an4 jian4	unclassified	待核查	TW	unclassified	政風處		tw-judicial:1959	tw-judicial-b0ba22a609b190a87eb5	OGDL-Taiwan-1.0	source_attributed			
检察事务指令权	檢察事務指令權	power to issue orders regarding prosecutorial matters	jian3 cha2 shi4 wu4 zhi3 ling4 quan2	criminal	待核查	TW	unclassified	憲法法庭書記廳		tw-judicial:1955	tw-judicial-ddc8b944c1c8eeab7b4e	OGDL-Taiwan-1.0	source_attributed			
检察官	檢察官	prosecutor	jian3 cha2 guan1	criminal	待核查	TW	role	憲法法庭書記廳		tw-judicial:1956	tw-judicial-739341698dbf83289699	OGDL-Taiwan-1.0	source_attributed			
检察官室	檢察官室	Prosecutor Lounge	jian3 cha2 guan1 shi4	criminal	待核查	TW	unclassified	司法行政廳		tw-judicial:1957	tw-judicial-e5d8d5fb7e83ea1cfa86	OGDL-Taiwan-1.0	source_attributed			
检察官席	檢察官席	Prosecutor	jian3 cha2 guan1 xi2	criminal	待核查	TW	unclassified	司法行政廳		tw-judicial:1958	tw-judicial-fe904564da6a7dfa4ced	OGDL-Taiwan-1.0	source_attributed			
检索	檢索	search	jian3 suo3	intellectual_property	待核查	TW	unclassified	A13070000G		tw-tipo-trademark:504	tw-tipo-trademark-ebe331b9980cca7b5f1d	OGDL-Taiwan-1.0	source_attributed			
检肃流氓条例	檢肅流氓條例	Gangster Prevention Act	jian3 su4 liu2 mang2 tiao2 li4	unclassified	待核查	TW	statute	憲法法庭書記廳		tw-judicial:1954	tw-judicial-6688ffa3644203ee4e22	OGDL-Taiwan-1.0	source_attributed			
检验佐理员	檢驗佐理員	Assistant Technologist	jian3 yan4 zuo3 li3 yuan2	unclassified	待核查	TW	unclassified	司法行政廳		tw-judicial:1960	tw-judicial-b9994ceb4c4eafffcd66	OGDL-Taiwan-1.0	source_attributed			
森林法	森林法	The Forestry Act	sen1 lin2 fa3	unclassified	待核查	TW	unclassified	憲法法庭書記廳		tw-judicial:1431	tw-judicial-f61ce52268e7dff50eb0	OGDL-Taiwan-1.0	source_attributed			
植物种苗法	植物種苗法	Plant Variety and Seed Act	zhi2 wu4 zhong3 miao2 fa3	unclassified	待核查	TW	statute	憲法法庭書記廳		tw-judicial:1433	tw-judicial-02503581c34185d263f6	OGDL-Taiwan-1.0	source_attributed			
植物防疫检疫法	植物防疫檢疫法	Plant Protection and Quarantine Act	zhi2 wu4 fang2 yi4 jian3 yi4 fa3	unclassified	待核查	TW	statute	憲法法庭書記廳		tw-judicial:1432	tw-judicial-783eec163a83d4b7235d	OGDL-Taiwan-1.0	source_attributed			
概括承受	概括承受	purchase and assumption	gai4 kuo4 cheng2 shou4	unclassified	待核查	TW	unclassified	憲法法庭書記廳		tw-judicial:1549	tw-judicial-f850aa56a2bf55280b47	OGDL-Taiwan-1.0	source_attributed			
概括授权	概括授權	general authorization	gai4 kuo4 shou4 quan2	unclassified	待核查	TW	unclassified	憲法法庭書記廳		tw-judicial:1550	tw-judicial-31817bbed08d202869f0	OGDL-Taiwan-1.0	source_attributed			
概括条款	概括條款	general clauses of law; generalized provisions	gai4 kuo4 tiao2 kuan3	unclassified	待核查	TW	unclassified	憲法法庭書記廳		tw-judicial:1551	tw-judicial-4ba4759122c9e86d0f28	OGDL-Taiwan-1.0	source_attributed			
概算	概算	Budget Estimates	gai4 suan4	unclassified	待核查	TW	unclassified	會計處		tw-judicial:1552	tw-judicial-d2e95cbb3fceab57aa22	OGDL-Taiwan-1.0	source_attributed			
欧洲法院	歐洲法院	European Court of Justice	ou1 zhou1 fa3 yuan4	intellectual_property	待核查	TW	institution	A13070000G		tw-tipo-trademark:176	tw-tipo-trademark-3320966464e837ecd29d	OGDL-Taiwan-1.0	source_attributed			
欧洲法院	歐洲法院	ECJ	ou1 zhou1 fa3 yuan4	intellectual_property	待核查	TW	abbreviation	A13070000G		tw-tipo-trademark:175	tw-tipo-trademark-ffa8ad9a3807cef9c1ba	OGDL-Taiwan-1.0	source_attributed			
欺诈	欺詐	fraud inducing a civil juristic act	qi1 zha4	civil,contracts	CN	INTERNATIONAL	term	中华人民共和国民法典（2020）	受欺诈方可请求法院或仲裁机构撤销；本条语境是民事行为效力，不是刑事诈骗罪定义。	oll-cn-core:cn-fraud	cn-fraud	CC-BY-4.0	project_authored	以欺诈手段使对方违背真实意思实施民事法律行为的情形。	项目释译，非官方译文；用语境限定 fraud，避免与特定犯罪罪名混用。	中华人民共和国民法典（2020） 第148条 https://www.court.gov.cn/zixun/xiangqing/233181.html
款项发还	款項發還	distribution of funds	kuan3 xiang4 fa1 huan2	unclassified	待核查	TW	unclassified	憲法法庭書記廳		tw-judicial:1434	tw-judicial-905f6eaa481d765f568d	OGDL-Taiwan-1.0	source_attributed			
正式地、正规地	正式地、正規地	formally		intellectual_property	待核查	TW	unclassified	A13070000G		tw-tipo-trademark:236	tw-tipo-trademark-ea71913a62e83a5f7bdc	OGDL-Taiwan-1.0	source_attributed			
正当使用	正當使用	fair use	zheng4 dang4 shi3 yong4	intellectual_property	待核查	TW	unclassified	A13070000G		tw-tipo-trademark:211	tw-tipo-trademark-e9a5aaaa270663906a0d	OGDL-Taiwan-1.0	source_attributed			
正当法律程序	正當法律程序	due process of law	zheng4 dang4 fa3 lv4 cheng2 xu4	unclassified	待核查	TW	unclassified	憲法法庭書記廳		tw-judicial:358	tw-judicial-314008298e56b5a94a2b	OGDL-Taiwan-1.0	source_attributed			
正当程序	正當程序	due process	zheng4 dang4 cheng2 xu4	unclassified	待核查	TW	unclassified	憲法法庭書記廳		tw-judicial:359	tw-judicial-a3f2256a0a8006154393	OGDL-Taiwan-1.0	source_attributed			
正确课税凭证制度	正確課稅憑証制度	correct tax voucher system	zheng4 que4 ke4 shui4 ping2 zheng4 zhi4 du4	tax	待核查	TW	unclassified	憲法法庭書記廳		tw-judicial:360	tw-judicial-d376bd7e058085561b53	OGDL-Taiwan-1.0	source_attributed			
武职人员	武職人員	military officers	wu3 zhi2 ren2 yuan2	unclassified	待核查	TW	unclassified	憲法法庭書記廳		tw-judicial:760	tw-judicial-2c986f820a6558eec2fc	OGDL-Taiwan-1.0	source_attributed			
死亡宣告案件	死亡宣告案件	case concerning the proclamation of death of a missing proson	si3 wang2 xuan1 gao4 an4 jian4	unclassified	待核查	TW	unclassified	少年及家事廳		tw-judicial:518	tw-judicial-f00225bff00e7813d99a	OGDL-Taiwan-1.0	source_attributed			
死刑	死刑	death penalty	si3 xing2	criminal	待核查	TW	unclassified	憲法法庭書記廳		tw-judicial:519	tw-judicial-af3023bd57c67863c17a	OGDL-Taiwan-1.0	source_attributed			
殷实商保	殷實商保	guaranty executed by a reliable business establishment	yin1 shi2 shang1 bao3	unclassified	待核查	TW	unclassified	憲法法庭書記廳		tw-judicial:1026	tw-judicial-0c17fda0df5b14b4667c	OGDL-Taiwan-1.0	source_attributed			
母之养女	母之養女	one's mother's adopted daughter	mu3 zhi1 yang3 nv3	unclassified	待核查	TW	unclassified	憲法法庭書記廳		tw-judicial:361	tw-judicial-d882eac130e05c659958	OGDL-Taiwan-1.0	source_attributed			
母法	母法	enabling statute	mu3 fa3	unclassified	待核查	TW	unclassified	憲法法庭書記廳		tw-judicial:362	tw-judicial-9f9cfcb77094c0fe3f6c	OGDL-Taiwan-1.0	source_attributed			
每届总统任满	每屆總統任滿	end of the Presidential term	mei3 jie4 zong3 tong3 ren4 man3	unclassified	待核查	TW	unclassified	憲法法庭書記廳		tw-judicial:657	tw-judicial-fbea55844b20e7a37641	OGDL-Taiwan-1.0	source_attributed			
毒品	毒品	drug; narcotic	du2 pin3	unclassified	待核查	TW	unclassified	憲法法庭書記廳		tw-judicial:923	tw-judicial-96e3925033751e6d2c3c	OGDL-Taiwan-1.0	source_attributed			
毒品危害防制条例	毒品危害防制條例	Narcotics Hazard Prevention Act	du2 pin3 wei1 hai4 fang2 zhi4 tiao2 li4	unclassified	待核查	TW	statute	憲法法庭書記廳		tw-judicial:924	tw-judicial-df50f357847c20e83472	OGDL-Taiwan-1.0	source_attributed			
比例代表制	比例代表制	proportional representation	bi3 li4 dai4 biao3 zhi4	unclassified	待核查	TW	unclassified	憲法法庭書記廳		tw-judicial:243	tw-judicial-aa0cd2bd37bdebb6a7d6	OGDL-Taiwan-1.0	source_attributed			
比例原则	比例原則	principle of proportionality (Verhaltnismasigkeitsprinzip)	bi3 li4 yuan2 ze2	constitutional	待核查	TW	unclassified	憲法法庭書記廳		tw-judicial:244	tw-judicial-40eeb233b3627e5cf385	OGDL-Taiwan-1.0	source_attributed			
民主国家	民主國家	democratic country; democratic nation	min2 zhu3 guo2 jia1	unclassified	待核查	TW	unclassified	憲法法庭書記廳		tw-judicial:364	tw-judicial-59bc658a4fc85989f1fd	OGDL-Taiwan-1.0	source_attributed			
民主政治	民主政治	democratic politics	min2 zhu3 zheng4 zhi4	unclassified	待核查	TW	unclassified	憲法法庭書記廳		tw-judicial:363	tw-judicial-bace1138ca4cfeb1591e	OGDL-Taiwan-1.0	source_attributed			
民事争点整理室	民事爭點整理室	Civil Issues Coordination Room	min2 shi4 zheng1 dian3 zheng3 li3 shi4	civil	待核查	TW	unclassified	司法行政廳		tw-judicial:368	tw-judicial-9e1d87c8d2071ccf6efd	OGDL-Taiwan-1.0	source_attributed			
民事保全程序事件处理要点	民事保全程序事件處理要點	Outlines for Handling Civil Injunctive Procedure	min2 shi4 bao3 quan2 cheng2 xu4 shi4 jian4 chu3 li3 yao4 dian3	civil	待核查	TW	statute	民事廳		tw-judicial:369	tw-judicial-e137682de1dc934ddf42	OGDL-Taiwan-1.0	source_attributed			
民事厅	民事廳	Civil Department	min2 shi4 ting1	civil	待核查	TW	unclassified	司法行政廳		tw-judicial:378	tw-judicial-383dfadc3dab81c821aa	OGDL-Taiwan-1.0	source_attributed			
民事庭	民事庭	civil court division	min2 shi4 ting2	civil	待核查	TW	unclassified	民事廳		tw-judicial:371	tw-judicial-374d435ebbd623291060	OGDL-Taiwan-1.0	source_attributed			
民事执行处	民事執行處	Civil Execution Department	min2 shi4 zhi2 xing2 chu4	civil	待核查	TW	unclassified	司法行政廳		tw-judicial:372	tw-judicial-412e16849d69fd4079ea	OGDL-Taiwan-1.0	source_attributed			
民事权利能力	民事權利能力	capacity for civil rights	min2 shi4 quan2 li4 neng2 li4	core,civil	CN	INTERNATIONAL	term	中华人民共和国民法典（2020）	自然人从出生时起到死亡时止具有这一资格；它不等于能够独立实施所有民事法律行为。	oll-cn-core:cn-civil-rights-capacity	cn-civil-rights-capacity	CC-BY-4.0	project_authored	依法享有民事权利、承担民事义务的资格。	项目释译，非官方译文；与 capacity for civil juristic acts 分开记忆。	中华人民共和国民法典（2020） 第13,14,18条 https://www.court.gov.cn/zixun/xiangqing/233181.html
民事法律行为	民事法律行爲	civil juristic act	min2 shi4 fa3 lv4 xing2 wei2	core,civil	CN	INTERNATIONAL	term	中华人民共和国民法典（2020）	行为有效通常需要相应行为能力、真实意思表示，并满足法律强制性规定和公序良俗要求。	oll-cn-core:cn-civil-juristic-act	cn-civil-juristic-act	CC-BY-4.0	project_authored	民事主体通过意思表示设立、变更或者终止民事法律关系的行为。	项目释译，非官方译文；juristic act 比日常意义的 legal action 更能区分法律行为与诉讼行动。	中华人民共和国民法典（2020） 第133,143条 https://www.court.gov.cn/zixun/xiangqing/233181.html
民事第一法庭	民事第一法庭	Civil Court Room 1	min2 shi4 di4 yi1 fa3 ting2	civil	待核查	TW	unclassified	司法行政廳		tw-judicial:373	tw-judicial-5c6588064b8e48c4afd6	OGDL-Taiwan-1.0	source_attributed			
民事纪录科	民事紀錄科	Civil Recording Section	min2 shi4 ji4 lu4 ke1	civil	待核查	TW	unclassified	司法行政廳		tw-judicial:370	tw-judicial-e53f7419ce7abaa48189	OGDL-Taiwan-1.0	source_attributed			
民事诉讼	民事訴訟	civil litigation	min2 shi4 su4 song4	civil,dispute_resolution	待核查	TW	unclassified	憲法法庭書記廳		tw-judicial:374	tw-judicial-c47f81635431168f7230	OGDL-Taiwan-1.0	source_attributed			
民事诉讼法	民事訴訟法	Code of Civil Procedure	min2 shi4 su4 song4 fa3	civil,dispute_resolution	待核查	TW	statute	民事廳		tw-judicial:375	tw-judicial-3b50448c73136953a939	OGDL-Taiwan-1.0	source_attributed			
民事诉讼法施行法	民事訴訟法施行法	Enforcement Act of the Code of Civil Procedure	min2 shi4 su4 song4 fa3 shi1 xing2 fa3	civil,dispute_resolution	待核查	TW	statute	憲法法庭書記廳		tw-judicial:376	tw-judicial-31c061f1cec10160d6dc	OGDL-Taiwan-1.0	source_attributed			
民事诉讼费用法	民事訴訟費用法	Act Governing Fees of Civil Actions	min2 shi4 su4 song4 fei4 yong4 fa3	civil,dispute_resolution	待核查	TW	statute	憲法法庭書記廳		tw-judicial:377	tw-judicial-13026bf04bdb5633b64a	OGDL-Taiwan-1.0	source_attributed			
民意代表	民意代表	elected representative; Elected representatives	min2 yi4 dai4 biao3	unclassified	待核查	TW	unclassified	憲法法庭書記廳		tw-judicial:391	tw-judicial-48c7a8f63e2750137ee9	OGDL-Taiwan-1.0	source_attributed			
民法	民法	Civil Code	min2 fa3	civil	待核查	TW	unclassified	憲法法庭書記廳		tw-judicial:379	tw-judicial-0164405ca4d135b3ae07	OGDL-Taiwan-1.0	source_attributed			
民法亲属编	民法親屬編	Civil Code Part IV Family	min2 fa3 qin1 shu3 bian1	civil	待核查	TW	unclassified	憲法法庭書記廳		tw-judicial:384	tw-judicial-12ed7bb4a9f694f3ac09	OGDL-Taiwan-1.0	source_attributed			
民法亲属编施行法	民法親屬編施行法	Enforcement Law for Part IV, Family Law of the Civil Code	min2 fa3 qin1 shu3 bian1 shi1 xing2 fa3	civil	待核查	TW	statute	憲法法庭書記廳		tw-judicial:385	tw-judicial-9257fd6f3a5da69256e0	OGDL-Taiwan-1.0	source_attributed			
民法债编	民法債編	Civil Code Part II Obligations	min2 fa3 zhai4 bian1	civil	待核查	TW	unclassified	憲法法庭書記廳		tw-judicial:382	tw-judicial-aaa7de5429941fe0da24	OGDL-Taiwan-1.0	source_attributed			
民法债编施行法	民法債編施行法	Enforcement Act of the Part of Obligations of the Civil Code	min2 fa3 zhai4 bian1 shi1 xing2 fa3	civil	待核查	TW	statute	憲法法庭書記廳		tw-judicial:383	tw-judicial-d6b3435caad9548e0801	OGDL-Taiwan-1.0	source_attributed			
民法总则施行法	民法總則施行法	Enformence Act of the Part of General Principles of the Civil Code	min2 fa3 zong3 ze2 shi1 xing2 fa3	civil	待核查	TW	statute	憲法法庭書記廳		tw-judicial:386	tw-judicial-535fa876a6c2067285b6	OGDL-Taiwan-1.0	source_attributed			
民法总则编	民法總則編	Civil Code Part I General Principles	min2 fa3 zong3 ze2 bian1	civil	待核查	TW	unclassified	憲法法庭書記廳		tw-judicial:387	tw-judicial-5d670bc9cf53ba82c4c1	OGDL-Taiwan-1.0	source_attributed			
民法物权编	民法物權編	Civil Code Part III Rights in Rem	min2 fa3 wu4 quan2 bian1	civil	待核查	TW	unclassified	憲法法庭書記廳		tw-judicial:380	tw-judicial-bb20661573e5f870a2d5	OGDL-Taiwan-1.0	source_attributed			
民法物权编施行法	民法物權編施行法	Enforcement Act of the Part of Rights in Rem of the Civil Code	min2 fa3 wu4 quan2 bian1 shi1 xing2 fa3	civil	待核查	TW	statute	憲法法庭書記廳		tw-judicial:381	tw-judicial-795ac10e17fc253f0445	OGDL-Taiwan-1.0	source_attributed			
民法继承编	民法繼承編	Civil Code Part V Succession	min2 fa3 ji4 cheng2 bian1	civil,family	待核查	TW	unclassified	憲法法庭書記廳		tw-judicial:388	tw-judicial-28fba5abd60a3973526a	OGDL-Taiwan-1.0	source_attributed			
民法继承编施行法	民法繼承編施行法	Enforcement Law for Part V,Succession Law of the Civil Code	min2 fa3 ji4 cheng2 bian1 shi1 xing2 fa3	civil,family	待核查	TW	statute	憲法法庭書記廳		tw-judicial:389	tw-judicial-d3abbc58392e024654e2	OGDL-Taiwan-1.0	source_attributed			
民用航空	民用航空	civil aviation	min2 yong4 hang2 kong1	unclassified	待核查	TW	unclassified	憲法法庭書記廳		tw-judicial:365	tw-judicial-7f20641f6ccbcdb21ace	OGDL-Taiwan-1.0	source_attributed			
民用航空法	民用航空法	Civil Aviation Act	min2 yong4 hang2 kong1 fa3	unclassified	待核查	TW	statute	憲法法庭書記廳		tw-judicial:366	tw-judicial-b53a52365db9215a5f3d	OGDL-Taiwan-1.0	source_attributed			
民用航空运输业管理规则	民用航空運輸業管理規則	Regulations of Civil Air Transport Enterprise	min2 yong4 hang2 kong1 yun4 shu1 ye4 guan3 li3 gui1 ze2	unclassified	待核查	TW	statute	憲法法庭書記廳		tw-judicial:367	tw-judicial-926ce9f781959041dd4d	OGDL-Taiwan-1.0	source_attributed			
民股	民股	civilian shareholder	min2 gu3	unclassified	待核查	TW	unclassified	憲法法庭書記廳		tw-judicial:390	tw-judicial-1324e0c7fc96e4ff354c	OGDL-Taiwan-1.0	source_attributed			
民营公司	民營公司	privately owned enterprise	min2 ying2 gong1 si1	company	待核查	TW	unclassified	憲法法庭書記廳		tw-judicial:392	tw-judicial-6e186972d7ca245d76c1	OGDL-Taiwan-1.0	source_attributed			
气味、香味	氣味、香味	scent		intellectual_property	待核查	TW	unclassified	A13070000G		tw-tipo-trademark:501	tw-tipo-trademark-6a43c45942b745fb30ff	OGDL-Taiwan-1.0	source_attributed			
气味商标	氣味商標	olfactory mark	qi4 wei4 shang1 biao1	intellectual_property	待核查	TW	unclassified	A13070000G		tw-tipo-trademark:383	tw-tipo-trademark-123afe2be5c8f0fb7f35	OGDL-Taiwan-1.0	source_attributed			
气味商标	氣味商標	scent mark	qi4 wei4 shang1 biao1	intellectual_property	待核查	TW	unclassified	A13070000G		tw-tipo-trademark:502	tw-tipo-trademark-fdb9a82b345c4e60e536	OGDL-Taiwan-1.0	source_attributed			
气象法	氣象法	Meteorological Act	qi4 xiang4 fa3	unclassified	待核查	TW	unclassified	憲法法庭書記廳		tw-judicial:1027	tw-judicial-0bf4de8ebe791318c3b9	OGDL-Taiwan-1.0	source_attributed			
水利法	水利法	Water Act	shui3 li4 fa3	unclassified	待核查	TW	unclassified	憲法法庭書記廳		tw-judicial:247	tw-judicial-40cafaedc48c17379053	OGDL-Taiwan-1.0	source_attributed			
水土保持法	水土保持法	Soil and Water Conservation Law	shui3 tu3 bao3 chi2 fa3	unclassified	待核查	TW	statute	憲法法庭書記廳		tw-judicial:245	tw-judicial-8c5c430c39bc8cd317ce	OGDL-Taiwan-1.0	source_attributed			
水污染防治法	水污染防治法	Water Pollution Control Act	shui3 wu1 ran3 fang2 zhi4 fa3	unclassified	待核查	TW	statute	憲法法庭書記廳		tw-judicial:246	tw-judicial-9b7d1e39dbf64a791789	OGDL-Taiwan-1.0	source_attributed			
水源区	水源區	water supply region	shui3 yuan2 qu1	unclassified	待核查	TW	unclassified	憲法法庭書記廳		tw-judicial:248	tw-judicial-f969611b0455c2ca859c	OGDL-Taiwan-1.0	source_attributed			
永久结合关系	永久結合關係	relationship of lifetime association	yong3 jiu3 jie2 he2 guan1 xi4	unclassified	待核查	TW	unclassified	憲法法庭書記廳		tw-judicial:393	tw-judicial-71d99372b5a4cae69aa7	OGDL-Taiwan-1.0	source_attributed			
汉翔航空工业股份有限公司设置条例	漢翔航空工業股份有限公司設置條例	The Articles of Statute for Establishment of Aerospace Industrial Development Corporation	han4 xiang2 hang2 kong1 gong1 ye4 gu3 fen4 you3 xian4 gong1 si1 she4 zhi4 tiao2 li4	company	待核查	TW	statute	憲法法庭書記廳		tw-judicial:1651	tw-judicial-2ed6b2522e86262f5f51	OGDL-Taiwan-1.0	source_attributed			
没入; 没收	沒入; 沒收	confiscation; forfeiture		unclassified	待核查	TW	unclassified	憲法法庭書記廳		tw-judicial:660	tw-judicial-b2ea47c9047dcb245955	OGDL-Taiwan-1.0	source_attributed			
没收之财产	沒收之財產	seized properties	mo4 shou1 zhi1 cai2 chan3	unclassified	待核查	TW	unclassified	憲法法庭書記廳		tw-judicial:661	tw-judicial-84272427d1b98c11f00f	OGDL-Taiwan-1.0	source_attributed			
油印室	油印室	Copy Room	you2 yin4 shi4	unclassified	待核查	TW	unclassified	司法行政廳		tw-judicial:813	tw-judicial-df9d10247413d8515f89	OGDL-Taiwan-1.0	source_attributed			
治疗室	治療室	Therapy Room	zhi4 liao2 shi4	unclassified	待核查	TW	unclassified	司法行政廳		tw-judicial:814	tw-judicial-8c00898fc990db0c7cf9	OGDL-Taiwan-1.0	source_attributed			
法人	法人	legal person	fa3 ren2	core,civil,company	CN	INTERNATIONAL	role	中华人民共和国民法典（2020）	法人以其全部财产独立承担民事责任；法人与代表其活动的自然人是不同主体。	oll-cn-core:cn-legal-person	cn-legal-person	CC-BY-4.0	project_authored	依法独立享有民事权利和承担民事义务，并具有民事权利能力与行为能力的组织。	项目释译，非官方译文；legal person 指组织；不能用来指公司的法定代表人。	中华人民共和国民法典（2020） 第57,60条 https://www.court.gov.cn/zixun/xiangqing/233181.html
法人	法人	legal person; juristic	fa3 ren2	unclassified	待核查	TW	unclassified	憲法法庭書記廳		tw-judicial:761	tw-judicial-9c9b62e67c4c7bfccc35	OGDL-Taiwan-1.0	source_attributed			
法人	法人	juristic person	fa3 ren2	intellectual_property	待核查	TW	unclassified	A13070000G		tw-tipo-trademark:335	tw-tipo-trademark-6f1e87924f20a2047c38	OGDL-Taiwan-1.0	source_attributed			
法人、社团法人	法人、社團法人	corporation		intellectual_property	待核查	TW	unclassified	A13070000G		tw-tipo-trademark:117	tw-tipo-trademark-166fc9b61ef8c2c0a479	OGDL-Taiwan-1.0	source_attributed			
法人变更登记	法人變更登記	Registration of the change of Juridical Person	fa3 ren2 bian4 geng1 deng1 ji4	unclassified	待核查	TW	unclassified	民事廳		tw-judicial:766	tw-judicial-cd4862a2e46f9a53432b	OGDL-Taiwan-1.0	source_attributed			
法人清算终结登记	法人清算終結登記	Registration of the completion of the liquidation of Juridical Person	fa3 ren2 qing1 suan4 zhong1 jie2 deng1 ji4	unclassified	待核查	TW	unclassified	民事廳		tw-judicial:762	tw-judicial-3f933017d0d41c6a06d7	OGDL-Taiwan-1.0	source_attributed			
法人登记	法人登記	Registration of Juridical Person	fa3 ren2 deng1 ji4	unclassified	待核查	TW	unclassified	民事廳		tw-judicial:764	tw-judicial-18c18c197ad71a6fe94f	OGDL-Taiwan-1.0	source_attributed			
法人解散登记	法人解散登記	Registration of the dissolution of Juridical Person	fa3 ren2 jie3 san4 deng1 ji4	unclassified	待核查	TW	unclassified	民事廳		tw-judicial:765	tw-judicial-b21cc794e08ff703b9ba	OGDL-Taiwan-1.0	source_attributed			
法人设立登记	法人設立登記	Registration of the establishment of Juridical Person	fa3 ren2 she4 li4 deng1 ji4	unclassified	待核查	TW	unclassified	民事廳		tw-judicial:763	tw-judicial-b9cc7cd43bdd74bb41f9	OGDL-Taiwan-1.0	source_attributed			
法令、条例	法令、條例	ordinance		intellectual_property	待核查	TW	statute	A13070000G		tw-tipo-trademark:390	tw-tipo-trademark-53430d92ee40f2304be1	OGDL-Taiwan-1.0	source_attributed			
法务部行政执行署	法務部行政執行署	Administrative Enforcement Agency, Ministry of Justice	fa3 wu4 bu4 xing2 zheng4 zhi2 xing2 shu3	administrative	待核查	TW	unclassified	憲法法庭書記廳		tw-judicial:809	tw-judicial-c80fcbf745e21578ba70	OGDL-Taiwan-1.0	source_attributed			
法官	法官	judge	fa3 guan1	unclassified	待核查	TW	role	憲法法庭書記廳		tw-judicial:773	tw-judicial-645757515a92d2efe7b1	OGDL-Taiwan-1.0	source_attributed			
法官之回避	法官之迴避	Recusal of Judges	fa3 guan1 zhi1 hui2 bi4	unclassified	待核查	TW	unclassified	行政訴訟及懲戒廳		tw-judicial:774	tw-judicial-aa4e6786ee6e288f3c76	OGDL-Taiwan-1.0	source_attributed			
法官会议室	法官會議室	Judge Meeting Room	fa3 guan1 hui4 yi4 shi4	unclassified	待核查	TW	unclassified	司法行政廳		tw-judicial:785	tw-judicial-e72dd99b458a5f16ce87	OGDL-Taiwan-1.0	source_attributed			
法官值勤室	法官值勤室	On-Duty Judge Room	fa3 guan1 zhi2 qin2 shi4	unclassified	待核查	TW	unclassified	司法行政廳		tw-judicial:780	tw-judicial-ed0dcfa90de36681751b	OGDL-Taiwan-1.0	source_attributed			
法官助理	法官助理	Law Clerk	fa3 guan1 zhu4 li3	unclassified	待核查	TW	unclassified	司法行政廳		tw-judicial:775	tw-judicial-e9a8a4b00232e62c7803	OGDL-Taiwan-1.0	source_attributed			
法官助理室	法官助理室	Law Clerk Office	fa3 guan1 zhu4 li3 shi4	unclassified	待核查	TW	unclassified	司法行政廳		tw-judicial:776	tw-judicial-c4b67b4b375a153e87a0	OGDL-Taiwan-1.0	source_attributed			
法官回避	法官迴避	recusal by a judge	fa3 guan1 hui2 bi4	unclassified	待核查	TW	unclassified	憲法法庭書記廳		tw-judicial:782	tw-judicial-eb75035d5b49684748bb	OGDL-Taiwan-1.0	source_attributed			
法官学院	法官學院	Judges Academy	fa3 guan1 xue2 yuan4	unclassified	待核查	TW	unclassified	司法行政廳		tw-judicial:786	tw-judicial-2af74bc0fa8601abb2ac	OGDL-Taiwan-1.0	source_attributed			
法官室	法官室	Judge Office	fa3 guan1 shi4	unclassified	待核查	TW	unclassified	司法行政廳		tw-judicial:778	tw-judicial-c635862c2f7636c206a8	OGDL-Taiwan-1.0	source_attributed			
法官席	法官席	Judge	fa3 guan1 xi2	unclassified	待核查	TW	unclassified	司法行政廳		tw-judicial:781	tw-judicial-57c7f2c4a3b7b0e4d9df	OGDL-Taiwan-1.0	source_attributed			
法官研究室	法官研究室	Judge Research Room	fa3 guan1 yan2 jiu1 shi4	unclassified	待核查	TW	unclassified	司法行政廳		tw-judicial:779	tw-judicial-b10c7ed27795c2dcc12d	OGDL-Taiwan-1.0	source_attributed			
法官评议室	法官評議室	Judge Deliberation Room	fa3 guan1 ping2 yi4 shi4	unclassified	待核查	TW	unclassified	司法行政廳		tw-judicial:783	tw-judicial-4d377f84d4fe30ffa6cf	OGDL-Taiwan-1.0	source_attributed			
法官评鉴委员会	法官評鑑委員會	Judicial Evaluation Committee	fa3 guan1 ping2 jian4 wei3 yuan2 hui4	unclassified	待核查	TW	institution	司法行政廳		tw-judicial:784	tw-judicial-944a3ec8b343ab3f04c7	OGDL-Taiwan-1.0	source_attributed			
法官身份	法官身份	judgeship	fa3 guan1 shen1 fen4	unclassified	待核查	TW	unclassified	憲法法庭書記廳		tw-judicial:777	tw-judicial-a50890746758b7254915	OGDL-Taiwan-1.0	source_attributed			
法定不变期间	法定不變期間	statutory peremptory period	fa3 ding4 bu4 bian4 qi1 jian1	unclassified	待核查	TW	unclassified	憲法法庭書記廳		tw-judicial:767	tw-judicial-47efcd74fec9df9d2bba	OGDL-Taiwan-1.0	source_attributed			
法定代表人	法定代表人	legal representative of a legal person	fa3 ding4 dai4 biao3 ren2	company,civil	CN	INTERNATIONAL	role	中华人民共和国民法典（2020）	其以法人名义从事民事活动的法律后果由法人承受；内部代表权限制不得对抗善意相对人。	oll-cn-core:cn-legal-representative	cn-legal-representative	CC-BY-4.0	project_authored	依法律或者法人章程代表法人从事民事活动的负责人。	项目释译，非官方译文；加上 of a legal person 以区别一般律师或代理人。	中华人民共和国民法典（2020） 第61条 https://www.court.gov.cn/zixun/xiangqing/233181.html
法定扶养义务	法定扶養義務	legal support obligation	fa3 ding4 fu2 yang3 yi4 wu4	family	待核查	TW	unclassified	憲法法庭書記廳		tw-judicial:768	tw-judicial-28c1ccc2bc03be8de8ed	OGDL-Taiwan-1.0	source_attributed			
法定抵销	法定抵銷	statutory set-off	fa3 ding4 di3 xiao1	contracts	CN	INTERNATIONAL	term	中华人民共和国民法典（2020）	标的物种类、品质等须满足条文条件；主张抵销应通知对方且不得附条件或期限。	oll-cn-core:cn-statutory-setoff	cn-statutory-setoff	CC-BY-4.0	project_authored	互负债务的当事人在符合法定条件时，以自己的债务抵销对方到期债务的制度。	项目释译，非官方译文；set-off 不等于任意扣款。	中华人民共和国民法典（2020） 第568条 https://www.court.gov.cn/zixun/xiangqing/233181.html
法定期间	法定期間	statutory period	fa3 ding4 qi1 jian1	unclassified	待核查	TW	unclassified	憲法法庭書記廳		tw-judicial:769	tw-judicial-9feec0f984ab60f66a5f	OGDL-Taiwan-1.0	source_attributed			
法定期间	法定期間	statutory period	fa3 ding4 qi1 jian1	intellectual_property	待核查	TW	unclassified	A13070000G		tw-tipo-trademark:540	tw-tipo-trademark-6638963967b2ff947ec6	OGDL-Taiwan-1.0	source_attributed			
法定程序	法定程序	legal procedure	fa3 ding4 cheng2 xu4	unclassified	待核查	TW	unclassified	憲法法庭書記廳		tw-judicial:770	tw-judicial-66a835b4998f6c6cebe3	OGDL-Taiwan-1.0	source_attributed			
法定继承人	法定繼承人	statutory successor	fa3 ding4 ji4 cheng2 ren2	family	待核查	TW	unclassified	憲法法庭書記廳		tw-judicial:772	tw-judicial-2f612858a3ebdd730891	OGDL-Taiwan-1.0	source_attributed			
法定预算	法定預算	Legal Budget	fa3 ding4 yu4 suan4	unclassified	待核查	TW	unclassified	會計處		tw-judicial:771	tw-judicial-94e7ef482b99ccbd003c	OGDL-Taiwan-1.0	source_attributed			
法律	法律	law	fa3 lv4	unclassified	待核查	TW	unclassified	憲法法庭書記廳		tw-judicial:788	tw-judicial-9432d01ce8b823524538	OGDL-Taiwan-1.0	source_attributed			
法律上、合法地	法律上、合法地	legally		intellectual_property	待核查	TW	unclassified	A13070000G		tw-tipo-trademark:338	tw-tipo-trademark-8310fab6d76a768a14cd	OGDL-Taiwan-1.0	source_attributed			
法律上义务	法律上義務	statutory duty	fa3 lv4 shang4 yi4 wu4	unclassified	待核查	TW	unclassified	憲法法庭書記廳		tw-judicial:791	tw-judicial-63ba23a107dcc3d23cee	OGDL-Taiwan-1.0	source_attributed			
法律上功能性	法律上功能性	De Jure Function	fa3 lv4 shang4 gong1 neng2 xing4	intellectual_property	待核查	TW	unclassified	A13070000G		tw-tipo-trademark:127	tw-tipo-trademark-df3f7983fd489ef0b799	OGDL-Taiwan-1.0	source_attributed			
法律上地位平等	法律上地位平等	equality of legal standing	fa3 lv4 shang4 di4 wei4 ping2 deng3	unclassified	待核查	TW	unclassified	憲法法庭書記廳		tw-judicial:789	tw-judicial-908905f38e107b5d6da6	OGDL-Taiwan-1.0	source_attributed			
法律上见解	法律上見解	opinion of the law	fa3 lv4 shang4 jian4 jie3	unclassified	待核查	TW	unclassified	憲法法庭書記廳		tw-judicial:790	tw-judicial-9cc8c36a4e86f3913240	OGDL-Taiwan-1.0	source_attributed			
法律之可预见性	法律之可預見性	predictability of law	fa3 lv4 zhi1 ke3 yu4 jian4 xing4	unclassified	待核查	TW	unclassified	憲法法庭書記廳		tw-judicial:792	tw-judicial-35160438d7969c73826a	OGDL-Taiwan-1.0	source_attributed			
法律保留原则	法律保留原則	principle of constitutional requirement of a specific enactment ;principle of legal reservation (Gesetzesvorbehaltprinzip; Rechtsvorbehaltprinzip)	fa3 lv4 bao3 liu2 yuan2 ze2	constitutional	待核查	TW	unclassified	憲法法庭書記廳		tw-judicial:796	tw-judicial-b32162a022c91715b1f0	OGDL-Taiwan-1.0	source_attributed			
法律审查	法律審查	legal review	fa3 lv4 shen3 cha2	unclassified	待核查	TW	unclassified	憲法法庭書記廳		tw-judicial:802	tw-judicial-d5b60995cb7404e5aae1	OGDL-Taiwan-1.0	source_attributed			
法律授权	法律授權	authorized by law; legislative	fa3 lv4 shou4 quan2	unclassified	待核查	TW	unclassified	憲法法庭書記廳		tw-judicial:800	tw-judicial-22dcc45dbe180d535026	OGDL-Taiwan-1.0	source_attributed			
法律救济	法律救濟	legal remedy	fa3 lv4 jiu4 ji4	unclassified	待核查	TW	unclassified	憲法法庭書記廳		tw-judicial:801	tw-judicial-374fe50dc1c2d0af32d5	OGDL-Taiwan-1.0	source_attributed			
法律施行日期条例	法律施行日期條例	Act Governing the Date for Enforcement of Law	fa3 lv4 shi1 xing2 ri4 qi1 tiao2 li4	unclassified	待核查	TW	statute	憲法法庭書記廳		tw-judicial:797	tw-judicial-cee87cbb92a8a3e32529	OGDL-Taiwan-1.0	source_attributed			
法律明确性原则	法律明確性原則	principle of clarity and definiteness of law (Rechtsbestimmtheitprinzip)	fa3 lv4 ming2 que4 xing4 yuan2 ze2	unclassified	待核查	TW	unclassified	憲法法庭書記廳		tw-judicial:794	tw-judicial-81e503f53d577d564d6d	OGDL-Taiwan-1.0	source_attributed			
法律案	法律案	bill of act	fa3 lv4 an4	unclassified	待核查	TW	unclassified	憲法法庭書記廳		tw-judicial:798	tw-judicial-fd6d71cfd757f35742b6	OGDL-Taiwan-1.0	source_attributed			
法律的制定、法律、法令、法规、条例	法律的制定、法律、法令、法規、條例	enactment		intellectual_property	待核查	TW	statute	A13070000G		tw-tipo-trademark:182	tw-tipo-trademark-a8e48b92b9a3d27fdc18	OGDL-Taiwan-1.0	source_attributed			
法律的平等保护	法律的平等保護	equal protection of law	fa3 lv4 de5 ping2 deng3 bao3 hu4	unclassified	待核查	TW	unclassified	憲法法庭書記廳		tw-judicial:795	tw-judicial-50f8be3745c2b003b4fa	OGDL-Taiwan-1.0	source_attributed			
法律的效力	法律的效力	force	fa3 lv4 de5 xiao4 li4	intellectual_property	待核查	TW	unclassified	A13070000G		tw-tipo-trademark:229	tw-tipo-trademark-c65ee19f676e2a02c9d6	OGDL-Taiwan-1.0	source_attributed			
法律秩序之安定性	法律秩序之安定性	stability of the order of law	fa3 lv4 zhi4 xu4 zhi1 an1 ding4 xing4	unclassified	待核查	TW	unclassified	憲法法庭書記廳		tw-judicial:799	tw-judicial-3ecf7d009c34acd36d3c	OGDL-Taiwan-1.0	source_attributed			
法律见解歧异	法律見解歧異	mere differences in legal interpretations	fa3 lv4 jian4 jie3 qi2 yi4	unclassified	待核查	TW	unclassified	憲法法庭書記廳		tw-judicial:793	tw-judicial-516c6513838297bc3b50	OGDL-Taiwan-1.0	source_attributed			
法治国	法治國	constitutional state (Rechtsstaat)	fa3 zhi4 guo2	unclassified	待核查	TW	unclassified	憲法法庭書記廳		tw-judicial:787	tw-judicial-453c105e90aa1fa29088	OGDL-Taiwan-1.0	source_attributed			
法警	法警	Court Police或Judicial Police	fa3 jing3	unclassified	待核查	TW	unclassified	司法行政廳		tw-judicial:810	tw-judicial-e81cec00bb49759f688a	OGDL-Taiwan-1.0	source_attributed			
法警室	法警室	Court Police Office	fa3 jing3 shi4	unclassified	待核查	TW	unclassified	司法行政廳		tw-judicial:812	tw-judicial-31f888c0a54a3368b3a6	OGDL-Taiwan-1.0	source_attributed			
法警长	法警長	Chief Court Police或Chief Judicial Police	fa3 jing3 zhang3	unclassified	待核查	TW	unclassified	司法行政廳		tw-judicial:811	tw-judicial-f42e054c72348c35c5ae	OGDL-Taiwan-1.0	source_attributed			
法院	法院	court	fa3 yuan4	dispute_resolution	待核查	TW	institution	憲法法庭書記廳		tw-judicial:803	tw-judicial-5f8f5587f93bdb9daf64	OGDL-Taiwan-1.0	source_attributed			
法院、海关及其他机关拍卖或变卖货物课征营业税作业要点	法院、海關及其他機關拍賣或變賣貨物課徵營業稅作業要點	Directives for Levying Business Tax on Goods Auctioned or Sold by Courts or Customs		dispute_resolution,tax	待核查	TW	statute	憲法法庭書記廳		tw-judicial:804	tw-judicial-3b517839b5445fab45b1	OGDL-Taiwan-1.0	source_attributed			
法院办理民事事件证人鉴定人日费旅费及鉴定费支给标准	法院辦理民事事件證人鑑定人日費旅費及鑑定費支給標準	Standards for Compensations for Witness and Expert Witness Received for Their Services, Travels and Testaments	fa3 yuan4 ban4 li3 min2 shi4 shi4 jian4 zheng4 ren2 jian4 ding4 ren2 ri4 fei4 lv3 fei4 ji2 jian4 ding4 fei4 zhi1 gei3 biao1 zhun3	civil,dispute_resolution	待核查	TW	unclassified	民事廳		tw-judicial:808	tw-judicial-dd945ae8f4c4e736ad30	OGDL-Taiwan-1.0	source_attributed			
法院所在地	法院所在地	venue of the court	fa3 yuan4 suo3 zai4 di4	dispute_resolution	待核查	TW	unclassified	憲法法庭書記廳		tw-judicial:805	tw-judicial-c95a65d0fcc45fc1a7c3	OGDL-Taiwan-1.0	source_attributed			
法院第一审	法院第一審	CFI	fa3 yuan4 di4 yi1 shen3	intellectual_property	待核查	TW	abbreviation	A13070000G		tw-tipo-trademark:55	tw-tipo-trademark-1c1b07d7bbc89a6a9187	OGDL-Taiwan-1.0	source_attributed			
法院第一审	法院第一審	the Court of First Instance	fa3 yuan4 di4 yi1 shen3	intellectual_property	待核查	TW	unclassified	A13070000G		tw-tipo-trademark:56	tw-tipo-trademark-c4a92fbec046a05c72ae	OGDL-Taiwan-1.0	source_attributed			
法院组织法	法院組織法	Court Organic Act	fa3 yuan4 zu3 zhi1 fa3	dispute_resolution	待核查	TW	statute	憲法法庭書記廳		tw-judicial:806	tw-judicial-b7280ef81857dd24d964	OGDL-Taiwan-1.0	source_attributed			
法院裁量	法院裁量	court's discretion	fa3 yuan4 cai2 liang4	dispute_resolution	待核查	TW	unclassified	憲法法庭書記廳		tw-judicial:807	tw-judicial-f26e83973eccb3e22cdc	OGDL-Taiwan-1.0	source_attributed			
注册	註冊	registration	zhu4 ce4	intellectual_property	待核查	TW	unclassified	A13070000G		tw-tipo-trademark:476	tw-tipo-trademark-59f1219b48731a279059	OGDL-Taiwan-1.0	source_attributed			
注册人	註冊人	registrant	zhu4 ce4 ren2	intellectual_property	待核查	TW	unclassified	A13070000G		tw-tipo-trademark:475	tw-tipo-trademark-f0f903376f4dee6e3372	OGDL-Taiwan-1.0	source_attributed			
注册商标	註冊商標	registered trademark	zhu4 ce4 shang1 biao1	intellectual_property	待核查	TW	unclassified	憲法法庭書記廳		tw-judicial:1487	tw-judicial-f88d211e1a1a2dbd2fa5	OGDL-Taiwan-1.0	source_attributed			
注册期间	註冊期間	duration	zhu4 ce4 qi1 jian1	intellectual_property	待核查	TW	unclassified	A13070000G		tw-tipo-trademark:173	tw-tipo-trademark-76bc379af8d49b01ae02	OGDL-Taiwan-1.0	source_attributed			
注册证	註冊證	registration certificate	zhu4 ce4 zheng4	intellectual_property	待核查	TW	unclassified	A13070000G		tw-tipo-trademark:478	tw-tipo-trademark-d13e3da59cf693212551	OGDL-Taiwan-1.0	source_attributed			
注册资本	註冊資本	registered capital	zhu4 ce4 zi1 ben3	company	CN	INTERNATIONAL	term	中华人民共和国公司法（2023修订）	本词条依据第四十七条的有限责任公司规则；认缴额不等于已经实缴的金额，期限另受条文及特别规定约束。	oll-cn-core:cn-registered-capital	cn-registered-capital	CC-BY-4.0	project_authored	有限责任公司在登记机关登记的全体股东认缴出资额。	项目释译，非官方译文；registered 不代表资金已全部到账。	中华人民共和国公司法（2023修订） 第47条 https://fgk.chinatax.gov.cn/zcfgk/c100009/c5233383/content.html
洗钱防制法	洗錢防制法	Money Laundering Control Act	xi3 qian2 fang2 zhi4 fa3	unclassified	待核查	TW	statute	憲法法庭書記廳		tw-judicial:925	tw-judicial-216cb37d6da5efe22711	OGDL-Taiwan-1.0	source_attributed			
海上事故	海上事故	maritime accident	hai3 shang4 shi4 gu4	unclassified	待核查	TW	unclassified	憲法法庭書記廳		tw-judicial:1033	tw-judicial-de0baf340bc50850ab70	OGDL-Taiwan-1.0	source_attributed			
海关	海關	customs	hai3 guan1	unclassified	待核查	TW	unclassified	憲法法庭書記廳		tw-judicial:1037	tw-judicial-10936fdc3fa62b9543e6	OGDL-Taiwan-1.0	source_attributed			
海关管理之保税工厂或保税仓库	海關管理之保稅工廠或保稅倉庫	bonded factory or bonded warehouse supervised by Customs	hai3 guan1 guan3 li3 zhi1 bao3 shui4 gong1 chang3 huo4 bao3 shui4 cang1 ku4	tax	待核查	TW	unclassified	憲法法庭書記廳		tw-judicial:1039	tw-judicial-d2c67780baf665cecd81	OGDL-Taiwan-1.0	source_attributed			
海关管理货柜办法	海關管理貨櫃辦法	Regulations Governing the Customs Supervision of Containers	hai3 guan1 guan3 li3 huo4 gui4 ban4 fa3	unclassified	待核查	TW	statute	憲法法庭書記廳		tw-judicial:1040	tw-judicial-85653a6cf0575755f1db	OGDL-Taiwan-1.0	source_attributed			
海关缉私条例	海關緝私條例	Customs Anti-smuggling Act	hai3 guan1 ji1 si1 tiao2 li4	unclassified	待核查	TW	statute	憲法法庭書記廳		tw-judicial:1041	tw-judicial-6e769a9ebeb0166a0702	OGDL-Taiwan-1.0	source_attributed			
海关进口税	海關進口稅	customs duty	hai3 guan1 jin4 kou3 shui4	tax,trade	待核查	TW	unclassified	憲法法庭書記廳		tw-judicial:1038	tw-judicial-a59861599d5181683ec8	OGDL-Taiwan-1.0	source_attributed			
海军服制条例	海軍服制條例	Navy Uniforms Act	hai3 jun1 fu2 zhi4 tiao2 li4	unclassified	待核查	TW	statute	憲法法庭書記廳		tw-judicial:1035	tw-judicial-e74bef1253dc3d687e45	OGDL-Taiwan-1.0	source_attributed			
海商法	海商法	Maritime Act	hai3 shang1 fa3	unclassified	待核查	TW	unclassified	憲法法庭書記廳		tw-judicial:1036	tw-judicial-751cbf6c45285510bc2b	OGDL-Taiwan-1.0	source_attributed			
海岸巡防法	海岸巡防法	The Coast Guard Act	hai3 an4 xun2 fang2 fa3	unclassified	待核查	TW	statute	憲法法庭書記廳		tw-judicial:1034	tw-judicial-ab725437dd3befb9721e	OGDL-Taiwan-1.0	source_attributed			
涂销登记	塗銷登記	deletion of recordation; erase the recordation	tu2 xiao1 deng1 ji4	unclassified	待核查	TW	unclassified	憲法法庭書記廳		tw-judicial:1529	tw-judicial-342dc28f6f487b528f73	OGDL-Taiwan-1.0	source_attributed			
消极利益	消極利益	passive interest	xiao1 ji2 li4 yi4	unclassified	待核查	TW	unclassified	憲法法庭書記廳		tw-judicial:1031	tw-judicial-30a1048b375a9853b5b3	OGDL-Taiwan-1.0	source_attributed			
消极性释示	消極性釋示	negative construction	xiao1 ji2 xing4 shi4 shi4	unclassified	待核查	TW	unclassified	憲法法庭書記廳		tw-judicial:1032	tw-judicial-a6afc60dc24b8d7b418a	OGDL-Taiwan-1.0	source_attributed			
消费者	消費者	consumer	xiao1 fei4 zhe3	intellectual_property	待核查	TW	unclassified	A13070000G		tw-tipo-trademark:110	tw-tipo-trademark-adfcc6521822dd489757	OGDL-Taiwan-1.0	source_attributed			
消费者保护法	消費者保護法	Consumer Protection Act	xiao1 fei4 zhe3 bao3 hu4 fa3	unclassified	待核查	TW	statute	憲法法庭書記廳		tw-judicial:1030	tw-judicial-cf299223262fd66abed9	OGDL-Taiwan-1.0	source_attributed			
消防器具间	消防器具間	Fire-fighting Instruments Room	xiao1 fang2 qi4 ju4 jian1	unclassified	待核查	TW	unclassified	司法行政廳		tw-judicial:1029	tw-judicial-b5e3b1ffb0385c9da347	OGDL-Taiwan-1.0	source_attributed			
消防法	消防法	Fire Services Act	xiao1 fang2 fa3	unclassified	待核查	TW	unclassified	憲法法庭書記廳		tw-judicial:1028	tw-judicial-258926f7554dc2292af8	OGDL-Taiwan-1.0	source_attributed			
涉外民事法律适用法	涉外民事法律適用法	Act Governing the Choice of Law in Civil Matters Involving Foreign Elements	she4 wai4 min2 shi4 fa3 lv4 shi4 yong4 fa3	civil	待核查	TW	statute	民事廳		tw-judicial:1042	tw-judicial-59fc0b2677d5895d5e8d	OGDL-Taiwan-1.0	source_attributed			
涨价归公	漲價歸公	sharing increments with the people in common	zhang3 jia4 gui1 gong1	unclassified	待核查	TW	unclassified	憲法法庭書記廳		tw-judicial:1653	tw-judicial-a468034a49b6cdb63d78	OGDL-Taiwan-1.0	source_attributed			
淡化	淡化	dilution	dan4 hua4	intellectual_property	待核查	TW	unclassified	A13070000G		tw-tipo-trademark:150	tw-tipo-trademark-d80eeb4f343521fb94b3	OGDL-Taiwan-1.0	source_attributed			
淡化之虞	淡化之虞	likelihood of dilution	dan4 hua4 zhi1 yu2	intellectual_property	待核查	TW	unclassified	A13070000G		tw-tipo-trademark:344	tw-tipo-trademark-bd4b269384f4593ef1f2	OGDL-Taiwan-1.0	source_attributed			
淡化系指被告使用著名商标虽无致混淆之虞，但有污损商标之形象或模糊商标之识别性，为商标侵权的态样之一。	淡化係指被告使用著名商標雖無致混淆之虞，但有污損商標之形象或模糊商標之識別性，為商標侵權的態樣之一。	Dilution is a variety of trademark infringement that protects famous trademarks from situations where there is not a likelihood of confusion, but where the defendant's use of the famous mark tarnishes the image of the mark or blurs the distinctiveness of the mark .		intellectual_property	待核查	TW	unclassified	A13070000G		tw-tipo-trademark:151	tw-tipo-trademark-5f762a06fb36a210bd68	OGDL-Taiwan-1.0	source_attributed			
混淆	混淆	confusion	hun4 xiao2	intellectual_property	待核查	TW	unclassified	A13070000G		tw-tipo-trademark:105	tw-tipo-trademark-244b426137a36075185a	OGDL-Taiwan-1.0	source_attributed			
混淆之虞	混淆之虞	likelihood of confusion	hun4 xiao2 zhi1 yu2	intellectual_property	待核查	TW	unclassified	A13070000G		tw-tipo-trademark:343	tw-tipo-trademark-51faf63ecc9f262a0fa8	OGDL-Taiwan-1.0	source_attributed			
混淆误认的争议	混淆誤認的爭議	issue of likelihood of confusion	hun4 xiao2 wu4 ren4 de5 zheng1 yi4	intellectual_property	待核查	TW	unclassified	A13070000G		tw-tipo-trademark:327	tw-tipo-trademark-3fa8f38f7c77c9d3a3ef	OGDL-Taiwan-1.0	source_attributed			
清偿	清償	discharge	qing1 chang2	unclassified	待核查	TW	unclassified	憲法法庭書記廳		tw-judicial:1281	tw-judicial-03b681614acb5516abc3	OGDL-Taiwan-1.0	source_attributed			
清偿提存	清償提存	lodgment for payment of debt	qing1 chang2 ti2 cun2	unclassified	待核查	TW	unclassified	憲法法庭書記廳		tw-judicial:1282	tw-judicial-d06c2db854597d89d2f6	OGDL-Taiwan-1.0	source_attributed			
清算人	清算人	liquidator	qing1 suan4 ren2	unclassified	待核查	TW	unclassified	民事廳		tw-judicial:1279	tw-judicial-4b25bcd2eb02ad7b6ec4	OGDL-Taiwan-1.0	source_attributed			
清算程序	清算程序	liquidation proceedings	qing1 suan4 cheng2 xu4	unclassified	待核查	TW	unclassified	憲法法庭書記廳		tw-judicial:1280	tw-judicial-43c21236c06e70f41444	OGDL-Taiwan-1.0	source_attributed			
渔业法	漁業法	Fisheries Act	yu2 ye4 fa3	unclassified	待核查	TW	unclassified	憲法法庭書記廳		tw-judicial:1655	tw-judicial-a02790a1edfaae34116b	OGDL-Taiwan-1.0	source_attributed			
渔港法	漁港法	Fishing Port Act	yu2 gang3 fa3	unclassified	待核查	TW	unclassified	憲法法庭書記廳		tw-judicial:1654	tw-judicial-c312f2868abe0be47603	OGDL-Taiwan-1.0	source_attributed			
温泉法	溫泉法	Hot Spring Act	wen1 quan2 fa3	unclassified	待核查	TW	unclassified	憲法法庭書記廳		tw-judicial:1560	tw-judicial-102c2551e51996a918eb	OGDL-Taiwan-1.0	source_attributed			
游离辐射防护法	游離輻射防護法	Ionizing Radiation Protection Act	you2 li2 fu2 she4 fang2 hu4 fa3	unclassified	待核查	TW	statute	憲法法庭書記廳		tw-judicial:1435	tw-judicial-5e0e7bf36707745df2eb	OGDL-Taiwan-1.0	source_attributed			
游艺场业辅导管理规则	遊藝場業輔導管理規則	Regulations Governing the Supervision of Amusement Park	you2 yi4 chang3 ye4 fu3 dao3 guan3 li3 gui1 ze2	unclassified	待核查	TW	statute	憲法法庭書記廳		tw-judicial:1611	tw-judicial-f3ecdd8abaef6a122984	OGDL-Taiwan-1.0	source_attributed			
溢价、溢额	溢價、溢額	premium		unclassified	待核查	TW	unclassified	憲法法庭書記廳		tw-judicial:1557	tw-judicial-86c1a466ba46df18a72f	OGDL-Taiwan-1.0	source_attributed			
溯及既往	溯及既往	retroactive effect; retroactivity	su4 ji2 ji4 wang3	unclassified	待核查	TW	unclassified	憲法法庭書記廳		tw-judicial:1558	tw-judicial-b07fff5820871f4c605f	OGDL-Taiwan-1.0	source_attributed			
溯及适用	溯及適用	retroactive application	su4 ji2 shi4 yong4	unclassified	待核查	TW	unclassified	憲法法庭書記廳		tw-judicial:1559	tw-judicial-81e3a4803507408f803d	OGDL-Taiwan-1.0	source_attributed			
滞纳金	滯納金	overdue charge	zhi4 na4 jin1	unclassified	待核查	TW	unclassified	憲法法庭書記廳		tw-judicial:1652	tw-judicial-16ecf0a92b5052e8c9e5	OGDL-Taiwan-1.0	source_attributed			
漏税罚	漏稅罰	punishment for tax evasion	lou4 shui4 fa2	tax	待核查	TW	unclassified	憲法法庭書記廳		tw-judicial:1649	tw-judicial-ab3a190c7cf8f04b046a	OGDL-Taiwan-1.0	source_attributed			
漏税额	漏稅額	amount of tax evaded	lou4 shui4 e2	tax	待核查	TW	unclassified	憲法法庭書記廳		tw-judicial:1650	tw-judicial-9f309baaeddc8584e286	OGDL-Taiwan-1.0	source_attributed			
灯管维修室	燈管維修室	Lights Maintenance	deng1 guan3 wei2 xiu1 shi4	unclassified	待核查	TW	unclassified	司法行政廳		tw-judicial:1909	tw-judicial-e2461a702236c76707f5	OGDL-Taiwan-1.0	source_attributed			
灾害防救法	災害防救法	Disaster Prevention and Protection Act	zai1 hai4 fang2 jiu4 fa3	unclassified	待核查	TW	statute	憲法法庭書記廳		tw-judicial:662	tw-judicial-c8d33a5226db327063a5	OGDL-Taiwan-1.0	source_attributed			
点画说明	點畫說明	stippling statement	dian3 hua4 shuo1 ming2	intellectual_property	待核查	TW	unclassified	A13070000G		tw-tipo-trademark:541	tw-tipo-trademark-41722108df0401c9cb2d	OGDL-Taiwan-1.0	source_attributed			
烟酒税法	菸酒稅法	Tobacco and Alcohol Tax Act	yan1 jiu3 shui4 fa3	tax	待核查	TW	statute	憲法法庭書記廳		tw-judicial:1476	tw-judicial-d18e85b7ac0a6c99835b	OGDL-Taiwan-1.0	source_attributed			
物品库	物品庫	Storage	wu4 pin3 ku4	unclassified	待核查	TW	unclassified	司法行政廳		tw-judicial:815	tw-judicial-351ca1e6eec979965dea	OGDL-Taiwan-1.0	source_attributed			
物证	物證	material objects as evidence	wu4 zheng4	unclassified	待核查	TW	unclassified	民事廳		tw-judicial:816	tw-judicial-5d4796ebabfa455dad2f	OGDL-Taiwan-1.0	source_attributed			
牵涉	牽涉	involve	qian1 she4	intellectual_property	待核查	TW	unclassified	A13070000G		tw-tipo-trademark:323	tw-tipo-trademark-c762392ab3fbec96a0c1	OGDL-Taiwan-1.0	source_attributed			
特别公课	特別公課	special common levies	te4 bie2 gong1 ke4	unclassified	待核查	TW	unclassified	憲法法庭書記廳		tw-judicial:1044	tw-judicial-16cb3d685b3909d054ee	OGDL-Taiwan-1.0	source_attributed			
特别法	特別法	special law	te4 bie2 fa3	unclassified	待核查	TW	unclassified	憲法法庭書記廳		tw-judicial:1045	tw-judicial-a5e7a20fe7b160f14243	OGDL-Taiwan-1.0	source_attributed			
特别牺牲	特別犧牲	special sacrifice	te4 bie2 xi1 sheng1	unclassified	待核查	TW	unclassified	憲法法庭書記廳		tw-judicial:1047	tw-judicial-a0a266a09d3df9acc3d7	OGDL-Taiwan-1.0	source_attributed			
特别预算	特別預算	Special Budget	te4 bie2 yu4 suan4	unclassified	待核查	TW	unclassified	會計處		tw-judicial:1046	tw-judicial-fd2a740e022e193f0ba0	OGDL-Taiwan-1.0	source_attributed			
特定地区	特定地區	specific area	te4 ding4 di4 qu1	unclassified	待核查	TW	unclassified	憲法法庭書記廳		tw-judicial:1048	tw-judicial-dab7851003207a3b531b	OGDL-Taiwan-1.0	source_attributed			
特定存活之个人	特定存活之個人	particular living individual	te4 ding4 cun2 huo2 zhi1 ge4 ren2	intellectual_property	待核查	TW	unclassified	A13070000G		tw-tipo-trademark:400	tw-tipo-trademark-6a54202ca38dfdcf3339	OGDL-Taiwan-1.0	source_attributed			
特征、特色	特徵、特色	features		intellectual_property	待核查	TW	unclassified	A13070000G		tw-tipo-trademark:218	tw-tipo-trademark-e35588c8d8ddf4ed1ca3	OGDL-Taiwan-1.0	source_attributed			
特性、特征、特色	特性、特徵、特色	Characteristics		intellectual_property	待核查	TW	unclassified	A13070000G		tw-tipo-trademark:69	tw-tipo-trademark-3b55d2f5394a52da8920	OGDL-Taiwan-1.0	source_attributed			
特惠税率	特惠稅率	special preferential tariff rate	te4 hui4 shui4 lv4	tax,trade	CN	INTERNATIONAL	term	中华人民共和国关税法（2024）	第十二条规定特惠税率的适用以特殊关税优惠安排及原产地条件为基础，与协定税率并非同一类别。	oll-cn-tax-trade:cn-customs-special-preferential-rate	cn-customs-special-preferential-rate	CC-BY-4.0	project_authored	对原产于中国给予特殊关税优惠安排的国家或地区、并符合国家原产地管理规定的进口货物适用的优惠税率。	项目释译，非官方译文；special preferential tariff rate 对应本法“特惠税率”。	中华人民共和国关税法（2024） 第10,12条 https://fgk.chinatax.gov.cn/zcfgk/c100009/c5234556/content.html
特有财产	特有財產	separate property	te4 you3 cai2 chan3	unclassified	待核查	TW	unclassified	憲法法庭書記廳		tw-judicial:1043	tw-judicial-45d480276b952d8c5e7a	OGDL-Taiwan-1.0	source_attributed			
特殊形式（指商标系以特殊形式表现）	特殊形式（指商標係以特殊形式表現）	Special form		intellectual_property	待核查	TW	unclassified	A13070000G		tw-tipo-trademark:531	tw-tipo-trademark-bd23307e04c359cf188e	OGDL-Taiwan-1.0	source_attributed			
特约医事服务机构	特約醫事服務機構	Contracted Healthcare Providers	te4 yue1 yi1 shi4 fu2 wu4 ji1 gou4	unclassified	待核查	TW	unclassified	憲法法庭書記廳		tw-judicial:1049	tw-judicial-9c735334450c6e06f5b0	OGDL-Taiwan-1.0	source_attributed			
特许	特許	franchise	te4 xu3	intellectual_property	待核查	TW	unclassified	A13070000G		tw-tipo-trademark:242	tw-tipo-trademark-bdef56ed9ad854819fff	OGDL-Taiwan-1.0	source_attributed			
犯罪主体	犯罪主體	subject of offense	fan4 zui4 zhu3 ti3	criminal	待核查	TW	unclassified	憲法法庭書記廳		tw-judicial:395	tw-judicial-c8186a2f2528fdd5afbf	OGDL-Taiwan-1.0	source_attributed			
犯罪之被害人	犯罪之被害人	person injured by an act of offense	fan4 zui4 zhi1 bei4 hai4 ren2	criminal	待核查	TW	unclassified	憲法法庭書記廳		tw-judicial:394	tw-judicial-3703ccc97fbc786d5d5a	OGDL-Taiwan-1.0	source_attributed			
犯罪组织	犯罪組織	criminal syndicate	fan4 zui4 zu3 zhi1	criminal	待核查	TW	unclassified	憲法法庭書記廳		tw-judicial:396	tw-judicial-e89b94457b032308d6f1	OGDL-Taiwan-1.0	source_attributed			
犯罪被害人保护法	犯罪被害人保護法	Crime Victims Protection Act	fan4 zui4 bei4 hai4 ren2 bao3 hu4 fa3	criminal	待核查	TW	statute	憲法法庭書記廳		tw-judicial:397	tw-judicial-1af91f8b3cc70e814c16	OGDL-Taiwan-1.0	source_attributed			
独立参加人	獨立參加人	Independent Interventor	du2 li4 can1 jia1 ren2	unclassified	待核查	TW	unclassified	司法行政廳		tw-judicial:1910	tw-judicial-854038fae83416080876	OGDL-Taiwan-1.0	source_attributed			
猥亵	猥褻	obscenity	wei3 xie4	unclassified	待核查	TW	unclassified	憲法法庭書記廳		tw-judicial:1443	tw-judicial-8917a6be337d557a76df	OGDL-Taiwan-1.0	source_attributed			
猥亵出版品	猥褻出版品	obscene publications	wei3 xie4 chu1 ban3 pin3	unclassified	待核查	TW	unclassified	憲法法庭書記廳		tw-judicial:1444	tw-judicial-8b47119ba06a9de0606d	OGDL-Taiwan-1.0	source_attributed			
现役军人	現役軍人	in-active-service soldiers	xian4 yi4 jun1 ren2	unclassified	待核查	TW	unclassified	憲法法庭書記廳		tw-judicial:1284	tw-judicial-2c5a9e9011ab8c07ce3b	OGDL-Taiwan-1.0	source_attributed			
理发室	理髮室	Barber Shop	li3 fa4 shi4	unclassified	待核查	TW	unclassified	司法行政廳		tw-judicial:1283	tw-judicial-a87e3429575d6a51102b	OGDL-Taiwan-1.0	source_attributed			
生产事业	生產事業	productive enterprise	sheng1 chan3 shi4 ye4	unclassified	待核查	TW	unclassified	憲法法庭書記廳		tw-judicial:401	tw-judicial-24a13e7f35ecd25a380b	OGDL-Taiwan-1.0	source_attributed			
生产事业奖励类目及标准	生產事業獎勵類目及標準	Category and Criteria of Productive Industry Eligible for Encouragement	sheng1 chan3 shi4 ye4 jiang3 li4 lei4 mu4 ji2 biao1 zhun3	unclassified	待核查	TW	unclassified	憲法法庭書記廳		tw-judicial:403	tw-judicial-04787c1bb05eaee5618b	OGDL-Taiwan-1.0	source_attributed			
生产事业研究发展费用适用投资抵减办法	生產事業研究發展費用適用投資抵減辦法	Regulations Governing the Reduction of Expenditure of the Productive Industry Outlays for Research and Development as Investment	sheng1 chan3 shi4 ye4 yan2 jiu1 fa1 zhan3 fei4 yong4 shi4 yong4 tou2 zi1 di3 jian3 ban4 fa3	unclassified	待核查	TW	statute	憲法法庭書記廳		tw-judicial:402	tw-judicial-789e3897f2b05c48ab60	OGDL-Taiwan-1.0	source_attributed			
生存权	生存權	right to life	sheng1 cun2 quan2	unclassified	待核查	TW	unclassified	憲法法庭書記廳		tw-judicial:398	tw-judicial-c68490a260448e0c4a69	OGDL-Taiwan-1.0	source_attributed			
生效日	生效日	effective date	sheng1 xiao4 ri4	unclassified	待核查	TW	unclassified	憲法法庭書記廳		tw-judicial:400	tw-judicial-c8a0ef2b98e48b9dbec3	OGDL-Taiwan-1.0	source_attributed			
生效日期	生效日期	commencement date	sheng1 xiao4 ri4 qi1	intellectual_property	待核查	TW	unclassified	A13070000G		tw-tipo-trademark:85	tw-tipo-trademark-c45260fd3381771b0d78	OGDL-Taiwan-1.0	source_attributed			
生活共同体	生活共同體	community of living	sheng1 huo2 gong4 tong2 ti3	unclassified	待核查	TW	unclassified	憲法法庭書記廳		tw-judicial:399	tw-judicial-2c75e603b6fd989d10a3	OGDL-Taiwan-1.0	source_attributed			
用益物权	用益物權	usufructuary right	yong4 yi4 wu4 quan2	property,civil	CN	INTERNATIONAL	term	中华人民共和国民法典（2020）	权利客体为他人所有的财产；不应直接当作完整所有权。	oll-cn-core:cn-usufructuary-right	cn-usufructuary-right	CC-BY-4.0	project_authored	依法对他人所有的动产或不动产享有占有、使用和收益的权利。	项目释译，非官方译文；以中国物权分类为限理解本译法。	中华人民共和国民法典（2020） 第323条 https://www.court.gov.cn/zixun/xiangqing/233181.html
用益物权	用益物權	usufruct	yong4 yi4 wu4 quan2	civil	待核查	TW	unclassified	憲法法庭書記廳		tw-judicial:404	tw-judicial-5b646c403552bd9185c8	OGDL-Taiwan-1.0	source_attributed			
用纹章装饰	用紋章裝飾	emblazon	yong4 wen2 zhang1 zhuang1 shi4	intellectual_property	待核查	TW	unclassified	A13070000G		tw-tipo-trademark:180	tw-tipo-trademark-e548b854b09c97d0b21d	OGDL-Taiwan-1.0	source_attributed			
由...构成	由...構成	consist of		intellectual_property	待核查	TW	unclassified	A13070000G		tw-tipo-trademark:107	tw-tipo-trademark-e6fb482d3a9f89518eec	OGDL-Taiwan-1.0	source_attributed			
申复或 答辩	申覆或 答辯	response		intellectual_property	待核查	TW	unclassified	A13070000G		tw-tipo-trademark:496	tw-tipo-trademark-c3a7e7ccc5a268409ba4	OGDL-Taiwan-1.0	source_attributed			
申报纳税	申報納稅	tax declaration	shen1 bao4 na4 shui4	tax	待核查	TW	unclassified	憲法法庭書記廳		tw-judicial:405	tw-judicial-2a9522d908f0083804d2	OGDL-Taiwan-1.0	source_attributed			
申请	申請	filing	shen1 qing3	intellectual_property	待核查	TW	unclassified	A13070000G		tw-tipo-trademark:223	tw-tipo-trademark-6550746637b71888d074	OGDL-Taiwan-1.0	source_attributed			
申请之商标	申請之商標	propose mark	shen1 qing3 zhi1 shang1 biao1	intellectual_property	待核查	TW	unclassified	A13070000G		tw-tipo-trademark:448	tw-tipo-trademark-f0ef4b4bd5c33d1d69b5	OGDL-Taiwan-1.0	source_attributed			
申请人	申請人	applicant	shen1 qing3 ren2	intellectual_property	待核查	TW	unclassified	A13070000G		tw-tipo-trademark:32	tw-tipo-trademark-c6b5ab42f0e148109791	OGDL-Taiwan-1.0	source_attributed			
申请人原属国	申請人原屬國	applicant's country of origin	shen1 qing3 ren2 yuan2 shu3 guo2	intellectual_property	待核查	TW	unclassified	A13070000G		tw-tipo-trademark:33	tw-tipo-trademark-645504e810fe5e38a543	OGDL-Taiwan-1.0	source_attributed			
申请人必以美国国会规定之商品或服务具体指定商标持续使用之商业交易。	申請人必以美國國會規定之商品或服務具體指定商標持續使用之商業交易。	An applicant must be using its trademark in commerce, which the U. S. Congress can regulate on all of the goods or services listed in the identification.		intellectual_property	待核查	TW	unclassified	A13070000G		tw-tipo-trademark:581	tw-tipo-trademark-4e647bd1f35df07a7d1a	OGDL-Taiwan-1.0	source_attributed			
申请人必须提供证实使用首日。	申請人必須提供證實使用首日。	The applicant must provide verified dates of first use.		intellectual_property	待核查	TW	unclassified	A13070000G		tw-tipo-trademark:601	tw-tipo-trademark-b9dd9c2233cfcd0fd21f	OGDL-Taiwan-1.0	source_attributed			
申请历史	申請歷史	file history	shen1 qing3 li4 shi3	intellectual_property	待核查	TW	unclassified	A13070000G		tw-tipo-trademark:222	tw-tipo-trademark-0b6c0f4fc7f41cadd3cd	OGDL-Taiwan-1.0	source_attributed			
申请复查	申請復查	petition for review	shen1 qing3 fu4 cha2	unclassified	待核查	TW	unclassified	憲法法庭書記廳		tw-judicial:406	tw-judicial-21748f2ae4a623bd78b8	OGDL-Taiwan-1.0	source_attributed			
申请恢复申请案	申請恢復申請案	petition to revive an application	shen1 qing3 hui1 fu4 shen1 qing3 an4	intellectual_property	待核查	TW	unclassified	A13070000G		tw-tipo-trademark:410	tw-tipo-trademark-52552ecb90aeffa0d7c0	OGDL-Taiwan-1.0	source_attributed			
申请日	申請日	filing date	shen1 qing3 ri4	intellectual_property	待核查	TW	unclassified	A13070000G		tw-tipo-trademark:224	tw-tipo-trademark-f66943a2097a6869585f	OGDL-Taiwan-1.0	source_attributed			
申请期间	申請期間	application period	shen1 qing3 qi1 jian1	unclassified	待核查	TW	unclassified	憲法法庭書記廳		tw-judicial:407	tw-judicial-71c70242440d02df8e0f	OGDL-Taiwan-1.0	source_attributed			
申请期间	申請期間	prosecution of the application	shen1 qing3 qi1 jian1	intellectual_property	待核查	TW	unclassified	A13070000G		tw-tipo-trademark:451	tw-tipo-trademark-6f66fb2f4f3eef2e0b87	OGDL-Taiwan-1.0	source_attributed			
申请案	申請案	application	shen1 qing3 an4	intellectual_property	待核查	TW	unclassified	A13070000G		tw-tipo-trademark:35	tw-tipo-trademark-e5a3351bcf6031a5fde9	OGDL-Taiwan-1.0	source_attributed			
申请费	申請費	filing fee	shen1 qing3 fei4	intellectual_property	待核查	TW	unclassified	A13070000G		tw-tipo-trademark:225	tw-tipo-trademark-7723fb6e617540839a8b	OGDL-Taiwan-1.0	source_attributed			
申辩权	申辯權	right to present a defense	shen1 bian4 quan2	administrative	CN	INTERNATIONAL	term	中华人民共和国行政处罚法（2021修订）	行政机关必须复核当事人提出的事实、理由和证据；成立的应予采纳，并不得因申辩而给予更重处罚。	oll-cn-admin-labor:cn-admin-defense-right	cn-admin-defense-right	CC-BY-4.0	project_authored	行政处罚程序中，当事人针对拟处罚事实、理由、依据或证据提出辩解和反驳的程序性权利。	项目释译，非官方译文；present a defense 用于突出对拟处罚事项的辩解，不把该权利等同于刑事辩护权。	中华人民共和国行政处罚法（2021修订） 第7,44,45条 https://fgk.chinatax.gov.cn/zcfgk/c100009/c5211778/content.html
电业法	電業法	The Electricity Act	dian4 ye4 fa3	unclassified	待核查	TW	unclassified	憲法法庭書記廳		tw-judicial:1627	tw-judicial-f3cd30b0e4a448f39384	OGDL-Taiwan-1.0	source_attributed			
电信法	電信法	Telecommunications Act	dian4 xin4 fa3	unclassified	待核查	TW	unclassified	憲法法庭書記廳		tw-judicial:1625	tw-judicial-ea5f0c2b820105036fca	OGDL-Taiwan-1.0	source_attributed			
电影法	電影法	The Motion Picture Act	dian4 ying3 fa3	unclassified	待核查	TW	unclassified	憲法法庭書記廳		tw-judicial:1630	tw-judicial-27e26d7de6ff5baf4cf9	OGDL-Taiwan-1.0	source_attributed			
电气室	電氣室	Electrical Control Room	dian4 qi4 shi4	unclassified	待核查	TW	unclassified	司法行政廳		tw-judicial:1626	tw-judicial-e6989f2fcb369901702f	OGDL-Taiwan-1.0	source_attributed			
电脑教室	電腦教室	Computer Laboratory	dian4 nao3 jiao4 shi4	unclassified	待核查	TW	unclassified	司法行政廳		tw-judicial:1628	tw-judicial-1e6abf1b2428a8e3c1eb	OGDL-Taiwan-1.0	source_attributed			
电脑键入员	電腦鍵入員	Computer Operator	dian4 nao3 jian4 ru4 yuan2	unclassified	待核查	TW	unclassified	司法行政廳		tw-judicial:1629	tw-judicial-729ac22425ddec3ad98f	OGDL-Taiwan-1.0	source_attributed			
男化妆室	男化妝室	Gentlemen Restroom	nan2 hua4 zhuang1 shi4	unclassified	待核查	TW	unclassified	司法行政廳		tw-judicial:664	tw-judicial-518b4526b8570c84f1d6	OGDL-Taiwan-1.0	source_attributed			
男女平等	男女平等	gender equality; gender equity	nan2 nv3 ping2 deng3	unclassified	待核查	TW	unclassified	憲法法庭書記廳		tw-judicial:663	tw-judicial-cfd0bd4c60c23eb7e227	OGDL-Taiwan-1.0	source_attributed			
留置	留置	confinement	liu2 zhi4	unclassified	待核查	TW	unclassified	憲法法庭書記廳		tw-judicial:1051	tw-judicial-07e52ef197aa9cb129c2	OGDL-Taiwan-1.0	source_attributed			
留置权	留置權	right of retention	liu2 zhi4 quan2	property,finance	CN	INTERNATIONAL	term	中华人民共和国民法典（2020）	基础事实是债权人已经合法占有债务人的动产。	oll-cn-core:cn-right-of-retention	cn-right-of-retention	CC-BY-4.0	project_authored	债务人不履行到期债务时，债权人留置已合法占有的债务人动产并依法优先受偿的权利。	项目释译，非官方译文；不直接套用其他法域 lien 的全部类型。	中华人民共和国民法典（2020） 第447条 https://www.court.gov.cn/zixun/xiangqing/233181.html
留职停薪	留職停薪	Retain the Position without Pay	liu2 zhi2 ting2 xin1	unclassified	待核查	TW	unclassified	人事處		tw-judicial:1052	tw-judicial-fbdffd34fc8435a95337	OGDL-Taiwan-1.0	source_attributed			
畜牧法	畜牧法	Animal Industry Act	xu4 mu4 fa3	unclassified	待核查	TW	unclassified	憲法法庭書記廳		tw-judicial:1050	tw-judicial-7d6ee88b5257e5480e2d	OGDL-Taiwan-1.0	source_attributed			
病假	病假	Sick Leave	bing4 jia4	unclassified	待核查	TW	unclassified	人事處		tw-judicial:1053	tw-judicial-95c22efba572ab442685	OGDL-Taiwan-1.0	source_attributed			
登记	登記	recording	deng1 ji4	unclassified	待核查	TW	unclassified	憲法法庭書記廳		tw-judicial:1445	tw-judicial-a7fb7b1d454fc8a1857b	OGDL-Taiwan-1.0	source_attributed			
登记	登記	recordation	deng1 ji4	intellectual_property	待核查	TW	unclassified	A13070000G		tw-tipo-trademark:465	tw-tipo-trademark-8efed26a9b9a87781d9f	OGDL-Taiwan-1.0	source_attributed			
登记处	登記處	Registry Office	deng1 ji4 chu4	unclassified	待核查	TW	unclassified	司法行政廳		tw-judicial:1446	tw-judicial-5eab6963f224f3bea01f	OGDL-Taiwan-1.0	source_attributed			
登记处、注册处	登記處、註冊處	registry		intellectual_property	待核查	TW	unclassified	A13070000G		tw-tipo-trademark:479	tw-tipo-trademark-4c1c6979d6268f19295d	OGDL-Taiwan-1.0	source_attributed			
监印室	監印室	Seal Imprinting Room	jian1 yin4 shi4	unclassified	待核查	TW	unclassified	司法行政廳		tw-judicial:1656	tw-judicial-b5e0b24f3d3698f53992	OGDL-Taiwan-1.0	source_attributed			
监察人	監察人	supervisors	jian1 cha2 ren2	unclassified	待核查	TW	unclassified	憲法法庭書記廳		tw-judicial:1659	tw-judicial-e522b42e36998601c6bf	OGDL-Taiwan-1.0	source_attributed			
监察委员	監察委員	member of the Control Yuan	jian1 cha2 wei3 yuan2	unclassified	待核查	TW	unclassified	憲法法庭書記廳		tw-judicial:1660	tw-judicial-3210d8bf27a900f59a4d	OGDL-Taiwan-1.0	source_attributed			
监察权	監察權	control power; power of supervision	jian1 cha2 quan2	unclassified	待核查	TW	unclassified	憲法法庭書記廳		tw-judicial:1662	tw-judicial-715b9ac8394c39d7d241	OGDL-Taiwan-1.0	source_attributed			
监察院	監察院	Control Yuan	jian1 cha2 yuan4	unclassified	待核查	TW	unclassified	憲法法庭書記廳		tw-judicial:1661	tw-judicial-bfe5c5f633a25ff0bdd0	OGDL-Taiwan-1.0	source_attributed			
监护	監護	custody	jian1 hu4	unclassified	待核查	TW	unclassified	少年及家事廳		tw-judicial:1664	tw-judicial-aa6ee495664473c23214	OGDL-Taiwan-1.0	source_attributed			
监护人	監護人	guardian	jian1 hu4 ren2	unclassified	待核查	TW	unclassified	少年及家事廳		tw-judicial:1665	tw-judicial-03dd221be87dfe4a1b18	OGDL-Taiwan-1.0	source_attributed			
监狱行刑法	監獄行刑法	Prison Act	jian1 yu4 xing2 xing2 fa3	criminal	待核查	TW	statute	憲法法庭書記廳		tw-judicial:1663	tw-judicial-9276087c962ac6173df1	OGDL-Taiwan-1.0	source_attributed			
监督	監督	censor	jian1 du1	unclassified	待核查	TW	unclassified	憲法法庭書記廳		tw-judicial:1657	tw-judicial-74df3f20491bbf066344	OGDL-Taiwan-1.0	source_attributed			
监督寺庙条例	監督寺廟條例	Act of Supervising Temples	jian1 du1 si4 miao4 tiao2 li4	unclassified	待核查	TW	statute	憲法法庭書記廳		tw-judicial:1658	tw-judicial-f69d3576b22515d75caf	OGDL-Taiwan-1.0	source_attributed			
盥洗室	盥洗室	Restroom	guan4 xi3 shi4	unclassified	待核查	TW	unclassified	司法行政廳		tw-judicial:1911	tw-judicial-96f8633bbd796113f1f2	OGDL-Taiwan-1.0	source_attributed			
目的在于商标与商业之保护及其他相关约定	目的在於商標與商業之保護及其他相關約定	for Trade-Mark and Commercial Protection and certain other agreements	mu4 di4 zai4 yu2 shang1 biao1 yu3 shang1 ye4 zhi1 bao3 hu4 ji2 qi2 ta1 xiang1 guan1 yue1 ding4	intellectual_property	待核查	TW	unclassified	A13070000G		tw-tipo-trademark:251	tw-tipo-trademark-391287e0789ff3134f5a	OGDL-Taiwan-1.0	source_attributed			
直接买受人	直接買受人	direct purchaser	zhi2 jie1 mai3 shou4 ren2	unclassified	待核查	TW	unclassified	憲法法庭書記廳		tw-judicial:818	tw-judicial-df46f645b18a1b69d3a9	OGDL-Taiwan-1.0	source_attributed			
直接买受人／出卖人	直接買受人／出賣人	direct purchaser/seller		unclassified	待核查	TW	unclassified	憲法法庭書記廳		tw-judicial:819	tw-judicial-35bc5d44bb0863cae227	OGDL-Taiwan-1.0	source_attributed			
直接强制处分	直接強制處分	direct compulsory measure	zhi2 jie1 qiang2 zhi4 chu3 fen4	unclassified	待核查	TW	unclassified	憲法法庭書記廳		tw-judicial:817	tw-judicial-5bab197ead3ee8dd86e5	OGDL-Taiwan-1.0	source_attributed			
直接销售人	直接銷售人	direct seller	zhi2 jie1 xiao1 shou4 ren2	unclassified	待核查	TW	unclassified	憲法法庭書記廳		tw-judicial:820	tw-judicial-c8741356b971b9bb7bb5	OGDL-Taiwan-1.0	source_attributed			
直辖市	直轄市	special (Executive-Yuan-governed) municipality	zhi2 xia2 shi4	unclassified	待核查	TW	unclassified	憲法法庭書記廳		tw-judicial:821	tw-judicial-3f6fbbf1947af72b988f	OGDL-Taiwan-1.0	source_attributed			
相互	相互	mutually	xiang1 hu4	intellectual_property	待核查	TW	unclassified	A13070000G		tw-tipo-trademark:368	tw-tipo-trademark-d48f577ef1d7f0e847a9	OGDL-Taiwan-1.0	source_attributed			
相互承认	相互承認	mutually recognizing	xiang1 hu4 cheng2 ren4	intellectual_property	待核查	TW	unclassified	A13070000G		tw-tipo-trademark:369	tw-tipo-trademark-ed865845c3c3130e5ba1	OGDL-Taiwan-1.0	source_attributed			
相似处为	相似處為	similarity in…	xiang1 si4 chu4 wei4	intellectual_property	待核查	TW	unclassified	A13070000G		tw-tipo-trademark:515	tw-tipo-trademark-c77d6e61db194671ea5c	OGDL-Taiwan-1.0	source_attributed			
相关	相關	related	xiang1 guan1	intellectual_property	待核查	TW	unclassified	A13070000G		tw-tipo-trademark:483	tw-tipo-trademark-007148127dfbe5320b70	OGDL-Taiwan-1.0	source_attributed			
相关市场	相關市場	relevant market	xiang1 guan1 shi4 chang3	competition	CN	INTERNATIONAL	term	中华人民共和国反垄断法（2022修正）	相关市场同时涉及商品与地域，不能只用单一企业的业务名称代替。	oll-cn-core:cn-relevant-market	cn-relevant-market	CC-BY-4.0	project_authored	经营者在一定时期就特定商品或服务竞争的商品范围和地域范围。	项目释译，非官方译文；relevant 不表示所有有商业联系的市场。	中华人民共和国反垄断法（2022修正） 第15条 https://www.csrc.gov.cn/beijing/c105536/c7431869/content.shtml
相关性	相關性	relatedness	xiang1 guan1 xing4	intellectual_property	待核查	TW	unclassified	A13070000G		tw-tipo-trademark:484	tw-tipo-trademark-a4ce110a9dc233e0aa73	OGDL-Taiwan-1.0	source_attributed			
相关消费大众	相關消費大眾	relevant purchasing public	xiang1 guan1 xiao1 fei4 da4 zhong4	intellectual_property	待核查	TW	unclassified	A13070000G		tw-tipo-trademark:487	tw-tipo-trademark-8f1f35fc0e74056348a0	OGDL-Taiwan-1.0	source_attributed			
相关的商品或服务	相關的商品或服務	associated goods/services	xiang1 guan1 de5 shang1 pin3 huo4 fu2 wu4	intellectual_property	待核查	TW	unclassified	A13070000G		tw-tipo-trademark:46	tw-tipo-trademark-ad6888498f40e3bfd890	OGDL-Taiwan-1.0	source_attributed			
相关购买人	相關購買人	relevant purchaser	xiang1 guan1 gou4 mai3 ren2	intellectual_property	待核查	TW	unclassified	A13070000G		tw-tipo-trademark:457	tw-tipo-trademark-709179ab7d69d3b888ab	OGDL-Taiwan-1.0	source_attributed			
相反的、谈话	相反的、談話	converse		intellectual_property	待核查	TW	unclassified	A13070000G		tw-tipo-trademark:116	tw-tipo-trademark-42bc8f3525c62a74bf93	OGDL-Taiwan-1.0	source_attributed			
相同的交易管道	相同的交易管道	the same channels of trade	xiang1 tong2 de5 jiao1 yi4 guan3 dao4	intellectual_property	待核查	TW	unclassified	A13070000G		tw-tipo-trademark:68	tw-tipo-trademark-b50dfd081ccbae58fd24	OGDL-Taiwan-1.0	source_attributed			
相对事由	相對事由	relative ground	xiang1 dui4 shi4 you2	intellectual_property	待核查	TW	unclassified	A13070000G		tw-tipo-trademark:485	tw-tipo-trademark-0320eb3592b1651326a0	OGDL-Taiwan-1.0	source_attributed			
相对人	相對人	opposite party	xiang1 dui4 ren2	unclassified	待核查	TW	unclassified	憲法法庭書記廳		tw-judicial:933	tw-judicial-0e3b1cb4cd98e7aa9c7f	OGDL-Taiwan-1.0	source_attributed			
相对人	相對人	Opposite Party	xiang1 dui4 ren2	unclassified	待核查	TW	unclassified	民事廳		tw-judicial:932	tw-judicial-b8e91cfea337c1e0de29	OGDL-Taiwan-1.0	source_attributed			
相对人代理人	相對人代理人	Agent ad litem of opposite party	xiang1 dui4 ren2 dai4 li3 ren2	unclassified	待核查	TW	unclassified	民事廳		tw-judicial:934	tw-judicial-35a089a70fcc14c378e4	OGDL-Taiwan-1.0	source_attributed			
相当补偿;合理补偿	相當補償;合理補償	fair compensation		unclassified	待核查	TW	unclassified	憲法法庭書記廳		tw-judicial:931	tw-judicial-454af6b54dc210959b39	OGDL-Taiwan-1.0	source_attributed			
盾形纹章	盾形紋章	coat of arms	dun4 xing2 wen2 zhang1	intellectual_property	待核查	TW	unclassified	A13070000G		tw-tipo-trademark:79	tw-tipo-trademark-5fc327ade1e3b39b6ec0	OGDL-Taiwan-1.0	source_attributed			
省	省	province	sheng3	unclassified	待核查	TW	unclassified	憲法法庭書記廳		tw-judicial:926	tw-judicial-af73e98dc5ea79f230cc	OGDL-Taiwan-1.0	source_attributed			
省县自治法	省縣自治法	Self-Governance Act for Provinces and Counties	sheng3 xian4 zi4 zhi4 fa3	unclassified	待核查	TW	statute	憲法法庭書記廳		tw-judicial:928	tw-judicial-ba779e482d8e64961d1b	OGDL-Taiwan-1.0	source_attributed			
省议会	省議會	Provincial Assembly	sheng3 yi4 hui4	unclassified	待核查	TW	unclassified	憲法法庭書記廳		tw-judicial:930	tw-judicial-e54dbcbebf50dca1468b	OGDL-Taiwan-1.0	source_attributed			
省辖市	省轄市	province-governed municipality	sheng3 xia2 shi4	unclassified	待核查	TW	unclassified	憲法法庭書記廳		tw-judicial:929	tw-judicial-50445c0ace5b7f6d0bfd	OGDL-Taiwan-1.0	source_attributed			
省长	省長	Governor	sheng3 zhang3	unclassified	待核查	TW	unclassified	憲法法庭書記廳		tw-judicial:927	tw-judicial-0d35c05fd1e3d7808eec	OGDL-Taiwan-1.0	source_attributed			
看管室	看管室	Contemnor's Room	kan1 guan3 shi4	unclassified	待核查	TW	unclassified	司法行政廳		tw-judicial:935	tw-judicial-93ce141c4f31a3217d47	OGDL-Taiwan-1.0	source_attributed			
真品平行输入	真品平行輸入	parallel import	zhen1 pin3 ping2 xing2 shu1 ru4	intellectual_property	待核查	TW	unclassified	A13070000G		tw-tipo-trademark:397	tw-tipo-trademark-c2137fb853cd3429e48d	OGDL-Taiwan-1.0	source_attributed			
眷村	眷村	Military dependents’ villages	juan4 cun1	unclassified	待核查	TW	unclassified	憲法法庭書記廳		tw-judicial:1288	tw-judicial-77b8b0d9f59e05d65ea2	OGDL-Taiwan-1.0	source_attributed			
眼睛的、视力的	眼睛的、視力的	optical		intellectual_property	待核查	TW	unclassified	A13070000G		tw-tipo-trademark:389	tw-tipo-trademark-64c67e33997f349c1178	OGDL-Taiwan-1.0	source_attributed			
知悉门槛	知悉門檻	knowledge threshold	zhi1 xi1 men2 kan3	intellectual_property	待核查	TW	unclassified	A13070000G		tw-tipo-trademark:336	tw-tipo-trademark-a9645c942dca9e99e22b	OGDL-Taiwan-1.0	source_attributed			
矩形的、长方形的	矩形的、長方形的	rectangular		intellectual_property	待核查	TW	unclassified	A13070000G		tw-tipo-trademark:467	tw-tipo-trademark-8819214b4a88ed45aff2	OGDL-Taiwan-1.0	source_attributed			
矫正	矯正	correction	jiao3 zheng4	unclassified	待核查	TW	unclassified	憲法法庭書記廳		tw-judicial:1977	tw-judicial-4be0c5ed0e53cfb9917d	OGDL-Taiwan-1.0	source_attributed			
石油管理法	石油管理法	Petroleum Administration Act	shi2 you2 guan3 li3 fa3	unclassified	待核查	TW	statute	憲法法庭書記廳		tw-judicial:408	tw-judicial-585e196f0ea5a1c77b1c	OGDL-Taiwan-1.0	source_attributed			
矿业法	礦業法	Mining Act	kuang4 ye4 fa3	unclassified	待核查	TW	unclassified	憲法法庭書記廳		tw-judicial:2071	tw-judicial-ffd5628f86a8ef1ec434	OGDL-Taiwan-1.0	source_attributed			
研究发展费用	研究發展費用	research and development expenses	yan2 jiu1 fa1 zhan3 fei4 yong4	unclassified	待核查	TW	unclassified	憲法法庭書記廳		tw-judicial:938	tw-judicial-113364934d19c24d5b0b	OGDL-Taiwan-1.0	source_attributed			
研究自由	研究自由	freedom of research	yan2 jiu1 zi4 you2	unclassified	待核查	TW	unclassified	憲法法庭書記廳		tw-judicial:937	tw-judicial-0c684983659616652f08	OGDL-Taiwan-1.0	source_attributed			
研考科	研考科	Research and Evaluation Section	yan2 kao3 ke1	unclassified	待核查	TW	unclassified	司法行政廳		tw-judicial:936	tw-judicial-f92a7c0b8f31eda360b6	OGDL-Taiwan-1.0	source_attributed			
研讨室	研討室	Meeting Room	yan2 tao3 shi4	unclassified	待核查	TW	unclassified	司法行政廳		tw-judicial:939	tw-judicial-c1bce21a2a1a0c2ecf7c	OGDL-Taiwan-1.0	source_attributed			
破产债权	破產債權	claim in bankruptcy	po4 chan3 zhai4 quan2	civil	待核查	TW	unclassified	少年及家事廳		tw-judicial:1059	tw-judicial-5b6da92a9d35becfbc41	OGDL-Taiwan-1.0	source_attributed			
破产宣告	破產宣告	adjudication of bankruptcy	po4 chan3 xuan1 gao4	unclassified	待核查	TW	unclassified	少年及家事廳		tw-judicial:1056	tw-judicial-7661b155c7e7dd68b2b9	OGDL-Taiwan-1.0	source_attributed			
破产法	破產法	Bankruptcy Act	po4 chan3 fa3	unclassified	待核查	TW	unclassified	憲法法庭書記廳		tw-judicial:1055	tw-judicial-b70e8f59c60fbc6f3bf2	OGDL-Taiwan-1.0	source_attributed			
破产程序	破產程序	bankruptcy procedure	po4 chan3 cheng2 xu4	unclassified	待核查	TW	unclassified	憲法法庭書記廳		tw-judicial:1058	tw-judicial-534f495d3e7aa6cfbedc	OGDL-Taiwan-1.0	source_attributed			
破产管理人	破產管理人	bankruptcy trustee	po4 chan3 guan3 li3 ren2	unclassified	待核查	TW	unclassified	憲法法庭書記廳		tw-judicial:1060	tw-judicial-0c4a55df2802067b6de8	OGDL-Taiwan-1.0	source_attributed			
破产财团	破產財團	bankruptcy estate	po4 chan3 cai2 tuan2	unclassified	待核查	TW	unclassified	少年及家事廳		tw-judicial:1057	tw-judicial-afa0178a0c1d81f365bd	OGDL-Taiwan-1.0	source_attributed			
破产／破产人	破產／破產人	bankrupt		unclassified	待核查	TW	unclassified	少年及家事廳		tw-judicial:1054	tw-judicial-4912a3bbab52b4507f2a	OGDL-Taiwan-1.0	source_attributed			
破坏司法信誉案件	破壞司法信譽案件	The Case of Contravening Credit Standing of Judicature	po4 huai4 si1 fa3 xin4 yu4 an4 jian4	unclassified	待核查	TW	unclassified	政風處		tw-judicial:1061	tw-judicial-aa714cad22e5ded077a9	OGDL-Taiwan-1.0	source_attributed			
确定判决	確定判決	final / irrevocable judgment / final court decision	que4 ding4 pan4 jue2	dispute_resolution	待核查	TW	unclassified	民事廳		tw-judicial:1823	tw-judicial-714a7b8deaeab9dedfa1	OGDL-Taiwan-1.0	source_attributed			
确定判决; 确定终局判决	確定判決; 確定終局判決	final and binding judgment		dispute_resolution	待核查	TW	unclassified	憲法法庭書記廳		tw-judicial:1824	tw-judicial-9e2e811ad7635abac29b	OGDL-Taiwan-1.0	source_attributed			
确认判决诉讼	確認判決訴訟	declaratory judgment action	que4 ren4 pan4 jue2 su4 song4	intellectual_property	待核查	TW	unclassified	A13070000G		tw-tipo-trademark:133	tw-tipo-trademark-296895ab6e93455bceb2	OGDL-Taiwan-1.0	source_attributed			
确认诉讼	確認訴訟	Administrative Actions for Declaration	que4 ren4 su4 song4	dispute_resolution	待核查	TW	unclassified	行政訴訟及懲戒廳		tw-judicial:1825	tw-judicial-8e77e6c1bd7f49d153b2	OGDL-Taiwan-1.0	source_attributed			
礼貌上之尊称	禮貌上之尊稱	a courtesy title	li3 mao4 shang4 zhi1 zun1 cheng1	intellectual_property	待核查	TW	unclassified	A13070000G		tw-tipo-trademark:558	tw-tipo-trademark-015098aab288163fedd5	OGDL-Taiwan-1.0	source_attributed			
社会保险	社會保險	social insurance	she4 hui4 bao3 xian3	unclassified	待核查	TW	unclassified	憲法法庭書記廳		tw-judicial:823	tw-judicial-6e8a6aaa24acdc3f8928	OGDL-Taiwan-1.0	source_attributed			
社会团体许可立案作业规定	社會團體許可立案作業規定	Regulations for Registration of Social Entities	she4 hui4 tuan2 ti3 xu3 ke3 li4 an4 zuo4 ye4 gui1 ding4	unclassified	待核查	TW	unclassified	憲法法庭書記廳		tw-judicial:829	tw-judicial-c7dca1befe2613fd000e	OGDL-Taiwan-1.0	source_attributed			
社会安全	社會安全	social security	she4 hui4 an1 quan2	unclassified	待核查	TW	unclassified	憲法法庭書記廳		tw-judicial:822	tw-judicial-a713bb775e72f384e339	OGDL-Taiwan-1.0	source_attributed			
社会救助	社會救助	social relief and aid	she4 hui4 jiu4 zhu4	unclassified	待核查	TW	unclassified	憲法法庭書記廳		tw-judicial:826	tw-judicial-a3fe0a09c52c5e8a12a0	OGDL-Taiwan-1.0	source_attributed			
社会救助法	社會救助法	Public Assistance Act	she4 hui4 jiu4 zhu4 fa3	unclassified	待核查	TW	statute	憲法法庭書記廳		tw-judicial:827	tw-judicial-bd5a2fe3ec14b755441f	OGDL-Taiwan-1.0	source_attributed			
社会教育法	社會教育法	Social Education Act	she4 hui4 jiao4 yu4 fa3	unclassified	待核查	TW	statute	憲法法庭書記廳		tw-judicial:828	tw-judicial-fb76341856b08f703b09	OGDL-Taiwan-1.0	source_attributed			
社会福利	社會福利	social welfare	she4 hui4 fu2 li4	unclassified	待核查	TW	unclassified	憲法法庭書記廳		tw-judicial:830	tw-judicial-0bfbb893210ce657d917	OGDL-Taiwan-1.0	source_attributed			
社会福利事项	社會福利事項	social welfare activities	she4 hui4 fu2 li4 shi4 xiang4	unclassified	待核查	TW	unclassified	憲法法庭書記廳		tw-judicial:831	tw-judicial-d6c4dba6b39768629040	OGDL-Taiwan-1.0	source_attributed			
社会秩序	社會秩序	social order	she4 hui4 zhi4 xu4	unclassified	待核查	TW	unclassified	憲法法庭書記廳		tw-judicial:824	tw-judicial-77c50d8bac8461347cd4	OGDL-Taiwan-1.0	source_attributed			
社会秩序维护法	社會秩序維護法	Social Order Maintenance Act	she4 hui4 zhi4 xu4 wei2 hu4 fa3	unclassified	待核查	TW	statute	憲法法庭書記廳		tw-judicial:825	tw-judicial-d5b782c36d7efc280506	OGDL-Taiwan-1.0	source_attributed			
社团法人	社團法人	juridical association	she4 tuan2 fa3 ren2	unclassified	待核查	TW	unclassified	民事廳		tw-judicial:832	tw-judicial-18b3244332c8377cd36e	OGDL-Taiwan-1.0	source_attributed			
票券金融管理法	票券金融管理法	The Act Governing Bills Finance Business	piao4 quan4 jin1 rong2 guan3 li3 fa3	finance	待核查	TW	statute	憲法法庭書記廳		tw-judicial:1289	tw-judicial-146c9cdbc0af75e891b5	OGDL-Taiwan-1.0	source_attributed			
票据法	票據法	Negotiable Instruments Act	piao4 ju4 fa3	unclassified	待核查	TW	unclassified	憲法法庭書記廳		tw-judicial:1291	tw-judicial-85864c434c5b83482487	OGDL-Taiwan-1.0	source_attributed			
票面金额	票面金額	face value	piao4 mian4 jin1 e2	unclassified	待核查	TW	unclassified	憲法法庭書記廳		tw-judicial:1290	tw-judicial-15dd04a13396771a365b	OGDL-Taiwan-1.0	source_attributed			
禁令解除	禁令解除	injunctive relief	jin4 ling4 jie3 chu2	intellectual_property	待核查	TW	unclassified	A13070000G		tw-tipo-trademark:303	tw-tipo-trademark-f5aaea483ecdbef0079b	OGDL-Taiwan-1.0	source_attributed			
禁止翻供、禁止反言	禁止翻供、禁止反言	estoppel		intellectual_property	待核查	TW	unclassified	A13070000G		tw-tipo-trademark:197	tw-tipo-trademark-1fa7a626bc00b7483564	OGDL-Taiwan-1.0	source_attributed			
禁止规定	禁止規定	prohibitive regulation	jin4 zhi3 gui1 ding4	unclassified	待核查	TW	unclassified	憲法法庭書記廳		tw-judicial:1566	tw-judicial-b300e851599e5cff504d	OGDL-Taiwan-1.0	source_attributed			
福建省	福建省	Fukien Province	fu2 jian4 sheng3	unclassified	待核查	TW	unclassified	憲法法庭書記廳		tw-judicial:1668	tw-judicial-93ebb85ffe3af06e3563	OGDL-Taiwan-1.0	source_attributed			
福建省政府组织规程	福建省政府組織規程	Regulations of Organization of the Fukien Provincial Government	fu2 jian4 sheng3 zheng4 fu3 zu3 zhi1 gui1 cheng2	unclassified	待核查	TW	unclassified	憲法法庭書記廳		tw-judicial:1669	tw-judicial-c55a5410a0b8a2a372df	OGDL-Taiwan-1.0	source_attributed			
福建连江地方法院	福建連江地方法院	Fuchien Lienchiang District Court	fu2 jian4 lian2 jiang1 di4 fang1 fa3 yuan4	dispute_resolution	待核查	TW	institution	司法行政廳		tw-judicial:1672	tw-judicial-6fb4a8b646a0d9d58683	OGDL-Taiwan-1.0	source_attributed			
福建连江地方法院连江简易庭	福建連江地方法院連江簡易庭	Fuchien Lienchiang District Court Lienchiang Summary Court	fu2 jian4 lian2 jiang1 di4 fang1 fa3 yuan4 lian2 jiang1 jian3 yi4 ting2	dispute_resolution	待核查	TW	unclassified	司法行政廳		tw-judicial:1673	tw-judicial-9eadb4b3fbe57f0ea737	OGDL-Taiwan-1.0	source_attributed			
福建金门地方法院	福建金門地方法院	Fuchien Kinmen District Court	fu2 jian4 jin1 men2 di4 fang1 fa3 yuan4	dispute_resolution	待核查	TW	institution	司法行政廳		tw-judicial:1666	tw-judicial-64e935355322b5b239ee	OGDL-Taiwan-1.0	source_attributed			
福建金门地方法院金城简易庭	福建金門地方法院金城簡易庭	Fuchien Kinmen District Court Jincheng Summary Court	fu2 jian4 jin1 men2 di4 fang1 fa3 yuan4 jin1 cheng2 jian3 yi4 ting2	dispute_resolution	待核查	TW	unclassified	司法行政廳		tw-judicial:1667	tw-judicial-6e23fe91e50dae099a34	OGDL-Taiwan-1.0	source_attributed			
福建高等法院金门分院	福建高等法院金門分院	Fuchien High Court Kinmen Branch Court	fu2 jian4 gao1 deng3 fa3 yuan4 jin1 men2 fen1 yuan4	dispute_resolution	待核查	TW	unclassified	司法行政廳		tw-judicial:1670	tw-judicial-d5e8350ad3e588d5b9c9	OGDL-Taiwan-1.0	source_attributed			
福建高等法院金门分院连江庭	福建高等法院金門分院連江庭	Fuchien High Court Kinmen Branch Lienchiang Division	fu2 jian4 gao1 deng3 fa3 yuan4 jin1 men2 fen1 yuan4 lian2 jiang1 ting2	dispute_resolution	待核查	TW	unclassified	司法行政廳		tw-judicial:1671	tw-judicial-cf501831ae9e2d231c11	OGDL-Taiwan-1.0	source_attributed			
离婚	離婚	divorce	li2 hun1	family	待核查	TW	unclassified	憲法法庭書記廳		tw-judicial:2029	tw-judicial-0bb7b3710d34befba486	OGDL-Taiwan-1.0	source_attributed			
离婚后子女探视权	離婚後子女探視權	right to visit children after divorce	li2 hun1 hou4 zi3 nv3 tan4 shi4 quan2	family	待核查	TW	unclassified	少年及家事廳		tw-judicial:2030	tw-judicial-058d19bc90a62ef9302d	OGDL-Taiwan-1.0	source_attributed			
离婚案件	離婚案件	divorce case	li2 hun1 an4 jian4	family	待核查	TW	unclassified	少年及家事廳		tw-judicial:2031	tw-judicial-3b626093c8e501814095	OGDL-Taiwan-1.0	source_attributed			
离职人员	離職人員	separating employee	li2 zhi2 ren2 yuan2	unclassified	待核查	TW	unclassified	憲法法庭書記廳		tw-judicial:2033	tw-judicial-52cd6780c50e147970b6	OGDL-Taiwan-1.0	source_attributed			
离营军人	離營軍人	solider on leave	li2 ying2 jun1 ren2	unclassified	待核查	TW	unclassified	憲法法庭書記廳		tw-judicial:2032	tw-judicial-5d7757e0197a492a3187	OGDL-Taiwan-1.0	source_attributed			
私密性	私密性	privacy	si1 mi4 xing4	unclassified	待核查	TW	unclassified	憲法法庭書記廳		tw-judicial:671	tw-judicial-62b20c3414a809ee3bf5	OGDL-Taiwan-1.0	source_attributed			
私文书	私文書	private document	si1 wen2 shu1	unclassified	待核查	TW	unclassified	民事廳		tw-judicial:665	tw-judicial-4fe645e405ff0b3c52d8	OGDL-Taiwan-1.0	source_attributed			
私有土地所有权人	私有土地所有權人	private land owner	si1 you3 tu3 di4 suo3 you3 quan2 ren2	civil,property	待核查	TW	unclassified	憲法法庭書記廳		tw-judicial:668	tw-judicial-4642d8aba1b8e2815c94	OGDL-Taiwan-1.0	source_attributed			
私法	私法	private law	si1 fa3	unclassified	待核查	TW	unclassified	憲法法庭書記廳		tw-judicial:669	tw-judicial-10c2da16b4cf98ccae9c	OGDL-Taiwan-1.0	source_attributed			
私法人	私法人	private corporate bodies	si1 fa3 ren2	unclassified	待核查	TW	unclassified	憲法法庭書記廳		tw-judicial:670	tw-judicial-823665f54029cdfb1c75	OGDL-Taiwan-1.0	source_attributed			
私立学校法	私立學校法	Private School Law	si1 li4 xue2 xiao4 fa3	unclassified	待核查	TW	statute	憲法法庭書記廳		tw-judicial:666	tw-judicial-e42c2100c95b3b0c7a38	OGDL-Taiwan-1.0	source_attributed			
私立学校规程	私立學校規程	Regulations Governing the Private School	si1 li4 xue2 xiao4 gui1 cheng2	unclassified	待核查	TW	unclassified	憲法法庭書記廳		tw-judicial:667	tw-judicial-add58fc15e28695410dc	OGDL-Taiwan-1.0	source_attributed			
私运货物	私運貨物	smuggling goods	si1 yun4 huo4 wu4	unclassified	待核查	TW	unclassified	憲法法庭書記廳		tw-judicial:672	tw-judicial-49aea133796de1d13b55	OGDL-Taiwan-1.0	source_attributed			
科员	科員	Officer	ke1 yuan2	unclassified	待核查	TW	unclassified	司法行政廳		tw-judicial:942	tw-judicial-bddabe5053b9948e3d49	OGDL-Taiwan-1.0	source_attributed			
科处行政罚锾	科處行政罰鍰	imposition of administrative fines	ke1 chu4 xing2 zheng4 fa2 huan2	administrative	待核查	TW	unclassified	憲法法庭書記廳		tw-judicial:943	tw-judicial-cf43ffeb28632f5ab474	OGDL-Taiwan-1.0	source_attributed			
科学工业园区	科學工業園區	Science-based Industrial Park	ke1 xue2 gong1 ye4 yuan2 qu1	unclassified	待核查	TW	unclassified	憲法法庭書記廳		tw-judicial:944	tw-judicial-68018d20460d4ac73f5f	OGDL-Taiwan-1.0	source_attributed			
科学工业园区管理局组织条例	科學工業園區管理局組織條例	Regulation for the Organization of a Science Park Administration	ke1 xue2 gong1 ye4 yuan2 qu1 guan3 li3 ju2 zu3 zhi1 tiao2 li4	unclassified	待核查	TW	statute	憲法法庭書記廳		tw-judicial:946	tw-judicial-2eb0f3185526c11844ad	OGDL-Taiwan-1.0	source_attributed			
科学工业园区设置管理条例	科學工業園區設置管理條例	Act for Establishment and Administration of Science Parks	ke1 xue2 gong1 ye4 yuan2 qu1 she4 zhi4 guan3 li3 tiao2 li4	unclassified	待核查	TW	statute	憲法法庭書記廳		tw-judicial:945	tw-judicial-c00ef88ac2790c1975fa	OGDL-Taiwan-1.0	source_attributed			
科技调解室	科技調解室	High-technology Mediation Room	ke1 ji4 tiao2 jie3 shi4	dispute_resolution	待核查	TW	unclassified	民事廳		tw-judicial:940	tw-judicial-74f7cada30c96fdffe1d	OGDL-Taiwan-1.0	source_attributed			
科长	科長	Section Chief	ke1 zhang3	unclassified	待核查	TW	unclassified	司法行政廳		tw-judicial:941	tw-judicial-ebe1408ccafbfd26aba5	OGDL-Taiwan-1.0	source_attributed			
秘书	秘書	Secretary	mi4 shu1	unclassified	待核查	TW	unclassified	司法行政廳		tw-judicial:1067	tw-judicial-e1b060128cfc816554c5	OGDL-Taiwan-1.0	source_attributed			
秘书处	秘書處	Secretariat	mi4 shu1 chu4	unclassified	待核查	TW	unclassified	司法行政廳		tw-judicial:1072	tw-judicial-fe0f1a0ad3f45e60a8a9	OGDL-Taiwan-1.0	source_attributed			
秘书室	秘書室	Office of Secretaries	mi4 shu1 shi4	unclassified	待核查	TW	unclassified	司法行政廳		tw-judicial:1071	tw-judicial-fa44a6aaa00f46473d1a	OGDL-Taiwan-1.0	source_attributed			
秘书长	秘書長	Secretary-General	mi4 shu1 zhang3	unclassified	待核查	TW	unclassified	司法行政廳		tw-judicial:1068	tw-judicial-d96c747d5dd2ac931575	OGDL-Taiwan-1.0	source_attributed			
秘书长室	秘書長室	Secretary-General	mi4 shu1 zhang3 shi4	unclassified	待核查	TW	unclassified	司法行政廳		tw-judicial:1069	tw-judicial-5936439c6fe002d2e17d	OGDL-Taiwan-1.0	source_attributed			
秘书长室主任	秘書長室主任	Director	mi4 shu1 zhang3 shi4 zhu3 ren4	unclassified	待核查	TW	unclassified	司法行政廳		tw-judicial:1070	tw-judicial-77048d602d54b8ea2835	OGDL-Taiwan-1.0	source_attributed			
秘密证人	秘密證人	secret witness	mi4 mi4 zheng4 ren2	unclassified	待核查	TW	role	憲法法庭書記廳		tw-judicial:1073	tw-judicial-2b4ec9264672ed43339a	OGDL-Taiwan-1.0	source_attributed			
租税	租稅	taxation	zu1 shui4	tax	待核查	TW	unclassified	憲法法庭書記廳		tw-judicial:1062	tw-judicial-ad98fe20ad8b2a33720f	OGDL-Taiwan-1.0	source_attributed			
租税优惠;赋税优惠	租稅優惠;賦稅優惠	tax benefit		tax	待核查	TW	unclassified	憲法法庭書記廳		tw-judicial:1066	tw-judicial-656b55355c80d3e7c9ec	OGDL-Taiwan-1.0	source_attributed			
租税公平主义; 租税公平原则	租稅公平主義; 租稅公平原則	principle of fair taxation		tax	待核查	TW	unclassified	憲法法庭書記廳		tw-judicial:1063	tw-judicial-6cbb5d755dd19280224f	OGDL-Taiwan-1.0	source_attributed			
租税法定主义;租税法律主义;租税法律原则	租稅法定主義;租稅法律主義;租稅法律原則	principle of taxation by law		tax	待核查	TW	unclassified	憲法法庭書記廳		tw-judicial:1064	tw-judicial-5fef71e03bda30826afa	OGDL-Taiwan-1.0	source_attributed			
租税项目	租稅項目	tax items	zu1 shui4 xiang4 mu4	tax	待核查	TW	unclassified	憲法法庭書記廳		tw-judicial:1065	tw-judicial-cb91ede511d633a696a8	OGDL-Taiwan-1.0	source_attributed			
移转、转让	移轉、轉讓	assignment		intellectual_property	待核查	TW	unclassified	A13070000G		tw-tipo-trademark:42	tw-tipo-trademark-c898d15321cb312f9d66	OGDL-Taiwan-1.0	source_attributed			
移转登记	移轉登記	recordation of the assignment	yi2 zhuan3 deng1 ji4	intellectual_property	待核查	TW	unclassified	A13070000G		tw-tipo-trademark:43	tw-tipo-trademark-55e34fadee48029631b3	OGDL-Taiwan-1.0	source_attributed			
程序	程序	procedural	cheng2 xu4	intellectual_property	待核查	TW	unclassified	A13070000G		tw-tipo-trademark:441	tw-tipo-trademark-431b8fbeb8394f6f8009	OGDL-Taiwan-1.0	source_attributed			
程序监理人	程序監理人	Guardian Ad Litem	cheng2 xu4 jian1 li3 ren2	unclassified	待核查	TW	unclassified	司法行政廳		tw-judicial:1453	tw-judicial-b0dec0fa28bcb91948fe	OGDL-Taiwan-1.0	source_attributed			
程度、等级	程度、等級	degree		intellectual_property	待核查	TW	unclassified	A13070000G		tw-tipo-trademark:137	tw-tipo-trademark-8583e7cce8a2a1721349	OGDL-Taiwan-1.0	source_attributed			
程式设计师	程式設計師	Computer Systems Designer	cheng2 shi4 she4 ji4 shi1	unclassified	待核查	TW	unclassified	司法行政廳		tw-judicial:1452	tw-judicial-bb7a1b010accf9111bf4	OGDL-Taiwan-1.0	source_attributed			
税则号列	稅則號列	tariff line	shui4 ze2 hao4 lie4	tax,trade	CN	INTERNATIONAL	term	中华人民共和国关税法（2024）	第九条规定关税税目由税则号列和目录条文等组成，并要求货物按照归类规则归入相应税则号列。	oll-cn-tax-trade:cn-customs-tariff-line	cn-customs-tariff-line	CC-BY-4.0	project_authored	《税则》中用于承载具体商品归类结果的税目编号层级。	项目释译，非官方译文；tariff line 用于表达税则中的具体号列。	中华人民共和国关税法（2024） 第9条 https://fgk.chinatax.gov.cn/zcfgk/c100009/c5234556/content.html
税则号别	稅則號別	tariff number	shui4 ze2 hao4 bie2	tax	待核查	TW	unclassified	憲法法庭書記廳		tw-judicial:1455	tw-judicial-8f50a0d2f95e134c3fc5	OGDL-Taiwan-1.0	source_attributed			
税捐减免	稅捐減免	tax reduction and exemption; tax reduction or exemption; tax relief	shui4 juan1 jian3 mian3	tax	待核查	TW	unclassified	憲法法庭書記廳		tw-judicial:1458	tw-judicial-07c4504b7c549061bf21	OGDL-Taiwan-1.0	source_attributed			
税捐扣除额	稅捐扣除額	tax deduction	shui4 juan1 kou4 chu2 e2	tax	待核查	TW	unclassified	憲法法庭書記廳		tw-judicial:1457	tw-judicial-439f492489995205f24b	OGDL-Taiwan-1.0	source_attributed			
税捐机关	稅捐機關	tax authority	shui4 juan1 ji1 guan1	tax	待核查	TW	unclassified	憲法法庭書記廳		tw-judicial:1462	tw-judicial-e128e270245a865a429a	OGDL-Taiwan-1.0	source_attributed			
税捐稽征	稅捐稽徵	tax collection	shui4 juan1 ji1 zheng1	tax	待核查	TW	unclassified	憲法法庭書記廳		tw-judicial:1459	tw-judicial-61a2b5153deee40e30e6	OGDL-Taiwan-1.0	source_attributed			
税捐稽征机关	稅捐稽徵機關	taxing authority	shui4 juan1 ji1 zheng1 ji1 guan1	tax	待核查	TW	unclassified	憲法法庭書記廳		tw-judicial:1461	tw-judicial-a9b90d480dcda6b13b3c	OGDL-Taiwan-1.0	source_attributed			
税捐稽征法	稅捐稽徵法	Tax Collection Act	shui4 juan1 ji1 zheng1 fa3	tax	待核查	TW	statute	憲法法庭書記廳		tw-judicial:1460	tw-judicial-5dbcf1a695f27ff5eaa5	OGDL-Taiwan-1.0	source_attributed			
税款	稅款	tax payment	shui4 kuan3	tax	待核查	TW	unclassified	憲法法庭書記廳		tw-judicial:1464	tw-judicial-30719e567414f93ada12	OGDL-Taiwan-1.0	source_attributed			
税率	稅率	tax rate	shui4 lv4	tax	待核查	TW	unclassified	憲法法庭書記廳		tw-judicial:1463	tw-judicial-a4ddb705f07fd0803d4c	OGDL-Taiwan-1.0	source_attributed			
税目	稅目	tax denomination; tax denominations	shui4 mu4	tax	待核查	TW	unclassified	憲法法庭書記廳		tw-judicial:1454	tw-judicial-aab52eb3b32689d75f72	OGDL-Taiwan-1.0	source_attributed			
税负公平	稅負公平	fair taxation	shui4 fu4 gong1 ping2	tax	待核查	TW	unclassified	憲法法庭書記廳		tw-judicial:1456	tw-judicial-039c45186457b3327b71	OGDL-Taiwan-1.0	source_attributed			
稽征机关	稽徵機關	tax collection office; taxing authority	ji1 zheng1 ji1 guan1	unclassified	待核查	TW	unclassified	憲法法庭書記廳		tw-judicial:1827	tw-judicial-6321a51bc1ec424b3e24	OGDL-Taiwan-1.0	source_attributed			
稽征资料	稽徵資料	tax assessment data	ji1 zheng1 zi1 liao4	unclassified	待核查	TW	unclassified	憲法法庭書記廳		tw-judicial:1826	tw-judicial-1bb1501553575d350a11	OGDL-Taiwan-1.0	source_attributed			
空军服制条例	空軍服制條例	Air Force Uniforms Act	kong1 jun1 fu2 zhi4 tiao2 li4	unclassified	待核查	TW	statute	憲法法庭書記廳		tw-judicial:833	tw-judicial-adef7c5e45ab0c65434a	OGDL-Taiwan-1.0	source_attributed			
空气污染物	空氣污染物	air pollutants	kong1 qi4 wu1 ran3 wu4	unclassified	待核查	TW	unclassified	憲法法庭書記廳		tw-judicial:835	tw-judicial-1958f6c5bc0dbc309cfd	OGDL-Taiwan-1.0	source_attributed			
空气污染防制法	空氣污染防制法	Air Pollution Control Act	kong1 qi4 wu1 ran3 fang2 zhi4 fa3	unclassified	待核查	TW	statute	憲法法庭書記廳		tw-judicial:834	tw-judicial-c47d2cb8e7c7881a266f	OGDL-Taiwan-1.0	source_attributed			
窃盗犯赃物犯保安处分条例	竊盜犯贓物犯保安處分條例	Rehabilitative Measures for Burglar and Fence Criminals Act	qie4 dao4 fan4 zang1 wu4 fan4 bao3 an1 chu3 fen4 tiao2 li4	unclassified	待核查	TW	statute	憲法法庭書記廳		tw-judicial:2106	tw-judicial-79b5f2418370361bcde3	OGDL-Taiwan-1.0	source_attributed			
立体商标	立體商標	three-dimensional trademark	li4 ti3 shang1 biao1	intellectual_property	待核查	TW	unclassified	A13070000G		tw-tipo-trademark:556	tw-tipo-trademark-3fe51a8a75b667ae3800	OGDL-Taiwan-1.0	source_attributed			
立即救护	立即救護	immediate assistance	li4 ji2 jiu4 hu4	unclassified	待核查	TW	unclassified	憲法法庭書記廳		tw-judicial:409	tw-judicial-17144d3d8f102228fbe9	OGDL-Taiwan-1.0	source_attributed			
立据的	立據的	probative	li4 ju4 de5	intellectual_property	待核查	TW	unclassified	A13070000G		tw-tipo-trademark:438	tw-tipo-trademark-0c8b89c05d78d09a345c	OGDL-Taiwan-1.0	source_attributed			
立据的事实	立據的事實	probative facts	li4 ju4 de5 shi4 shi2	intellectual_property	待核查	TW	unclassified	A13070000G		tw-tipo-trademark:439	tw-tipo-trademark-415e24f4eefaf4ee7a92	OGDL-Taiwan-1.0	source_attributed			
立法	立法	legislation	li4 fa3	unclassified	待核查	TW	unclassified	憲法法庭書記廳		tw-judicial:410	tw-judicial-1ea8a2be6ace37653e47	OGDL-Taiwan-1.0	source_attributed			
立法委员	立法委員	Legislator; Member of the Legislative Yuan; members of the Legislature	li4 fa3 wei3 yuan2	unclassified	待核查	TW	unclassified	憲法法庭書記廳		tw-judicial:412	tw-judicial-75a400d5ae2bfb0bac06	OGDL-Taiwan-1.0	source_attributed			
立法委员暨监察委员岁费公费支给暂行条例	立法委員暨監察委員歲費公費支給暫行條例	Provisional Act Governing Legislators’ and Ombudsmen’s Annual Pay and Pay for Duty- Related Expenses	li4 fa3 wei3 yuan2 ji4 jian1 cha2 wei3 yuan2 sui4 fei4 gong1 fei4 zhi1 gei3 zan4 xing2 tiao2 li4	unclassified	待核查	TW	statute	憲法法庭書記廳		tw-judicial:413	tw-judicial-80123dd250542986d077	OGDL-Taiwan-1.0	source_attributed			
立法授权	立法授權	legislative delegation	li4 fa3 shou4 quan2	unclassified	待核查	TW	unclassified	憲法法庭書記廳		tw-judicial:417	tw-judicial-9bc5a10c6801a60f0ccf	OGDL-Taiwan-1.0	source_attributed			
立法机关	立法機關	legislative body	li4 fa3 ji1 guan1	unclassified	待核查	TW	unclassified	憲法法庭書記廳		tw-judicial:419	tw-judicial-3ef9485e7990e20392b5	OGDL-Taiwan-1.0	source_attributed			
立法权	立法權	legislative power	li4 fa3 quan2	unclassified	待核查	TW	unclassified	憲法法庭書記廳		tw-judicial:420	tw-judicial-f6f8aacb2c0c1cc518f4	OGDL-Taiwan-1.0	source_attributed			
立法目的	立法目的	legislative purposes	li4 fa3 mu4 di4	unclassified	待核查	TW	unclassified	憲法法庭書記廳		tw-judicial:411	tw-judicial-3c454b84bcc564f6520c	OGDL-Taiwan-1.0	source_attributed			
立法裁量	立法裁量	legislative discretion	li4 fa3 cai2 liang4	unclassified	待核查	TW	unclassified	憲法法庭書記廳		tw-judicial:418	tw-judicial-d55d7343a50e51f8af8e	OGDL-Taiwan-1.0	source_attributed			
立法院	立法院	Legislative Yuan	li4 fa3 yuan4	dispute_resolution	待核查	TW	institution	憲法法庭書記廳		tw-judicial:414	tw-judicial-c2ce63b2be8132175b7a	OGDL-Taiwan-1.0	source_attributed			
立法院立法委员选举罢免法	立法院立法委員選舉罷免法	Legislator Election and Recall Act	li4 fa3 yuan4 li4 fa3 wei3 yuan2 xuan3 ju3 ba4 mian3 fa3	dispute_resolution	待核查	TW	statute	憲法法庭書記廳		tw-judicial:415	tw-judicial-552916d6cf026a3f0940	OGDL-Taiwan-1.0	source_attributed			
立法院职权行使法	立法院職權行使法	Legislative Yuan Functioning Act	li4 fa3 yuan4 zhi2 quan2 xing2 shi3 fa3	dispute_resolution	待核查	TW	statute	憲法法庭書記廳		tw-judicial:416	tw-judicial-f8c6c882d4404126f400	OGDL-Taiwan-1.0	source_attributed			
竞业限制	競業限制	non-compete restriction	jing4 ye4 xian4 zhi4	employment	CN	INTERNATIONAL	term	中华人民共和国劳动合同法（2012修正）	适用人员限于高级管理人员、高级技术人员和其他负有保密义务人员；约定不得违法，解除或终止劳动合同后的竞业限制期限不得超过二年。	oll-cn-admin-labor:cn-labor-noncompete	cn-labor-noncompete	CC-BY-4.0	project_authored	用人单位与特定负有保密义务的劳动者依法约定，在劳动合同解除或终止后一定范围、地域和期限内限制其从事竞争业务的安排。	项目释译，非官方译文；non-compete restriction 用于劳动合同法语境，不表示所有竞业限制约定当然有效。	中华人民共和国劳动合同法（2012修正） 第23,24条 https://fgk.chinatax.gov.cn/zcfgk/c100009/c5193025/content.html
竞业限制经济补偿	競業限制經濟補償	economic compensation for a non-compete restriction	jing4 ye4 xian4 zhi4 jing1 ji4 bu3 chang2	employment	CN	INTERNATIONAL	term	中华人民共和国劳动合同法（2012修正）	第二十三条把离职后的按月经济补偿与竞业限制约定相联系；它与第四十六、四十七条所称解除或终止劳动合同的法定经济补偿不是同一语境。	oll-cn-admin-labor:cn-labor-noncompete-compensation	cn-labor-noncompete-compensation	CC-BY-4.0	project_authored	劳动合同解除或者终止后，在约定竞业限制期限内由用人单位按约定按月向受限制劳动者支付的经济补偿。	项目释译，非官方译文；为避免与一般 statutory economic compensation 混同，英文显式带 non-compete restriction。	中华人民共和国劳动合同法（2012修正） 第23条 https://fgk.chinatax.gov.cn/zcfgk/c100009/c5193025/content.html
竞选连任	競選連任	campaigning for re-election	jing4 xuan3 lian2 ren4	unclassified	待核查	TW	unclassified	憲法法庭書記廳		tw-judicial:2072	tw-judicial-815174847740b60c1ca4	OGDL-Taiwan-1.0	source_attributed			
端正政风行动方案	端正政風行動方案	Well-formed Government Ethics Program	duan1 zheng4 zheng4 feng1 xing2 dong4 fang1 an4	unclassified	待核查	TW	unclassified	政風處		tw-judicial:1674	tw-judicial-671caa6620b3791afdf1	OGDL-Taiwan-1.0	source_attributed			
第一审法院（地方法院）	第一審法院（地方法院）	court of the first instance / District Court		dispute_resolution	待核查	TW	unclassified	民事廳		tw-judicial:1294	tw-judicial-089ed759051bbd4166b2	OGDL-Taiwan-1.0	source_attributed			
第一届国民大会代表出缺递补补充条例	第一屆國民大會代表出缺遞補補充條例	Act Governing Replacement of Any Vacant Seat of the First Term National Assembly	di4 yi1 jie4 guo2 min2 da4 hui4 dai4 biao3 chu1 que1 di4 bu3 bu3 chong1 tiao2 li4	unclassified	待核查	TW	statute	憲法法庭書記廳		tw-judicial:1292	tw-judicial-3d701a500af092ff6094	OGDL-Taiwan-1.0	source_attributed			
第一科	第一科	First Section	di4 yi1 ke1	unclassified	待核查	TW	unclassified	司法行政廳		tw-judicial:1293	tw-judicial-318e8d76aa4d3928e78f	OGDL-Taiwan-1.0	source_attributed			
第三人	第三人	Third Party	di4 san1 ren2	unclassified	待核查	TW	unclassified	民事廳		tw-judicial:1298	tw-judicial-ba9697a9c0c93e3fd1a7	OGDL-Taiwan-1.0	source_attributed			
第三人	第三人	third party	di4 san1 ren2	intellectual_property	待核查	TW	unclassified	A13070000G		tw-tipo-trademark:554	tw-tipo-trademark-9eed2463bbf08ab38564	OGDL-Taiwan-1.0	source_attributed			
第三人异议	第三人異議	observations	di4 san1 ren2 yi4 yi4	intellectual_property	待核查	TW	unclassified	A13070000G		tw-tipo-trademark:376	tw-tipo-trademark-4b53be8fc52fcf29a879	OGDL-Taiwan-1.0	source_attributed			
第三审	第三審	third instance	di4 san1 shen3	unclassified	待核查	TW	unclassified	憲法法庭書記廳		tw-judicial:1300	tw-judicial-b0e7e5f0d7476bcc10b0	OGDL-Taiwan-1.0	source_attributed			
第三审法院	第三審法院	third instance	di4 san1 shen3 fa3 yuan4	dispute_resolution	待核查	TW	institution	憲法法庭書記廳		tw-judicial:1301	tw-judicial-100b3762b5057f3472be	OGDL-Taiwan-1.0	source_attributed			
第三审法院（最高法院）	第三審法院（最高法院）	court of the third instance / highest appellate court / Supreme Court		dispute_resolution	待核查	TW	unclassified	民事廳		tw-judicial:1302	tw-judicial-ca9513ba1b69d5cc5743	OGDL-Taiwan-1.0	source_attributed			
第三科	第三科	Third Section	di4 san1 ke1	unclassified	待核查	TW	unclassified	司法行政廳		tw-judicial:1299	tw-judicial-55bfd401e490f7a0fbe6	OGDL-Taiwan-1.0	source_attributed			
第二审	第二審	second instance	di4 er4 shen3	unclassified	待核查	TW	unclassified	憲法法庭書記廳		tw-judicial:1296	tw-judicial-09af9501f41ec9e3b46d	OGDL-Taiwan-1.0	source_attributed			
第二审法院（高等法院）	第二審法院（高等法院）	court of the second instance / Appellate Court		dispute_resolution	待核查	TW	unclassified	民事廳		tw-judicial:1297	tw-judicial-30803f6b3983ee9d48b8	OGDL-Taiwan-1.0	source_attributed			
第二层意义	第二層意義	secondary meaning	di4 er4 ceng2 yi4 yi4	intellectual_property	待核查	TW	unclassified	A13070000G		tw-tipo-trademark:505	tw-tipo-trademark-3fda3e5d324ed7e610b3	OGDL-Taiwan-1.0	source_attributed			
第二来源	第二來源	secondary source	di4 er4 lai2 yuan2	intellectual_property	待核查	TW	unclassified	A13070000G		tw-tipo-trademark:506	tw-tipo-trademark-3666c9095b79a22fd1a0	OGDL-Taiwan-1.0	source_attributed			
第二科	第二科	Second Section	di4 er4 ke1	unclassified	待核查	TW	unclassified	司法行政廳		tw-judicial:1295	tw-judicial-67f20b92a55101a0837b	OGDL-Taiwan-1.0	source_attributed			
第五科	第五科	Fifth Section	di4 wu3 ke1	unclassified	待核查	TW	unclassified	司法行政廳		tw-judicial:1303	tw-judicial-94c737216bb9ed965ffa	OGDL-Taiwan-1.0	source_attributed			
第六科	第六科	Sixth Section	di4 liu4 ke1	unclassified	待核查	TW	unclassified	司法行政廳		tw-judicial:1304	tw-judicial-e59dbce2b4068f39d87c	OGDL-Taiwan-1.0	source_attributed			
第四科	第四科	Fourth Section	di4 si4 ke1	unclassified	待核查	TW	unclassified	司法行政廳		tw-judicial:1305	tw-judicial-f13d4861eaa7f183645c	OGDL-Taiwan-1.0	source_attributed			
签名	簽名	signature	qian1 ming2	intellectual_property	待核查	TW	unclassified	A13070000G		tw-tipo-trademark:511	tw-tipo-trademark-ba051d3bd5fe8a06caca	OGDL-Taiwan-1.0	source_attributed			
简任秘书	簡任秘書	Senior Secretary	jian3 ren4 mi4 shu1	unclassified	待核查	TW	unclassified	司法行政廳		tw-judicial:2000	tw-judicial-5793d04018578c325b99	OGDL-Taiwan-1.0	source_attributed			
简报室	簡報室	Briefing Room	jian3 bao4 shi4	unclassified	待核查	TW	unclassified	司法行政廳		tw-judicial:2002	tw-judicial-bf7664da3d0e92af4984	OGDL-Taiwan-1.0	source_attributed			
简易庭纪录科	簡易庭紀錄科	Summary Division Recording Section	jian3 yi4 ting2 ji4 lu4 ke1	unclassified	待核查	TW	unclassified	司法行政廳		tw-judicial:2001	tw-judicial-a32834d9da060c295eff	OGDL-Taiwan-1.0	source_attributed			
简易计税方法	簡易計稅方法	simplified VAT calculation method	jian3 yi4 ji4 shui4 fang1 fa3	tax	CN	INTERNATIONAL	term	中华人民共和国增值税法（2024通过）	第八条规定小规模纳税人可以采用简易计税方法；第十一条规定法定征收率，第十四条规定计算方式。不能把“简易计税”与“免税”混同。	oll-cn-tax-trade:cn-vat-simplified-calculation-method	cn-vat-simplified-calculation-method	CC-BY-4.0	project_authored	按照销售额乘以征收率计算增值税应纳税额的简化计税方法。	项目释译，非官方译文；simplified VAT calculation method 与一般计税方法相对。	中华人民共和国增值税法（2024通过） 第8,11,14条 https://fgk.chinatax.gov.cn/zcfgk/c100009/c5237365/content.html
简短醒目的广告语	簡短醒目的廣告語	slogan	jian3 duan3 xing3 mu4 di4 guang3 gao4 yu3	intellectual_property	待核查	TW	unclassified	A13070000G		tw-tipo-trademark:517	tw-tipo-trademark-04f366a8deae6860314d	OGDL-Taiwan-1.0	source_attributed			
管收	管收	take into custody	guan3 shou1	unclassified	待核查	TW	unclassified	少年及家事廳		tw-judicial:1675	tw-judicial-dc3a60341e9821020805	OGDL-Taiwan-1.0	source_attributed			
管理外汇条例	管理外匯條例	Foreign Exchange Regulation Act	guan3 li3 wai4 hui4 tiao2 li4	unclassified	待核查	TW	statute	憲法法庭書記廳		tw-judicial:1676	tw-judicial-100f1dd46138a0a24dd1	OGDL-Taiwan-1.0	source_attributed			
管理师	管理師	Systems Coordinator	guan3 li3 shi1	unclassified	待核查	TW	unclassified	司法行政廳		tw-judicial:1677	tw-judicial-8daa0cecb0e4e08b17d8	OGDL-Taiwan-1.0	source_attributed			
管辖权	管轄權	jurisdiction	guan3 xia2 quan2	intellectual_property	待核查	TW	unclassified	A13070000G		tw-tipo-trademark:332	tw-tipo-trademark-aced61c1f5ce3eb27172	OGDL-Taiwan-1.0	source_attributed			
类名	類名	generic term	lei4 ming2	intellectual_property	待核查	TW	unclassified	A13070000G		tw-tipo-trademark:254	tw-tipo-trademark-a9b45abde432c0f944c1	OGDL-Taiwan-1.0	source_attributed			
类型	類型	type	lei4 xing2	intellectual_property	待核查	TW	unclassified	A13070000G		tw-tipo-trademark:574	tw-tipo-trademark-ec521fcfaa65764b7dd2	OGDL-Taiwan-1.0	source_attributed			
粮食管理法	糧食管理法	Food Administration Act	liang2 shi2 guan3 li3 fa3	unclassified	待核查	TW	statute	憲法法庭書記廳		tw-judicial:2003	tw-judicial-9a3132357f6db5761fe7	OGDL-Taiwan-1.0	source_attributed			
系列商标、家族商标	系列商標、家族商標	family mark		intellectual_property	待核查	TW	unclassified	A13070000G		tw-tipo-trademark:214	tw-tipo-trademark-eef680a00590a8199ffe	OGDL-Taiwan-1.0	source_attributed			
系统分析师	系統分析師	Computer Systems Analyst	xi4 tong3 fen1 xi1 shi1	unclassified	待核查	TW	unclassified	司法行政廳		tw-judicial:674	tw-judicial-90f045929175f92c6375	OGDL-Taiwan-1.0	source_attributed			
系统工程师	系統工程師	Computer Systems Engineer	xi4 tong3 gong1 cheng2 shi1	unclassified	待核查	TW	unclassified	司法行政廳		tw-judicial:673	tw-judicial-18bbf15f053493462be2	OGDL-Taiwan-1.0	source_attributed			
紧急命令	緊急命令	emergency decrees	jin3 ji2 ming4 ling4	unclassified	待核查	TW	unclassified	憲法法庭書記廳		tw-judicial:1679	tw-judicial-1c5eede60139b3613b44	OGDL-Taiwan-1.0	source_attributed			
累犯	累犯	recidivist	lei4 fan4	unclassified	待核查	TW	unclassified	憲法法庭書記廳		tw-judicial:1317	tw-judicial-be8296bb8659fb426422	OGDL-Taiwan-1.0	source_attributed			
约束、使负义务	約束、使負義務	bind		intellectual_property	待核查	TW	unclassified	A13070000G		tw-tipo-trademark:50	tw-tipo-trademark-c8626b17bc6a210ba986	OGDL-Taiwan-1.0	source_attributed			
纳税主体	納稅主體	taxpaying bodies; taxpaying body	na4 shui4 zhu3 ti3	tax	待核查	TW	unclassified	憲法法庭書記廳		tw-judicial:1075	tw-judicial-5d433275e2e0bbd3fbc0	OGDL-Taiwan-1.0	source_attributed			
纳税义务	納稅義務	duty of tax payment	na4 shui4 yi4 wu4	tax	待核查	TW	unclassified	憲法法庭書記廳		tw-judicial:1076	tw-judicial-24769a2d3bec55ed2d50	OGDL-Taiwan-1.0	source_attributed			
纳税义务人	納稅義務人	taxpayer	na4 shui4 yi4 wu4 ren2	tax	待核查	TW	unclassified	憲法法庭書記廳		tw-judicial:1077	tw-judicial-cb27751074c8b18bed81	OGDL-Taiwan-1.0	source_attributed			
纳税方法	納稅方法	method of tax payment	na4 shui4 fang1 fa3	tax	待核查	TW	statute	憲法法庭書記廳		tw-judicial:1074	tw-judicial-d88eb5829db489faf4d7	OGDL-Taiwan-1.0	source_attributed			
线条或点彩	線條或點彩	Lining or stippling	xian4 tiao2 huo4 dian3 cai3	intellectual_property	待核查	TW	unclassified	A13070000G		tw-tipo-trademark:345	tw-tipo-trademark-c86ab8622cac28a104f1	OGDL-Taiwan-1.0	source_attributed			
组员	組員	Officer	zu3 yuan2	unclassified	待核查	TW	unclassified	司法行政廳		tw-judicial:1313	tw-judicial-2b1ef5d9a543b0bca08b	OGDL-Taiwan-1.0	source_attributed			
组织型态之犯罪活动	組織型態之犯罪活動	criminal activities of an organized pattern	zu3 zhi1 xing2 tai4 zhi1 fan4 zui4 huo2 dong4	criminal	待核查	TW	unclassified	憲法法庭書記廳		tw-judicial:1316	tw-judicial-15c8fe72763a5f87b153	OGDL-Taiwan-1.0	source_attributed			
组织犯罪	組織犯罪	organized crime	zu3 zhi1 fan4 zui4	criminal	待核查	TW	unclassified	憲法法庭書記廳		tw-judicial:1314	tw-judicial-ae5773bd0dac4f2a3fd7	OGDL-Taiwan-1.0	source_attributed			
组织犯罪防制条例	組織犯罪防制條例	Organized Crime Prevention Act	zu3 zhi1 fan4 zui4 fang2 zhi4 tiao2 li4	criminal	待核查	TW	statute	憲法法庭書記廳		tw-judicial:1315	tw-judicial-27c95f5eeea7e0532a30	OGDL-Taiwan-1.0	source_attributed			
组长	組長	Division Chief	zu3 zhang3	unclassified	待核查	TW	unclassified	司法行政廳		tw-judicial:1312	tw-judicial-71ec311ebf0628d7048c	OGDL-Taiwan-1.0	source_attributed			
终审法院	終審法院	court of last resort	zhong1 shen3 fa3 yuan4	dispute_resolution	待核查	TW	institution	憲法法庭書記廳		tw-judicial:1321	tw-judicial-17e5795d3aeda3baa494	OGDL-Taiwan-1.0	source_attributed			
终结	終結	Terminated	zhong1 jie2	unclassified	待核查	TW	unclassified	統計處		tw-judicial:1318	tw-judicial-c869e88219b5981012ab	OGDL-Taiwan-1.0	source_attributed			
终结事件平均一件所需日数	終結事件平均一件所需日數	Average Number of Days to Close a Case	zhong1 jie2 shi4 jian4 ping2 jun1 yi1 jian4 suo3 xu1 ri4 shu4	unclassified	待核查	TW	unclassified	統計處		tw-judicial:1320	tw-judicial-ce122f6952ab130f1ff4	OGDL-Taiwan-1.0	source_attributed			
终结件数	終結件數	Cases Closed	zhong1 jie2 jian4 shu4	unclassified	待核查	TW	unclassified	統計處		tw-judicial:1319	tw-judicial-1b9cfee3c6dd24ff3e0a	OGDL-Taiwan-1.0	source_attributed			
经济补偿	經濟補償	statutory economic compensation	jing1 ji4 bu3 chang2	employment	CN	INTERNATIONAL	term	中华人民共和国劳动合同法（2012修正）	第四十六条规定触发情形，第四十七条以劳动者在本单位工作年限和月工资等因素规定基本计算方法；不要与竞业限制期间按月支付的经济补偿混同。	oll-cn-admin-labor:cn-labor-economic-compensation	cn-labor-economic-compensation	CC-BY-4.0	project_authored	在劳动合同解除或终止的法定情形下，用人单位依法向劳动者支付的补偿。	项目释译，非官方译文；采用 statutory economic compensation 保留中国法制度特征，severance pay 可作语境性近似但并非完全等同。	中华人民共和国劳动合同法（2012修正） 第46,47条 https://fgk.chinatax.gov.cn/zcfgk/c100009/c5193025/content.html
经济部所属事业人员退休抚恤及资遣办法	經濟部所屬事業人員退休撫卹及資遣辦法	Regulations Governing the Pension and Severance Payment of Ministry-of-Economics-Operated Enterprise Employees	jing1 ji4 bu4 suo3 shu3 shi4 ye4 ren2 yuan2 tui4 xiu1 fu3 xu4 ji2 zi1 qian3 ban4 fa3	unclassified	待核查	TW	statute	憲法法庭書記廳		tw-judicial:1570	tw-judicial-2fef83d2345e18dd79ea	OGDL-Taiwan-1.0	source_attributed			
经济部智慧财产局组织条例	經濟部智慧財產局組織條例	Act of the Organization of Intellectual Property Office, Ministry of Economic Affairs	jing1 ji4 bu4 zhi4 hui4 cai2 chan3 ju2 zu3 zhi1 tiao2 li4	intellectual_property	待核查	TW	statute	憲法法庭書記廳		tw-judicial:1571	tw-judicial-ecd2ebcb8c2afdafca92	OGDL-Taiwan-1.0	source_attributed			
经理	經理	manager	jing1 li3	unclassified	待核查	TW	unclassified	憲法法庭書記廳		tw-judicial:1568	tw-judicial-a3417d8b261eba1db59a	OGDL-Taiwan-1.0	source_attributed			
经理人	經理人	manager	jing1 li3 ren2	unclassified	待核查	TW	unclassified	憲法法庭書記廳		tw-judicial:1569	tw-judicial-773b8296862657ab70fc	OGDL-Taiwan-1.0	source_attributed			
经签署之宣誓书	經簽署之宣誓書	signed declaration of affidavit	jing1 qian1 shu3 zhi1 xuan1 shi4 shu1	intellectual_property	待核查	TW	unclassified	A13070000G		tw-tipo-trademark:18	tw-tipo-trademark-3bba104074bf624bf61f	OGDL-Taiwan-1.0	source_attributed			
经营者	經營者	business operator	jing1 ying2 zhe3	competition	CN	INTERNATIONAL	role	中华人民共和国反垄断法（2022修正）	本定义服务于反垄断法适用范围，不只指公司。	oll-cn-core:cn-business-operator	cn-business-operator	CC-BY-4.0	project_authored	从事商品生产、经营或提供服务的自然人、法人和非法人组织。	项目释译，非官方译文；英文限定反垄断法语境，不是软件操作员。	中华人民共和国反垄断法（2022修正） 第15条 https://www.csrc.gov.cn/beijing/c105536/c7431869/content.shtml
经营者集中	經營者集中	concentration of business operators	jing1 ying2 zhe3 ji2 zhong1	competition,m_and_a	CN	INTERNATIONAL	term	中华人民共和国反垄断法（2022修正）	集中不限于公司合并，也可能来自合同或其他控制安排。	oll-cn-core:cn-concentration	cn-concentration	CC-BY-4.0	project_authored	经营者合并，或通过股权、资产、合同等取得控制权或决定性影响的情形。	项目释译，非官方译文；本法术语比日常意义的 merger 范围更广。	中华人民共和国反垄断法（2022修正） 第25条 https://www.csrc.gov.cn/beijing/c105536/c7431869/content.shtml
经营者集中申报	經營者集中申報	notification of a concentration	jing1 ying2 zhe3 ji2 zhong1 shen1 bao4	competition,m_and_a	CN	INTERNATIONAL	term	中华人民共和国反垄断法（2022修正）	达到申报标准须事前申报；未达标准但有排除、限制竞争效果证据时，机关也可要求申报。	oll-cn-core:cn-concentration-notification	cn-concentration-notification	CC-BY-4.0	project_authored	经营者依反垄断法向执法机构申报集中交易的程序。	项目释译，非官方译文；本条不列具体营业额标准，不把旧标准写入词义。	中华人民共和国反垄断法（2022修正） 第26条 https://www.csrc.gov.cn/beijing/c105536/c7431869/content.shtml
经证实的	經證實的	verified	jing1 zheng4 shi2 de5	intellectual_property	待核查	TW	unclassified	A13070000G		tw-tipo-trademark:600	tw-tipo-trademark-fed8f83fae5c5dfc9a21	OGDL-Taiwan-1.0	source_attributed			
经过异议期间	經過異議期間	to go through the opposition period	jing1 guo4 yi4 yi4 qi1 jian1	intellectual_property	待核查	TW	unclassified	A13070000G		tw-tipo-trademark:387	tw-tipo-trademark-10bed70955f6aa8a8dcb	OGDL-Taiwan-1.0	source_attributed			
经验法则	經驗法則	rule of thumb (erfahrungsmasig)	jing1 yan4 fa3 ze2	unclassified	待核查	TW	unclassified	憲法法庭書記廳		tw-judicial:1572	tw-judicial-a00a152dca586c734c73	OGDL-Taiwan-1.0	source_attributed			
结婚自由权利;婚姻自由	結婚自由權利;婚姻自由	freedom of marriage		family	待核查	TW	unclassified	憲法法庭書記廳		tw-judicial:1466	tw-judicial-58bc38c63a29674c4b44	OGDL-Taiwan-1.0	source_attributed			
结社自由	結社自由	freedom of association	jie2 she4 zi4 you2	unclassified	待核查	TW	unclassified	憲法法庭書記廳		tw-judicial:1465	tw-judicial-2691c9e1210459274329	OGDL-Taiwan-1.0	source_attributed			
结算申报	結算申報	filing final tax return; filing of final tax return	jie2 suan4 shen1 bao4	unclassified	待核查	TW	unclassified	憲法法庭書記廳		tw-judicial:1467	tw-judicial-66964cf2fabe154c02d6	OGDL-Taiwan-1.0	source_attributed			
给与权利（或资格）	給與權利（或資格）	be entitled to		intellectual_property	待核查	TW	unclassified	A13070000G		tw-tipo-trademark:187	tw-tipo-trademark-af3a7e14e0595fcc7709	OGDL-Taiwan-1.0	source_attributed			
给与权利（或资格）	給與權利（或資格）	entitle		intellectual_property	待核查	TW	unclassified	A13070000G		tw-tipo-trademark:186	tw-tipo-trademark-c3713445dc3be8f58273	OGDL-Taiwan-1.0	source_attributed			
给付性	給付性	compensatory	ji3 fu4 xing4	unclassified	待核查	TW	unclassified	憲法法庭書記廳		tw-judicial:1469	tw-judicial-d38df837f894d4cf58bd	OGDL-Taiwan-1.0	source_attributed			
给付行政	給付行政	Leistungsverwaltung	ji3 fu4 xing2 zheng4	administrative	待核查	TW	unclassified	憲法法庭書記廳		tw-judicial:1468	tw-judicial-7adcf6de2db61ebe8eda	OGDL-Taiwan-1.0	source_attributed			
给付诉讼	給付訴訟	proceeding for payment or performance	ji3 fu4 su4 song4	dispute_resolution	待核查	TW	unclassified	憲法法庭書記廳		tw-judicial:1470	tw-judicial-4f41db5db5a93c171fa6	OGDL-Taiwan-1.0	source_attributed			
绝对事由	絕對事由	absolute ground	jue2 dui4 shi4 you2	intellectual_property	待核查	TW	unclassified	A13070000G		tw-tipo-trademark:5 | tw-tipo-trademark:270	tw-tipo-trademark-9a53a5175e403c1238ed	OGDL-Taiwan-1.0	source_attributed			
统一发票	統一發票	uniform invoice	tong3 yi1 fa1 piao4	unclassified	待核查	TW	unclassified	憲法法庭書記廳		tw-judicial:1306	tw-judicial-31e59e1e469f287fcc99	OGDL-Taiwan-1.0	source_attributed			
统一发票使用办法	統一發票使用辦法	Regulations Governing the Use of Uniform Invoices	tong3 yi1 fa1 piao4 shi3 yong4 ban4 fa3	unclassified	待核查	TW	statute	憲法法庭書記廳		tw-judicial:1307	tw-judicial-53ee2e6c38b0444441c0	OGDL-Taiwan-1.0	source_attributed			
统一网域名称争议解决政策	統一網域名稱爭議解決政策	Uniform Domain Dispute Resolution Policy (UDRP)	tong3 yi1 wang3 yu4 ming2 cheng1 zheng1 yi4 jie3 jue2 zheng4 ce4	intellectual_property	待核查	TW	unclassified	A13070000G		tw-tipo-trademark:583	tw-tipo-trademark-d3044b9c29ed6efd2c73	OGDL-Taiwan-1.0	source_attributed			
统一解释	統一解釋	uniform interpretation	tong3 yi1 jie3 shi4	unclassified	待核查	TW	unclassified	憲法法庭書記廳		tw-judicial:1308	tw-judicial-03707f43b5bbdc935975	OGDL-Taiwan-1.0	source_attributed			
统计处	統計處	Department of Statistics	tong3 ji4 chu4	unclassified	待核查	TW	unclassified	司法行政廳		tw-judicial:1311	tw-judicial-64ea41eeed521c6dc140	OGDL-Taiwan-1.0	source_attributed			
统计室	統計室	Statistics Office	tong3 ji4 shi4	unclassified	待核查	TW	unclassified	司法行政廳		tw-judicial:1310	tw-judicial-61a30cae4c14eefbfd7c	OGDL-Taiwan-1.0	source_attributed			
统计法	統計法	Statistics Act	tong3 ji4 fa3	unclassified	待核查	TW	unclassified	憲法法庭書記廳		tw-judicial:1309	tw-judicial-7baa124ca1615e21f809	OGDL-Taiwan-1.0	source_attributed			
继承	繼承	inheritance	ji4 cheng2	family	待核查	TW	unclassified	憲法法庭書記廳		tw-judicial:2073	tw-judicial-1d8ec99a54c4d6c6f864	OGDL-Taiwan-1.0	source_attributed			
继承人	繼承人	inheritor	ji4 cheng2 ren2	family	待核查	TW	unclassified	憲法法庭書記廳		tw-judicial:2074	tw-judicial-a8ddaa7a886bc7339aee	OGDL-Taiwan-1.0	source_attributed			
继承原因	繼承原因	cause of inheritance	ji4 cheng2 yuan2 yin1	family	待核查	TW	unclassified	憲法法庭書記廳		tw-judicial:2076	tw-judicial-36208ca383b615559aaa	OGDL-Taiwan-1.0	source_attributed			
继承回复请求权	繼承回復請求權	claim for restitution of inheritance	ji4 cheng2 hui2 fu4 qing3 qiu2 quan2	family	待核查	TW	unclassified	憲法法庭書記廳		tw-judicial:2075	tw-judicial-e7b45f97af54a8aa6417	OGDL-Taiwan-1.0	source_attributed			
继承权	繼承權	right of inheritance	ji4 cheng2 quan2	family	待核查	TW	unclassified	憲法法庭書記廳		tw-judicial:2078	tw-judicial-49ea1ba3a4101850beba	OGDL-Taiwan-1.0	source_attributed			
继承财产	繼承財產	estate of inheritance	ji4 cheng2 cai2 chan3	family	待核查	TW	unclassified	憲法法庭書記廳		tw-judicial:2077	tw-judicial-1d8f91e8913f954b1724	OGDL-Taiwan-1.0	source_attributed			
继续、连续	繼續、連續	continuation		unclassified	待核查	TW	unclassified	憲法法庭書記廳		tw-judicial:2079	tw-judicial-c8440f1aa89d2e0573d7	OGDL-Taiwan-1.0	source_attributed			
继续审判	繼續審判	further proceedings	ji4 xu4 shen3 pan4	dispute_resolution	待核查	TW	unclassified	憲法法庭書記廳		tw-judicial:2081	tw-judicial-bde56589786a15a969dd	OGDL-Taiwan-1.0	source_attributed			
继续犯	繼續犯	continuous offenses	ji4 xu4 fan4	unclassified	待核查	TW	unclassified	憲法法庭書記廳		tw-judicial:2080	tw-judicial-4f19f421012983fc185a	OGDL-Taiwan-1.0	source_attributed			
绰号	綽號	nickname	chuo4 hao4	intellectual_property	待核查	TW	unclassified	A13070000G		tw-tipo-trademark:371	tw-tipo-trademark-bb49b87af84aa66aa8a3	OGDL-Taiwan-1.0	source_attributed			
综合所得税	綜合所得稅	consolidated income tax	zong1 he2 suo3 de2 shui4	tax	待核查	TW	unclassified	憲法法庭書記廳		tw-judicial:1678	tw-judicial-7049bab111f5580f52ff	OGDL-Taiwan-1.0	source_attributed			
缓刑	緩刑	probation	huan3 xing2	criminal	待核查	TW	unclassified	憲法法庭書記廳		tw-judicial:1830	tw-judicial-390fc75944665c89c8fc	OGDL-Taiwan-1.0	source_attributed			
缓办措施	緩辦措施	suspend action	huan3 ban4 cuo4 shi1	intellectual_property	待核查	TW	unclassified	A13070000G		tw-tipo-trademark:552	tw-tipo-trademark-c7725e0ad1ea915b53fb	OGDL-Taiwan-1.0	source_attributed			
缔约过失责任	締約過失責任	pre-contractual liability	di4 yue1 guo4 shi1 ze2 ren4	contracts	CN	INTERNATIONAL	term	中华人民共和国民法典（2020）	关注订约过程及造成的损失，区别于已成立合同义务的违约责任。	oll-cn-core:cn-precontractual-liability	cn-precontractual-liability	CC-BY-4.0	project_authored	在订立合同过程中因恶意磋商、故意隐瞒重要事实等违背诚信的行为造成损失而承担的赔偿责任。	项目释译，非官方译文；该名称是对第五百条制度的概括，不是该条逐字出现的标题。	中华人民共和国民法典（2020） 第500条 https://www.court.gov.cn/zixun/xiangqing/233181.html
编审	編審	Executive Officer	bian1 shen3	unclassified	待核查	TW	unclassified	司法行政廳		tw-judicial:1828	tw-judicial-86ca9bcf8eeb0e501886	OGDL-Taiwan-1.0	source_attributed			
编纂	編纂	Senior Executive Officer	bian1 zuan3	unclassified	待核查	TW	unclassified	司法行政廳		tw-judicial:1829	tw-judicial-336139584eaca40623a6	OGDL-Taiwan-1.0	source_attributed			
缴税证明	繳稅證明	tax certification	jiao3 shui4 zheng4 ming2	tax	待核查	TW	unclassified	憲法法庭書記廳		tw-judicial:2046	tw-judicial-71d55f4a704b380a33e3	OGDL-Taiwan-1.0	source_attributed			
缴纳契税	繳納契稅	payment of deed tax	jiao3 na4 qi4 shui4	tax	待核查	TW	unclassified	憲法法庭書記廳		tw-judicial:2045	tw-judicial-5c20d882acef8885d795	OGDL-Taiwan-1.0	source_attributed			
网域名称	網域名稱	domain name	wang3 yu4 ming2 cheng1	intellectual_property	待核查	TW	unclassified	A13070000G		tw-tipo-trademark:167	tw-tipo-trademark-0d65124bc01142f2e6f9	OGDL-Taiwan-1.0	source_attributed			
网际网路名称与号码分配组织	網際網路名稱與號碼分配組織	Internet Corporation for Assigned Names and Numbers	wang3 ji4 wang3 lu4 ming2 cheng1 yu3 hao4 ma3 fen1 pei4 zu3 zhi1	intellectual_property	待核查	TW	unclassified	A13070000G		tw-tipo-trademark:276	tw-tipo-trademark-7f375780cf2658cfc641	OGDL-Taiwan-1.0	source_attributed			
网际网路名称与号码分配组织	網際網路名稱與號碼分配組織	ICANN	wang3 ji4 wang3 lu4 ming2 cheng1 yu3 hao4 ma3 fen1 pei4 zu3 zhi1	intellectual_property	待核查	TW	abbreviation	A13070000G		tw-tipo-trademark:275	tw-tipo-trademark-c5a4b2eb291d2159fb96	OGDL-Taiwan-1.0	source_attributed			
罚金	罰金	fine	fa2 jin1	unclassified	待核查	TW	unclassified	憲法法庭書記廳		tw-judicial:1680	tw-judicial-e0f6d72a14bda8d7cc10	OGDL-Taiwan-1.0	source_attributed			
罚锾	罰鍰	fine; pecuniary fine	fa2 huan2	unclassified	待核查	TW	unclassified	憲法法庭書記廳		tw-judicial:1681	tw-judicial-5cb1df9e1ce256fa0e56	OGDL-Taiwan-1.0	source_attributed			
罚锾最低额	罰鍰最低額	minimum amount of fine	fa2 huan2 zui4 di1 e2	unclassified	待核查	TW	unclassified	憲法法庭書記廳		tw-judicial:1682	tw-judicial-dbd487faec0cce84f92f	OGDL-Taiwan-1.0	source_attributed			
罢免	罷免	recall	ba4 mian3	unclassified	待核查	TW	unclassified	憲法法庭書記廳		tw-judicial:1831	tw-judicial-0cf892fa120afcca0a0b	OGDL-Taiwan-1.0	source_attributed			
罢免权	罷免權	right of recall	ba4 mian3 quan2	unclassified	待核查	TW	unclassified	憲法法庭書記廳		tw-judicial:1832	tw-judicial-9166d1dbcb558e65ed39	OGDL-Taiwan-1.0	source_attributed			
罪犯赦免减刑令	罪犯赦免減刑令	Decrees for Amnesty and Punishment Reduction of Criminals	zui4 fan4 she4 mian3 jian3 xing2 ling4	criminal	待核查	TW	unclassified	憲法法庭書記廳		tw-judicial:1573	tw-judicial-623f1f3e705b856dbf86	OGDL-Taiwan-1.0	source_attributed			
署名权	署名權	right of attribution	shu3 ming2 quan2	intellectual_property	CN	INTERNATIONAL	term	中华人民共和国著作权法（2020修正）	署名权的保护期不受限制；与作品原件所有权不同。	oll-cn-core:cn-authorship-right	cn-authorship-right	CC-BY-4.0	project_authored	表明作者身份并在作品上署名的权利。	项目释译，非官方译文；attribution 指作者身份归属，不是一般资源链接。	中华人民共和国著作权法（2020修正） 第10,22条 https://www.ncac.gov.cn/xxfb/flfg/flfg_532/202103/t20210309_50530.html
羁押	羈押	detention; to detain	ji1 ya1	criminal	待核查	TW	unclassified	憲法法庭書記廳		tw-judicial:2112	tw-judicial-30563514f22be754166b	OGDL-Taiwan-1.0	source_attributed			
羁押候审室	羈押候審室	Trial Waiting Room	ji1 ya1 hou4 shen3 shi4	criminal	待核查	TW	unclassified	司法行政廳		tw-judicial:2115	tw-judicial-5fab1f0e6503c02fa2a0	OGDL-Taiwan-1.0	source_attributed			
羁押室	羈押室	Detention Room	ji1 ya1 shi4	criminal	待核查	TW	unclassified	司法行政廳		tw-judicial:2114	tw-judicial-f79f4c64a60ae7f74b1d	OGDL-Taiwan-1.0	source_attributed			
羁押法	羈押法	Detention Act	ji1 ya1 fa3	criminal	待核查	TW	unclassified	憲法法庭書記廳		tw-judicial:2113	tw-judicial-da39dc14141615a82b33	OGDL-Taiwan-1.0	source_attributed			
美发室	美髮室	Beauty Salon	mei3 fa1 shi4	unclassified	待核查	TW	unclassified	司法行政廳		tw-judicial:947	tw-judicial-44ea8b2b9da9e9624820	OGDL-Taiwan-1.0	source_attributed			
美国专利商标局	美國專利商標局	United States Patent and Trademark Office	mei3 guo2 zhuan1 li4 shang1 biao1 ju2	intellectual_property	待核查	TW	unclassified	A13070000G		tw-tipo-trademark:594	tw-tipo-trademark-df3cc9a4851faf678086	OGDL-Taiwan-1.0	source_attributed			
美国专利商标局	美國專利商標局	USPTO	mei3 guo2 zhuan1 li4 shang1 biao1 ju2	intellectual_property	待核查	TW	abbreviation	A13070000G		tw-tipo-trademark:593	tw-tipo-trademark-f49b2563f774e8b13c53	OGDL-Taiwan-1.0	source_attributed			
美国专利季刊	美國專利季刊	United States Patent Quarterly	mei3 guo2 zhuan1 li4 ji4 kan1	intellectual_property	待核查	TW	unclassified	A13070000G		tw-tipo-trademark:592	tw-tipo-trademark-8cbb2ee85f8f72a9783d	OGDL-Taiwan-1.0	source_attributed			
美国专利季刊	美國專利季刊	USPQ	mei3 guo2 zhuan1 li4 ji4 kan1	intellectual_property	待核查	TW	abbreviation	A13070000G		tw-tipo-trademark:591	tw-tipo-trademark-ebf80f4d0d3b3bacedf1	OGDL-Taiwan-1.0	source_attributed			
美国国会	美國國會	U. S. Congress	mei3 guo2 guo2 hui4	intellectual_property	待核查	TW	unclassified	A13070000G		tw-tipo-trademark:580	tw-tipo-trademark-04f98e25f541f9793466	OGDL-Taiwan-1.0	source_attributed			
美国最高法院	美國最高法院	U.S. Supreme Court	mei3 guo2 zui4 gao1 fa3 yuan4	intellectual_property	待核查	TW	institution	A13070000G		tw-tipo-trademark:577	tw-tipo-trademark-2d488519a1ad1ab21d35	OGDL-Taiwan-1.0	source_attributed			
美国法典	美國法典	United States Code	mei3 guo2 fa3 dian3	intellectual_property	待核查	TW	unclassified	A13070000G		tw-tipo-trademark:579	tw-tipo-trademark-03887748035809bef582	OGDL-Taiwan-1.0	source_attributed			
美国法典	美國法典	U.S.C.	mei3 guo2 fa3 dian3	intellectual_property	待核查	TW	unclassified	A13070000G		tw-tipo-trademark:578	tw-tipo-trademark-fa45b86324301607c4b6	OGDL-Taiwan-1.0	source_attributed			
美感功能性	美感功能性	aesthetic functionality	mei3 gan3 gong1 neng2 xing4	intellectual_property	待核查	TW	unclassified	A13070000G		tw-tipo-trademark:16	tw-tipo-trademark-c35bff85f16520073f44	OGDL-Taiwan-1.0	source_attributed			
美洲协约	美洲協約	General Inter-American Convention	mei3 zhou1 xie2 yue1	intellectual_property	待核查	TW	unclassified	A13070000G		tw-tipo-trademark:250	tw-tipo-trademark-37fb6884bfbdfdd1751e	OGDL-Taiwan-1.0	source_attributed			
翻译权	翻譯權	right of translation	fan1 yi4 quan2	intellectual_property	CN	INTERNATIONAL	term	中华人民共和国著作权法（2020修正）	这是对作品的法定权能，不是译文质量评价。	oll-cn-core:cn-translation-right	cn-translation-right	CC-BY-4.0	project_authored	将作品从一种语言文字转换为另一种语言文字的权利。	项目释译，非官方译文；translation right 不等于对所有短词拥有排他权。	中华人民共和国著作权法（2020修正） 第10条 https://www.ncac.gov.cn/xxfb/flfg/flfg_532/202103/t20210309_50530.html
老年给付	老年給付	old-age benefits	lao3 nian2 ji3 fu4	unclassified	待核查	TW	unclassified	憲法法庭書記廳		tw-judicial:520	tw-judicial-25c2d05c65f3bb226533	OGDL-Taiwan-1.0	source_attributed			
考绩	考績	Performance Rating	kao3 ji4	unclassified	待核查	TW	unclassified	人事處		tw-judicial:527	tw-judicial-ca90df385d6869db4797	OGDL-Taiwan-1.0	source_attributed			
考绩升等	考績升等	Promotion by Performance Rating	kao3 ji4 sheng1 deng3	unclassified	待核查	TW	unclassified	人事處		tw-judicial:528	tw-judicial-9fb86b13ce2e819235bd	OGDL-Taiwan-1.0	source_attributed			
考试	考試	examination	kao3 shi4	unclassified	待核查	TW	unclassified	憲法法庭書記廳		tw-judicial:521	tw-judicial-b706cf9db755be5ccce0	OGDL-Taiwan-1.0	source_attributed			
考试及格人员分发办法	考試及格人員分發辦法	Regulations Governing the Assignment of Persons Passing the Civil Test	kao3 shi4 ji2 ge2 ren2 yuan2 fen1 fa1 ban4 fa3	unclassified	待核查	TW	statute	憲法法庭書記廳		tw-judicial:522	tw-judicial-14bf5fd352aff49dbce9	OGDL-Taiwan-1.0	source_attributed			
考试机关	考試機關	examination organ	kao3 shi4 ji1 guan1	unclassified	待核查	TW	unclassified	憲法法庭書記廳		tw-judicial:526	tw-judicial-b0d288faca4718cc012a	OGDL-Taiwan-1.0	source_attributed			
考试法	考試法	Examination Act	kao3 shi4 fa3	unclassified	待核查	TW	unclassified	憲法法庭書記廳		tw-judicial:523	tw-judicial-943c562e3018560bef4f	OGDL-Taiwan-1.0	source_attributed			
考试法施行细则	考試法施行細則	Enforcement Rules of the Examination Act	kao3 shi4 fa3 shi1 xing2 xi4 ze2	unclassified	待核查	TW	statute	憲法法庭書記廳		tw-judicial:524	tw-judicial-f7045d5d7082084ffa1f	OGDL-Taiwan-1.0	source_attributed			
考试院	考試院	Examination Yuan	kao3 shi4 yuan4	unclassified	待核查	TW	unclassified	憲法法庭書記廳		tw-judicial:525	tw-judicial-99a7a7390892cc283613	OGDL-Taiwan-1.0	source_attributed			
耕地三七五减租条例	耕地三七五減租條例	The 37.5% Arable Rent Reduction Act	geng1 di4 san1 qi1 wu3 jian3 zu1 tiao2 li4	unclassified	待核查	TW	statute	憲法法庭書記廳		tw-judicial:1078	tw-judicial-7644f76b658e4b02efba	OGDL-Taiwan-1.0	source_attributed			
耕地租赁契约之终止	耕地租賃契約之終止	ending a cultivated farmland lease contract	geng1 di4 zu1 lin4 qi4 yue1 zhi1 zhong1 zhi3	contracts	待核查	TW	unclassified	憲法法庭書記廳		tw-judicial:1079	tw-judicial-3f4e9216f2f9c99cdada	OGDL-Taiwan-1.0	source_attributed			
职业上之义务	職業上之義務	professional duties	zhi2 ye4 shang4 zhi1 yi4 wu4	unclassified	待核查	TW	unclassified	憲法法庭書記廳		tw-judicial:2010	tw-judicial-40a10785d31cceb63a1f	OGDL-Taiwan-1.0	source_attributed			
职业灾害劳工保护法	職業災害勞工保護法	Act for Protecting Worker of Occupational Accidents	zhi2 ye4 zai1 hai4 lao2 gong1 bao3 hu4 fa3	employment	待核查	TW	statute	憲法法庭書記廳		tw-judicial:2011	tw-judicial-0f1f0f91400590b4d81a	OGDL-Taiwan-1.0	source_attributed			
职务列等	職務列等	Grading of Position	zhi2 wu4 lie4 deng3	unclassified	待核查	TW	unclassified	人事處		tw-judicial:2006	tw-judicial-7c373f0b19ba98a023fe	OGDL-Taiwan-1.0	source_attributed			
职务法庭	職務法庭	Disciplinary Chamber of the Judiciary	zhi2 wu4 fa3 ting2	unclassified	待核查	TW	unclassified	司法行政廳		tw-judicial:2007	tw-judicial-316659185f12c54dc831	OGDL-Taiwan-1.0	source_attributed			
职务评定委员会	職務評定委員會	Duty Assessment Committee	zhi2 wu4 ping2 ding4 wei3 yuan2 hui4	unclassified	待核查	TW	institution	司法行政廳		tw-judicial:2008	tw-judicial-2824d73cbdb66319d3ca	OGDL-Taiwan-1.0	source_attributed			
职工福利金条例	職工福利金條例	Employee Welfare Fund Act	zhi2 gong1 fu2 li4 jin1 tiao2 li4	unclassified	待核查	TW	statute	憲法法庭書記廳		tw-judicial:2004	tw-judicial-595e7a9dbe1f394000f5	OGDL-Taiwan-1.0	source_attributed			
职权	職權	authority	zhi2 quan2	unclassified	待核查	TW	unclassified	民事廳		tw-judicial:2013	tw-judicial-748253719cd5ada1d142	OGDL-Taiwan-1.0	source_attributed			
职称	職稱	Position Titles	zhi2 cheng1	unclassified	待核查	TW	unclassified	人事處		tw-judicial:2012	tw-judicial-2a1dadb202a249d766f9	OGDL-Taiwan-1.0	source_attributed			
职等	職等	Grade	zhi2 deng3	unclassified	待核查	TW	unclassified	人事處		tw-judicial:2009	tw-judicial-5ed7a9b5b98420217a58	OGDL-Taiwan-1.0	source_attributed			
职系	職系	Series	zhi2 xi4	unclassified	待核查	TW	unclassified	人事處		tw-judicial:2005	tw-judicial-24f372730c58a38216c9	OGDL-Taiwan-1.0	source_attributed			
联合国	聯合國	United Nations	lian2 he2 guo2	unclassified	待核查	TW	unclassified	憲法法庭書記廳		tw-judicial:1991	tw-judicial-8d7653a1518477219344	OGDL-Taiwan-1.0	source_attributed			
联合式商标	聯合式商標	composite mark	lian2 he2 shi4 shang1 biao1	intellectual_property	待核查	TW	unclassified	A13070000G		tw-tipo-trademark:97	tw-tipo-trademark-7006f1a8f3a37979861d	OGDL-Taiwan-1.0	source_attributed			
联合服务中心	聯合服務中心	Joint Service Center	lian2 he2 fu2 wu4 zhong1 xin1	unclassified	待核查	TW	unclassified	司法行政廳		tw-judicial:1989	tw-judicial-3b82df492a11ba0392bc	OGDL-Taiwan-1.0	source_attributed			
联合财产	聯合財產	community property	lian2 he2 cai2 chan3	unclassified	待核查	TW	unclassified	憲法法庭書記廳		tw-judicial:1990	tw-judicial-5e5ffed0998605880ec9	OGDL-Taiwan-1.0	source_attributed			
联想、相关	聯想、相關	associate		intellectual_property	待核查	TW	unclassified	A13070000G		tw-tipo-trademark:45	tw-tipo-trademark-cb4203d3eae470aaab6c	OGDL-Taiwan-1.0	source_attributed			
联邦商标淡化法	聯邦商標淡化法	Federal Trademark Dilution Act	lian2 bang1 shang1 biao1 dan4 hua4 fa3	intellectual_property	待核查	TW	statute	A13070000G		tw-tipo-trademark:219	tw-tipo-trademark-ef8cdccebe1964dc52b2	OGDL-Taiwan-1.0	source_attributed			
联邦巡回上诉法院	聯邦巡迴上訴法院	CAFC	lian2 bang1 xun2 hui2 shang4 su4 fa3 yuan4	intellectual_property	待核查	TW	abbreviation	A13070000G		tw-tipo-trademark:59	tw-tipo-trademark-340cf193227bf5ae6c14	OGDL-Taiwan-1.0	source_attributed			
联邦巡回上诉法院	聯邦巡迴上訴法院	U.S. Court of Appeals for the Federal Circuit	lian2 bang1 xun2 hui2 shang4 su4 fa3 yuan4	intellectual_property	待核查	TW	institution	A13070000G		tw-tipo-trademark:60	tw-tipo-trademark-3d2d6b692eaf891eb766	OGDL-Taiwan-1.0	source_attributed			
联邦法规法典	聯邦法規法典	Code of Federal Regulations	lian2 bang1 fa3 gui1 fa3 dian3	intellectual_property	待核查	TW	unclassified	A13070000G		tw-tipo-trademark:58	tw-tipo-trademark-85a9208ce9b73792845b	OGDL-Taiwan-1.0	source_attributed			
联邦法规法典	聯邦法規法典	C. F. R.	lian2 bang1 fa3 gui1 fa3 dian3	intellectual_property	待核查	TW	unclassified	A13070000G		tw-tipo-trademark:57	tw-tipo-trademark-d48e50ad5e6c28d7c4be	OGDL-Taiwan-1.0	source_attributed			
聘用人员	聘用人員	Contract-based Employee	pin4 yong4 ren2 yuan2	unclassified	待核查	TW	unclassified	人事處		tw-judicial:1574	tw-judicial-36da7723c36fcca066df	OGDL-Taiwan-1.0	source_attributed			
肃清烟毒条例	肅清煙毒條例	Narcotics Elimination Act	su4 qing1 yan1 du2 tiao2 li4	unclassified	待核查	TW	statute	憲法法庭書記廳		tw-judicial:1474	tw-judicial-b647956a22325f13ea30	OGDL-Taiwan-1.0	source_attributed			
肃贪行动方案	肅貪行動方案	Anti-Corruption Program	su4 tan1 xing2 dong4 fang1 an4	unclassified	待核查	TW	unclassified	政風處		tw-judicial:1475	tw-judicial-e80d02025a1688058f94	OGDL-Taiwan-1.0	source_attributed			
肖像	肖像	portrait	xiao4 xiang4	intellectual_property	待核查	TW	unclassified	A13070000G		tw-tipo-trademark:416	tw-tipo-trademark-aefd19be4c2a30fc7cbb	OGDL-Taiwan-1.0	source_attributed			
股东失权	股東失權	forfeiture of equity for unpaid contribution	gu3 dong1 shi1 quan2	company	CN	INTERNATIONAL	term	中华人民共和国公司法（2023修订）	失权对象为未缴出资的股权；书面通知、宽限期、董事会决议及异议诉讼均有条文要求。	oll-cn-core:cn-forfeiture-equity	cn-forfeiture-equity	CC-BY-4.0	project_authored	股东未履行出资义务并经过法定催缴等程序后，丧失未缴出资对应股权的制度。	项目释译，非官方译文；本词为第五十二条制度概括，不把所有股东权利一概没收。	中华人民共和国公司法（2023修订） 第52条 https://fgk.chinatax.gov.cn/zcfgk/c100009/c5233383/content.html
股份有限公司	股份有限公司	joint stock company	gu3 fen4 you3 xian4 gong1 si1	company	CN	INTERNATIONAL	term	中华人民共和国公司法（2023修订）	股东责任以认购股份为限，不表示公司对债务也仅承担部分责任。	oll-cn-core:cn-joint-stock-company	cn-joint-stock-company	CC-BY-4.0	project_authored	依公司法设立、股东以认购股份为限对公司承担责任的公司类型。	项目释译，非官方译文；本词不意味着该公司必然上市。	中华人民共和国公司法（2023修订） 第2,3,4条 https://fgk.chinatax.gov.cn/zcfgk/c100009/c5233383/content.html
股份有限公司	股份有限公司	corporation limited by shares	gu3 fen4 you3 xian4 gong1 si1	company	待核查	TW	unclassified	憲法法庭書記廳		tw-judicial:836	tw-judicial-b98868d5b104167f4b37	OGDL-Taiwan-1.0	source_attributed			
股利	股利	dividend	gu3 li4	unclassified	待核查	TW	unclassified	憲法法庭書記廳		tw-judicial:837	tw-judicial-4e84335c65dbd5a8a110	OGDL-Taiwan-1.0	source_attributed			
股权优先购买权	股權優先購買權	pre-emptive right to purchase transferred equity	gu3 quan2 you1 xian1 gou4 mai3 quan2	company	CN	INTERNATIONAL	term	中华人民共和国公司法（2023修订）	通知事项包括数量、价格、支付方式与期限；还应核对章程的特别规定。	oll-cn-core:cn-preemptive-purchase	cn-preemptive-purchase	CC-BY-4.0	project_authored	有限责任公司股东对向股东以外的人转让的股权，在同等条件下优先购买的权利。	项目释译，非官方译文；本词对应股权转让，不是新增资本认购权。	中华人民共和国公司法（2023修订） 第84条 https://fgk.chinatax.gov.cn/zcfgk/c100009/c5233383/content.html
股长	股長	Unit Chief	gu3 zhang3	unclassified	待核查	TW	unclassified	司法行政廳		tw-judicial:838	tw-judicial-303bbfe58906118b7ba4	OGDL-Taiwan-1.0	source_attributed			
胁迫	脅迫	duress	xie2 po4	civil,contracts	CN	INTERNATIONAL	term	中华人民共和国民法典（2020）	受胁迫方可以请求法院或者仲裁机构撤销该行为。	oll-cn-core:cn-duress	cn-duress	CC-BY-4.0	project_authored	一方或者第三人以胁迫手段，使对方违背真实意思实施民事法律行为的情形。	项目释译，非官方译文；本条对应民事行为效力语境。	中华人民共和国民法典（2020） 第150条 https://www.court.gov.cn/zixun/xiangqing/233181.html
背书、认可	背書、認可	endorsement		intellectual_property	待核查	TW	unclassified	A13070000G		tw-tipo-trademark:183	tw-tipo-trademark-1bfccf0a1c5f4c8552ad	OGDL-Taiwan-1.0	source_attributed			
自主组织权	自主組織權	autonomous right to internal organization	zi4 zhu3 zu3 zhi1 quan2	unclassified	待核查	TW	unclassified	憲法法庭書記廳		tw-judicial:529	tw-judicial-a1ffbe220e646b6baee1	OGDL-Taiwan-1.0	source_attributed			
自动化决策	自動化決策	automated decision-making	zi4 dong4 hua4 jue2 ce4	privacy,ai	CN	INTERNATIONAL	term	中华人民共和国个人信息保护法（2021）	条文要求透明和公平，并对商业营销及对个人权益有重大影响的决定设置专门权利。	oll-cn-core:cn-automated-decision	cn-automated-decision	CC-BY-4.0	project_authored	通过计算机程序自动分析、评估个人特征或状况并作出决策的活动。	项目释译，非官方译文；不等于所有使用计算机的辅助工作。	中华人民共和国个人信息保护法（2021） 第24,73条 https://www.cac.gov.cn/2021-08/20/c_1631050028355286.htm
自动电子报到区	自動電子報到區	Automated Self Check-in Area	zi4 dong4 dian4 zi5 bao4 dao4 qu1	unclassified	待核查	TW	unclassified	司法行政廳		tw-judicial:541	tw-judicial-e7c4faf1acba50bd503f	OGDL-Taiwan-1.0	source_attributed			
自动电子报到机	自動電子報到機	Automated Self Check-in Kiosk	zi4 dong4 dian4 zi5 bao4 dao4 ji1	unclassified	待核查	TW	unclassified	司法行政廳		tw-judicial:542	tw-judicial-ca63a5213a25e22cbf39	OGDL-Taiwan-1.0	source_attributed			
自动缴纳	自動繳納	voluntary payment	zi4 dong4 jiao3 na4	unclassified	待核查	TW	unclassified	憲法法庭書記廳		tw-judicial:543	tw-judicial-b403919da5795f13cec2	OGDL-Taiwan-1.0	source_attributed			
自愿退休	自願退休	voluntary retirement	zi4 yuan4 tui4 xiu1	unclassified	待核查	TW	unclassified	憲法法庭書記廳		tw-judicial:548	tw-judicial-2cafd00515e106907bbb	OGDL-Taiwan-1.0	source_attributed			
自我负责机制	自我負責機制	self-responsible mechanism	zi4 wo3 fu4 ze2 ji1 zhi4	unclassified	待核查	TW	unclassified	憲法法庭書記廳		tw-judicial:536	tw-judicial-41809f13a0f5fe4fd08d	OGDL-Taiwan-1.0	source_attributed			
自来水法	自來水法	Water Supply Act	zi4 lai2 shui3 fa3	unclassified	待核查	TW	statute	憲法法庭書記廳		tw-judicial:537	tw-judicial-af8ecf16dc728b43f07d	OGDL-Taiwan-1.0	source_attributed			
自治	自治	self-government	zi4 zhi4	unclassified	待核查	TW	unclassified	憲法法庭書記廳		tw-judicial:538	tw-judicial-2aaa712f01807b12c5cf	OGDL-Taiwan-1.0	source_attributed			
自然人	自然人	natural person	zi4 ran2 ren2	core,civil	CN	INTERNATIONAL	role	中华人民共和国民法典（2020）	自然人的民事权利能力一律平等；不要与实施具体法律行为所需的行为能力混为一谈。	oll-cn-core:cn-natural-person	cn-natural-person	CC-BY-4.0	project_authored	以自然生命存在的个人；在民法中从出生到死亡具有民事权利能力。	项目释译，非官方译文；person 还可能包含法人，本词特指 natural person。	中华人民共和国民法典（2020） 第13,14,18条 https://www.court.gov.cn/zixun/xiangqing/233181.html
自然死亡	自然死亡	natural death	zi4 ran2 si3 wang2	unclassified	待核查	TW	unclassified	憲法法庭書記廳		tw-judicial:544	tw-judicial-3be1bdec772fa9db2494	OGDL-Taiwan-1.0	source_attributed			
自用住宅	自用住宅	homestead; residence for own use	zi4 yong4 zhu4 zhai2	unclassified	待核查	TW	unclassified	憲法法庭書記廳		tw-judicial:530	tw-judicial-0e2a7b756b6c2b124432	OGDL-Taiwan-1.0	source_attributed			
自用住宅用地	自用住宅用地	residential land for own use	zi4 yong4 zhu4 zhai2 yong4 di4	unclassified	待核查	TW	unclassified	憲法法庭書記廳		tw-judicial:531	tw-judicial-3f919210688a29ac3203	OGDL-Taiwan-1.0	source_attributed			
自用住宅用地税率	自用住宅用地稅率	tax rate applicable to residential land for own use	zi4 yong4 zhu4 zhai2 yong4 di4 shui4 lv4	tax	待核查	TW	unclassified	憲法法庭書記廳		tw-judicial:532	tw-judicial-1ee5b56b26df90322b09	OGDL-Taiwan-1.0	source_attributed			
自由、独立自主	自由、獨立自主	freedom		intellectual_property	待核查	TW	unclassified	A13070000G		tw-tipo-trademark:243	tw-tipo-trademark-50061b7d2270be3e876c	OGDL-Taiwan-1.0	source_attributed			
自由民主宪政秩序	自由民主憲政秩序	constitutional structure of free democracy	zi4 you2 min2 zhu3 xian4 zheng4 zhi4 xu4	unclassified	待核查	TW	unclassified	憲法法庭書記廳		tw-judicial:533	tw-judicial-6ca43cb7484283d294ec	OGDL-Taiwan-1.0	source_attributed			
自由贸易港区设置管理条例	自由貿易港區設置管理條例	Act for the Establishment and Management of Free trade zones	zi4 you2 mao4 yi4 gang3 qu1 she4 zhi4 guan3 li3 tiao2 li4	trade	待核查	TW	statute	憲法法庭書記廳		tw-judicial:534	tw-judicial-3cd5b1e21f135bacd734	OGDL-Taiwan-1.0	source_attributed			
自耕能力证明书之申请及核发注意事项	自耕能力證明書之申請及核發注意事項	Precautionary Matters on Submission of Application and Issuance of Self-tilling Certificate	zi4 geng1 neng2 li4 zheng4 ming2 shu1 zhi1 shen1 qing3 ji2 he2 fa1 zhu4 yi4 shi4 xiang4	unclassified	待核查	TW	unclassified	憲法法庭書記廳		tw-judicial:540	tw-judicial-9ac789cdeb407b7b6b1e	OGDL-Taiwan-1.0	source_attributed			
自行回避	自行迴避	voluntary recusal	zi4 xing2 hui2 bi4	unclassified	待核查	TW	unclassified	憲法法庭書記廳		tw-judicial:535	tw-judicial-a52abf82f88e4622ccf7	OGDL-Taiwan-1.0	source_attributed			
自诉	自訴	private prosecution	zi4 su4	unclassified	待核查	TW	unclassified	憲法法庭書記廳		tw-judicial:545	tw-judicial-e127aa169e4bf9b4fa94	OGDL-Taiwan-1.0	source_attributed			
自诉人席﹙附带民事诉讼原告代理人席﹚	自訴人席﹙附帶民事訴訟原告代理人席﹚	Private Prosecutor﹙Agent ad litem of Plaintiff of Ancillary Civil Action﹚		civil,dispute_resolution	待核查	TW	unclassified	司法行政廳		tw-judicial:546	tw-judicial-3bf7af5abc1675cde22f	OGDL-Taiwan-1.0	source_attributed			
自诉代理人律师席	自訴代理人律師席	Private-Prosecution Agent ad litem	zi4 su4 dai4 li3 ren2 lv4 shi1 xi2	unclassified	待核查	TW	unclassified	司法行政廳		tw-judicial:547	tw-judicial-564507a6a9c03902afca	OGDL-Taiwan-1.0	source_attributed			
自首	自首	voluntary surrender to the authorities	zi4 shou3	unclassified	待核查	TW	unclassified	憲法法庭書記廳		tw-judicial:539	tw-judicial-793291e247562a0ab93a	OGDL-Taiwan-1.0	source_attributed			
航业法	航業法	Shipping Act	hang2 ye4 fa3	unclassified	待核查	TW	unclassified	憲法法庭書記廳		tw-judicial:1081	tw-judicial-db0fd826f3c54fd7d4d0	OGDL-Taiwan-1.0	source_attributed			
航空人员体格检查标准	航空人員體格檢查標準	Criteria for the Physical Examination of Flight Personnel	hang2 kong1 ren2 yuan2 ti3 ge2 jian3 cha2 biao1 zhun3	unclassified	待核查	TW	unclassified	憲法法庭書記廳		tw-judicial:1080	tw-judicial-976801603eb948f1f662	OGDL-Taiwan-1.0	source_attributed			
舱口单	艙口單	Hatch List	cang1 kou3 dan1	unclassified	待核查	TW	unclassified	憲法法庭書記廳		tw-judicial:1914	tw-judicial-a6c7774f3a6a4a96d803	OGDL-Taiwan-1.0	source_attributed			
船员法	船員法	The Seafarer Act	chuan2 yuan2 fa3	unclassified	待核查	TW	unclassified	憲法法庭書記廳		tw-judicial:1323	tw-judicial-485af91af0796ba128ba	OGDL-Taiwan-1.0	source_attributed			
船舶失事	船舶失事	shipwreck	chuan2 bo2 shi1 shi4	unclassified	待核查	TW	unclassified	憲法法庭書記廳		tw-judicial:1324	tw-judicial-770664a9bc417ecd2872	OGDL-Taiwan-1.0	source_attributed			
船舶法	船舶法	The Law of Ships	chuan2 bo2 fa3	unclassified	待核查	TW	unclassified	憲法法庭書記廳		tw-judicial:1325	tw-judicial-678d09a7aead936945fd	OGDL-Taiwan-1.0	source_attributed			
船舶登记法	船舶登記法	The Ship Registration Law	chuan2 bo2 deng1 ji4 fa3	unclassified	待核查	TW	statute	憲法法庭書記廳		tw-judicial:1326	tw-judicial-c2fead6c1745d9b753c1	OGDL-Taiwan-1.0	source_attributed			
药事法	藥事法	Pharmaceutical Affairs Act	yao4 shi4 fa3	unclassified	待核查	TW	unclassified	憲法法庭書記廳		tw-judicial:2048	tw-judicial-99c114bf6c70262f3b79	OGDL-Taiwan-1.0	source_attributed			
药事法施行细则	藥事法施行細則	Pharmaceutical Affairs Act Enforcement Rules	yao4 shi4 fa3 shi1 xing2 xi4 ze2	unclassified	待核查	TW	statute	憲法法庭書記廳		tw-judicial:2049	tw-judicial-75e6949cffdb2e6988f0	OGDL-Taiwan-1.0	source_attributed			
药局	藥局	pharmacy	yao4 ju2	unclassified	待核查	TW	unclassified	憲法法庭書記廳		tw-judicial:2047	tw-judicial-802ad8e94d37c4c405a7	OGDL-Taiwan-1.0	source_attributed			
药师	藥師	pharmacist	yao4 shi1	unclassified	待核查	TW	unclassified	憲法法庭書記廳		tw-judicial:2052	tw-judicial-a8d78733c8baf0c6b4a9	OGDL-Taiwan-1.0	source_attributed			
药物广告	藥物廣告	drug commercial	yao4 wu4 guang3 gao4	unclassified	待核查	TW	unclassified	憲法法庭書記廳		tw-judicial:2050	tw-judicial-0229d899668ffc64e107	OGDL-Taiwan-1.0	source_attributed			
药物药商管理法	藥物藥商管理法	Drugs and Pharmacists Management Act	yao4 wu4 yao4 shang1 guan3 li3 fa3	unclassified	待核查	TW	statute	憲法法庭書記廳		tw-judicial:2051	tw-judicial-ac93e7eb962f1cb84ffb	OGDL-Taiwan-1.0	source_attributed			
营业人	營業人	business operator	ying2 ye4 ren2	unclassified	待核查	TW	unclassified	憲法法庭書記廳		tw-judicial:1968	tw-judicial-1244923b38dd8a764180	OGDL-Taiwan-1.0	source_attributed			
营业包装	營業包裝	trade dress	ying2 ye4 bao1 zhuang1	intellectual_property	待核查	TW	unclassified	A13070000G		tw-tipo-trademark:561	tw-tipo-trademark-7d20b20f3daa6f4d765f	OGDL-Taiwan-1.0	source_attributed			
营业名称	營業名稱	trade name	ying2 ye4 ming2 cheng1	intellectual_property	待核查	TW	unclassified	A13070000G		tw-tipo-trademark:562	tw-tipo-trademark-67b32caacbe1d8d3bef1	OGDL-Taiwan-1.0	source_attributed			
营业执照	營業執照	business license	ying2 ye4 zhi2 zhao4	unclassified	待核查	TW	unclassified	憲法法庭書記廳		tw-judicial:1972	tw-judicial-947724140af9228d7ee9	OGDL-Taiwan-1.0	source_attributed			
营业用税率	營業用稅率	business tax rate	ying2 ye4 yong4 shui4 lv4	tax	待核查	TW	unclassified	憲法法庭書記廳		tw-judicial:1969	tw-judicial-5271244434f547aec7c2	OGDL-Taiwan-1.0	source_attributed			
营业秘密	營業秘密	trade secret	ying2 ye4 mi4 mi4	intellectual_property	待核查	TW	unclassified	A13070000G		tw-tipo-trademark:563	tw-tipo-trademark-bd6b6715059d093d08f0	OGDL-Taiwan-1.0	source_attributed			
营业秘密法	營業秘密法	Trade Secrets Act	ying2 ye4 mi4 mi4 fa3	intellectual_property	待核查	TW	statute	憲法法庭書記廳		tw-judicial:1971	tw-judicial-e566fd74021b5586ec04	OGDL-Taiwan-1.0	source_attributed			
营业税	營業稅	business tax; business tax	ying2 ye4 shui4	tax	待核查	TW	unclassified	憲法法庭書記廳		tw-judicial:1973	tw-judicial-348eaeb76ebb9d927d8d	OGDL-Taiwan-1.0	source_attributed			
营业税法	營業稅法	Business Tax Act	ying2 ye4 shui4 fa3	tax	待核查	TW	statute	憲法法庭書記廳		tw-judicial:1974	tw-judicial-1ebe971b6823d7aa695d	OGDL-Taiwan-1.0	source_attributed			
营业税法施行细则	營業稅法施行細則	Enforcement Rules of the Business Tax Act	ying2 ye4 shui4 fa3 shi1 xing2 xi4 ze2	tax	待核查	TW	statute	憲法法庭書記廳		tw-judicial:1975	tw-judicial-e072095b716d23fdcbe6	OGDL-Taiwan-1.0	source_attributed			
营业税特种税额查定办法	營業稅特種稅額查定辦法	Regulations for Assessing Business Tax of Certain Business Entities	ying2 ye4 shui4 te4 zhong3 shui4 e2 cha2 ding4 ban4 fa3	tax	待核查	TW	statute	憲法法庭書記廳		tw-judicial:1976	tw-judicial-19d85090502567ec435b	OGDL-Taiwan-1.0	source_attributed			
营业自由	營業自由	freedom to operate business	ying2 ye4 zi4 you2	unclassified	待核查	TW	unclassified	憲法法庭書記廳		tw-judicial:1970	tw-judicial-2073ab7d0337bb862198	OGDL-Taiwan-1.0	source_attributed			
营利事业所得税	營利事業所得稅	business income tax	ying2 li4 shi4 ye4 suo3 de2 shui4	tax	待核查	TW	unclassified	憲法法庭書記廳		tw-judicial:1961	tw-judicial-65d5c4ec5a258963abd2	OGDL-Taiwan-1.0	source_attributed			
营利事业所得税查核准则	營利事業所得稅查核準則	Guidelines for the Audit of Income Taxes on Profit-making-Enterprises	ying2 li4 shi4 ye4 suo3 de2 shui4 cha2 he2 zhun3 ze2	tax	待核查	TW	statute	憲法法庭書記廳		tw-judicial:1962	tw-judicial-635b677addd207d64dce	OGDL-Taiwan-1.0	source_attributed			
营利事业所得税结算查核准则	營利事業所得稅結算查核準則	Guidelines for Assessment of Income Tax Returns on Profit-making Enterprises	ying2 li4 shi4 ye4 suo3 de2 shui4 jie2 suan4 cha2 he2 zhun3 ze2	tax	待核查	TW	statute	憲法法庭書記廳		tw-judicial:1965	tw-judicial-3cfa9f4ff5797177f51b	OGDL-Taiwan-1.0	source_attributed			
营利事业所得税结算申报	營利事業所得稅結算申報	final business income tax return	ying2 li4 shi4 ye4 suo3 de2 shui4 jie2 suan4 shen1 bao4	tax	待核查	TW	unclassified	憲法法庭書記廳		tw-judicial:1963	tw-judicial-83af3f6b44a80e2f20f0	OGDL-Taiwan-1.0	source_attributed			
营利事业所得税结算申报书面审核案件抽查办法	營利事業所得稅結算申報書面審核案件抽查辦法	Regulations Governing the Cases Randomly Selected for Reviewing on Profit-making-Enterprise Tax Return	ying2 li4 shi4 ye4 suo3 de2 shui4 jie2 suan4 shen1 bao4 shu1 mian4 shen3 he2 an4 jian4 chou1 cha2 ban4 fa3	tax	待核查	TW	statute	憲法法庭書記廳		tw-judicial:1964	tw-judicial-47f0ca07a4a5e7472369	OGDL-Taiwan-1.0	source_attributed			
营利法人	營利法人	for-profit legal person	ying2 li4 fa3 ren2	company,civil	CN	INTERNATIONAL	term	中华人民共和国民法典（2020）	有限责任公司、股份有限公司和其他企业法人是该条列举的类型。	oll-cn-core:cn-for-profit-legal-person	cn-for-profit-legal-person	CC-BY-4.0	project_authored	以取得利润并向股东等出资人分配利润为目的成立的法人。	项目释译，非官方译文；profit 是目的和分配结构，不表示任何年度都实际盈利。	中华人民共和国民法典（2020） 第76条 https://www.court.gov.cn/zixun/xiangqing/233181.html
营造业法	營造業法	Construction Industry Act	ying2 zao4 ye4 fa3	unclassified	待核查	TW	statute	憲法法庭書記廳		tw-judicial:1966	tw-judicial-08259a2192d92cc9f1de	OGDL-Taiwan-1.0	source_attributed			
营造业管理规则	營造業管理規則	Regulations Governing the Supervision of the Construction Industry	ying2 zao4 ye4 guan3 li3 gui1 ze2	unclassified	待核查	TW	statute	憲法法庭書記廳		tw-judicial:1967	tw-judicial-67ab185a1fabc7653e90	OGDL-Taiwan-1.0	source_attributed			
著作权	著作權	copyright	zhu4 zuo4 quan2	intellectual_property	CN	INTERNATIONAL	term	中华人民共和国著作权法（2020修正）	并非所有权能都能转让；第十条对可许可和可转让权利范围作了列举。	oll-cn-core:cn-copyright	cn-copyright	CC-BY-4.0	project_authored	著作权法规定的、围绕作品享有的人身权和财产权的集合。	项目释译，非官方译文；copyright 在中国法语境同时涉及人身权与财产权。	中华人民共和国著作权法（2020修正） 第10条 https://www.ncac.gov.cn/xxfb/flfg/flfg_532/202103/t20210309_50530.html
著作权法	著作權法	Copyright Act	zhu4 zuo4 quan2 fa3	intellectual_property	待核查	TW	statute	憲法法庭書記廳		tw-judicial:1478	tw-judicial-57b713528dad9fed2f40	OGDL-Taiwan-1.0	source_attributed			
著名商标	著名商標	well-known marks	zhu4 ming2 shang1 biao1	intellectual_property	待核查	TW	unclassified	A13070000G		tw-tipo-trademark:606	tw-tipo-trademark-0ca6a8cf477657f0429c	OGDL-Taiwan-1.0	source_attributed			
董事	董事	director	dong3 shi4	company	待核查	TW	unclassified	憲法法庭書記廳		tw-judicial:1575	tw-judicial-07f1af1392cf0325ccf8	OGDL-Taiwan-1.0	source_attributed			
董事长	董事長	chairman	dong3 shi4 zhang3	company	待核查	TW	unclassified	憲法法庭書記廳		tw-judicial:1576	tw-judicial-1e6fad52ca22863f04ee	OGDL-Taiwan-1.0	source_attributed			
蓝能法	藍能法	Lanham Act	lan2 neng2 fa3	intellectual_property	待核查	TW	unclassified	A13070000G		tw-tipo-trademark:337	tw-tipo-trademark-7044a311348d74957151	OGDL-Taiwan-1.0	source_attributed			
薪俸	薪俸	salary/award	xin1 feng4	unclassified	待核查	TW	unclassified	憲法法庭書記廳		tw-judicial:1995	tw-judicial-f7294d381f7e6a7e98f4	OGDL-Taiwan-1.0	source_attributed			
虚报进项税额	虛報進項稅額	false entries of tax payment on purchases	xu1 bao4 jin4 xiang4 shui4 e2	tax	待核查	TW	unclassified	憲法法庭書記廳		tw-judicial:1479	tw-judicial-0136b324de84ec795981	OGDL-Taiwan-1.0	source_attributed			
行为罚	行為罰	behavioral punishment	xing2 wei2 fa2	unclassified	待核查	TW	unclassified	憲法法庭書記廳		tw-judicial:592	tw-judicial-d2e25770dc37e370426a	OGDL-Taiwan-1.0	source_attributed			
行使债权	行使債權	exercise the right of claims	xing2 shi3 zhai4 quan2	civil	待核查	TW	unclassified	憲法法庭書記廳		tw-judicial:550	tw-judicial-bd5862918c5739a8e06d	OGDL-Taiwan-1.0	source_attributed			
行刑权	行刑權	power to execute punishment	xing2 xing2 quan2	criminal	待核查	TW	unclassified	憲法法庭書記廳		tw-judicial:549	tw-judicial-5b4fb4eb6ef9178a284e	OGDL-Taiwan-1.0	source_attributed			
行宪	行憲	implementation of the Constitution	xing2 xian4	unclassified	待核查	TW	unclassified	憲法法庭書記廳		tw-judicial:593	tw-judicial-3bda76d225f072540c26	OGDL-Taiwan-1.0	source_attributed			
行政上之目的	行政上之目的	administrative objective	xing2 zheng4 shang4 zhi1 mu4 di4	administrative	待核查	TW	unclassified	憲法法庭書記廳		tw-judicial:552	tw-judicial-fa409027946831e72145	OGDL-Taiwan-1.0	source_attributed			
行政争讼	行政爭訟	administrative litigation	xing2 zheng4 zheng1 song4	administrative	待核查	TW	unclassified	憲法法庭書記廳		tw-judicial:559	tw-judicial-371b88bacd6dca0ff8f7	OGDL-Taiwan-1.0	source_attributed			
行政命令	行政命令	administrative ordinances	xing2 zheng4 ming4 ling4	administrative	待核查	TW	unclassified	憲法法庭書記廳		tw-judicial:553	tw-judicial-889f4ff85e2dec59595a	OGDL-Taiwan-1.0	source_attributed			
行政处分	行政處分	Administrative Act	xing2 zheng4 chu3 fen4	administrative	待核查	TW	unclassified	行政訴訟及懲戒廳		tw-judicial:579	tw-judicial-f08b088c8f6adedbdcef	OGDL-Taiwan-1.0	source_attributed			
行政处罚	行政處罰	administrative penalty	xing2 zheng4 chu3 fa2	administrative	CN	INTERNATIONAL	term	中华人民共和国行政处罚法（2021修订）	判断某项措施是否属于行政处罚，重点看其是否针对违反行政管理秩序的行为，并具有依法惩戒、减损权益或增加义务的性质。	oll-cn-admin-labor:cn-admin-penalty	cn-admin-penalty	CC-BY-4.0	project_authored	行政机关针对违反行政管理秩序的行为，依法通过减损权益或者增加义务实施的惩戒。	项目释译，非官方译文；本项目用 administrative penalty 对应《行政处罚法》中的法定概念，避免与泛指制裁的 sanction 混用。	中华人民共和国行政处罚法（2021修订） 第2条 https://fgk.chinatax.gov.cn/zcfgk/c100009/c5211778/content.html
行政处罚事先告知	行政處罰事先告知	prior notice of an administrative penalty	xing2 zheng4 chu3 fa2 shi4 xian1 gao4 zhi1	administrative	CN	INTERNATIONAL	action	中华人民共和国行政处罚法（2021修订）	事先告知发生在处罚决定作出之前，告知内容不仅包括拟处罚结果，还包括事实、理由、依据及陈述、申辩、听证等权利。	oll-cn-admin-labor:cn-admin-prior-notice	cn-admin-prior-notice	CC-BY-4.0	project_authored	行政机关在作出行政处罚决定前，将拟处罚内容及其事实、理由、依据和当事人依法享有的程序权利告知当事人的程序。	项目释译，非官方译文；prior notice 强调决定前的程序性告知，不等同于处罚决定书的送达。	中华人民共和国行政处罚法（2021修订） 第44条 https://fgk.chinatax.gov.cn/zcfgk/c100009/c5211778/content.html
行政处罚听证	行政處罰聽證	administrative penalty hearing	xing2 zheng4 chu3 fa2 ting1 zheng4	administrative	CN	INTERNATIONAL	term	中华人民共和国行政处罚法（2021修订）	法定情形包括较大数额罚款、较大数额没收、降低资质等级或吊销许可证件、责令停产停业等；当事人不承担行政机关组织听证的费用。	oll-cn-admin-labor:cn-admin-penalty-hearing	cn-admin-penalty-hearing	CC-BY-4.0	project_authored	对法定较重行政处罚决定，在当事人依法要求时由行政机关组织的听证程序。	项目释译，非官方译文；hearing 指行政处罚法规定的程序性听证，不等同于法院 trial。	中华人民共和国行政处罚法（2021修订） 第63条 https://fgk.chinatax.gov.cn/zcfgk/c100009/c5211778/content.html
行政处罚的种类	行政處罰的種類	types of administrative penalties	xing2 zheng4 chu3 fa2 de5 zhong3 lei4	administrative	CN	INTERNATIONAL	term	中华人民共和国行政处罚法（2021修订）	行政处罚并不等于罚款；判断具体措施时要先核对其是否落入法定处罚类别以及是否有设定依据。	oll-cn-admin-labor:cn-admin-penalty-types	cn-admin-penalty-types	CC-BY-4.0	project_authored	法律列举的行政处罚类别，包括警告或通报批评、罚款或没收、许可证和资质措施、经营限制、行政拘留以及法律行政法规规定的其他处罚。	项目释译，非官方译文；types of administrative penalties 指法定类别，不表示项目对任一具体措施已经完成定性。	中华人民共和国行政处罚法（2021修订） 第9条 https://fgk.chinatax.gov.cn/zcfgk/c100009/c5211778/content.html
行政处罚立案	行政處罰立案	case filing for an administrative penalty	xing2 zheng4 chu3 fa2 li4 an4	administrative	CN	INTERNATIONAL	action	中华人民共和国行政处罚法（2021修订）	第五十四条把全面、客观、公正调查与符合立案标准时及时立案并列规定；“立案”并不意味着违法事实已经最终认定。	oll-cn-admin-labor:cn-admin-case-filing	cn-admin-case-filing	CC-BY-4.0	project_authored	行政机关发现涉嫌应受行政处罚的行为并符合立案标准时，将案件正式纳入调查处理程序的步骤。	项目释译，非官方译文；case filing 在此表示行政处罚执法流程中的立案，不等同于法院 docketing。	中华人民共和国行政处罚法（2021修订） 第54条 https://fgk.chinatax.gov.cn/zcfgk/c100009/c5211778/content.html
行政复议	行政複議	administrative reconsideration	xing2 zheng4 fu4 yi4	administrative,dispute_resolution	CN	INTERNATIONAL	term	中华人民共和国行政复议法（2023修订）	行政复议针对行政行为展开法定复审；对复议决定不服原则上仍可依法提起行政诉讼，但法律规定最终裁决的除外。	oll-cn-admin-labor:cn-admin-reconsideration	cn-admin-reconsideration	CC-BY-4.0	project_authored	公民、法人或者其他组织认为行政行为侵犯其合法权益时，依法向行政复议机关申请，由行政复议机关办理复议案件的行政救济制度。	项目释译，非官方译文；administrative reconsideration 用于中国法上的行政复议，不直接替换为 judicial review。	中华人民共和国行政复议法（2023修订） 第2,10条 https://jiangsu.chinatax.gov.cn/art/2023/9/1/art_23636_1030.html
行政复议中止	行政複議中止	suspension of administrative reconsideration	xing2 zheng4 fu4 yi4 zhong1 zhi3	administrative,dispute_resolution	CN	INTERNATIONAL	term	中华人民共和国行政复议法（2023修订）	中止的核心是暂时停止而非案件终结；原因消除后应及时恢复审理，并由行政复议机关书面告知当事人。	oll-cn-admin-labor:cn-admin-reconsideration-suspension	cn-admin-reconsideration-suspension	CC-BY-4.0	project_authored	行政复议过程中出现法定暂时障碍时，案件审理暂停，待中止原因消除后继续审理的程序状态。	项目释译，非官方译文；suspension 强调程序暂停，与 termination of administrative reconsideration 区分。	中华人民共和国行政复议法（2023修订） 第39条 https://jiangsu.chinatax.gov.cn/art/2023/9/1/art_23636_1030.html
行政复议书面申请	行政複議書面申請	written application for administrative reconsideration	xing2 zheng4 fu4 yi4 shu1 mian4 shen1 qing3	administrative,dispute_resolution	CN	INTERNATIONAL	document	中华人民共和国行政复议法（2023修订）	书面申请并非唯一形式；书面申请有困难时法律允许口头申请。	oll-cn-admin-labor:cn-admin-reconsideration-written-application	cn-admin-reconsideration-written-application	CC-BY-4.0	project_authored	以书面形式提出的行政复议申请，可以通过邮寄、行政复议机关指定的互联网渠道或者当面提交等法定方式提出。	项目释译，非官方译文；written application 指申请形式，不表示必须使用特定纸质表格。	中华人民共和国行政复议法（2023修订） 第22条 https://jiangsu.chinatax.gov.cn/art/2023/9/1/art_23636_1030.html
行政复议书面答复	行政複議書面答覆	written response in administrative reconsideration	xing2 zheng4 fu4 yi4 shu1 mian4 da2 fu4	administrative,dispute_resolution	CN	INTERNATIONAL	document	中华人民共和国行政复议法（2023修订）	被申请人应在收到相关副本或复印件之日起十日内提出书面答复，并提交作出行政行为的证据、依据和其他有关材料。	oll-cn-admin-labor:cn-admin-reconsideration-response	cn-admin-reconsideration-response	CC-BY-4.0	project_authored	行政复议中，被申请人在收到申请书副本或申请笔录复印件后，就被申请行政行为提交的书面答复。	项目释译，非官方译文；written response 指复议程序中的答复材料，不等同于法院诉讼答辩状。	中华人民共和国行政复议法（2023修订） 第48条 https://jiangsu.chinatax.gov.cn/art/2023/9/1/art_23636_1030.html
行政复议口头申请	行政複議口頭申請	oral application for administrative reconsideration	xing2 zheng4 fu4 yi4 kou3 tou2 shen1 qing3	administrative,dispute_resolution	CN	INTERNATIONAL	action	中华人民共和国行政复议法（2023修订）	机关记录内容包括申请人基本情况、复议请求、主要事实、理由和时间；口头申请并不意味着可以省略这些核心信息。	oll-cn-admin-labor:cn-admin-reconsideration-oral-application	cn-admin-reconsideration-oral-application	CC-BY-4.0	project_authored	申请人因书面申请有困难而以口头方式提出的行政复议申请，由行政复议机关当场记录法定事项。	项目释译，非官方译文；oral application 指申请方式，不表示口头审理。	中华人民共和国行政复议法（2023修订） 第22条 https://jiangsu.chinatax.gov.cn/art/2023/9/1/art_23636_1030.html
行政复议听证	行政複議聽證	administrative reconsideration hearing	xing2 zheng4 fu4 yi4 ting1 zheng4	administrative,dispute_resolution	CN	INTERNATIONAL	term	中华人民共和国行政复议法（2023修订）	重大、疑难、复杂案件应当组织听证；其他案件在机构认为有必要或申请人请求时可以组织。听证设主持人、听证员和记录员。	oll-cn-admin-labor:cn-admin-reconsideration-hearing	cn-admin-reconsideration-hearing	CC-BY-4.0	project_authored	行政复议机构在审理重大、疑难、复杂案件时依法组织，或者在认为必要、申请人请求等情况下可以组织的听证程序。	项目释译，非官方译文；administrative reconsideration hearing 与行政处罚决定前的处罚听证属于不同程序。	中华人民共和国行政复议法（2023修订） 第50条 https://jiangsu.chinatax.gov.cn/art/2023/9/1/art_23636_1030.html
行政复议普通程序	行政複議普通程序	ordinary procedure for administrative reconsideration	xing2 zheng4 fu4 yi4 pu3 tong1 cheng2 xu4	administrative,dispute_resolution	CN	INTERNATIONAL	term	中华人民共和国行政复议法（2023修订）	因当事人原因不能听取意见的，可以书面审理；本词条只概括第四十九条体现的普通程序要求，不替代全章程序规则。	oll-cn-admin-labor:cn-admin-reconsideration-ordinary-procedure	cn-admin-reconsideration-ordinary-procedure	CC-BY-4.0	project_authored	行政复议案件适用的普通审理程序；在该程序下，行政复议机构原则上应通过当面、互联网、电话等方式听取当事人意见并记录在案。	项目释译，非官方译文；ordinary procedure 用于与法律中的其他程序类型区分。	中华人民共和国行政复议法（2023修订） 第49条 https://jiangsu.chinatax.gov.cn/art/2023/9/1/art_23636_1030.html
行政复议机关	行政複議機關	administrative reconsideration authority	xing2 zheng4 fu4 yi4 ji1 guan1	administrative,dispute_resolution	CN	INTERNATIONAL	institution	中华人民共和国行政复议法（2023修订）	“行政复议机关”是依法承担复议职责的行政机关，与具体承办复议事项的“行政复议机构”应区分。	oll-cn-admin-labor:cn-admin-reconsideration-authority	cn-admin-reconsideration-authority	CC-BY-4.0	project_authored	依照行政复议法履行行政复议职责的县级以上各级人民政府以及其他法定行政机关。	项目释译，非官方译文；authority 强调依法承担复议职责的机关层级，避免与内部承办机构混同。	中华人民共和国行政复议法（2023修订） 第4条 https://jiangsu.chinatax.gov.cn/art/2023/9/1/art_23636_1030.html
行政复议机构	行政複議機構	administrative reconsideration office	xing2 zheng4 fu4 yi4 ji1 gou4	administrative,dispute_resolution	CN	INTERNATIONAL	institution	中华人民共和国行政复议法（2023修订）	机关与机构不是同一概念：前者承担法定复议职责，后者是办理复议事项的具体机构。	oll-cn-admin-labor:cn-admin-reconsideration-office	cn-admin-reconsideration-office	CC-BY-4.0	project_authored	行政复议机关中具体办理行政复议事项的机构，并同时组织办理该机关的行政应诉事项。	项目释译，非官方译文；office 用于与 administrative reconsideration authority 区分，并不暗示统一的机构名称。	中华人民共和国行政复议法（2023修订） 第4条 https://jiangsu.chinatax.gov.cn/art/2023/9/1/art_23636_1030.html
行政复议申请	行政複議申請	application for administrative reconsideration	xing2 zheng4 fu4 yi4 shen1 qing3	administrative,dispute_resolution	CN	INTERNATIONAL	document	中华人民共和国行政复议法（2023修订）	申请可以书面提出，书面申请有困难时也可以口头提出；对两个以上行政行为不服的，应分别申请。	oll-cn-admin-labor:cn-admin-reconsideration-application	cn-admin-reconsideration-application	CC-BY-4.0	project_authored	申请人请求行政复议机关依法对其不服的行政行为启动行政复议程序的申请。	项目释译，非官方译文；application 同时可指申请行为和申请事项，具体文书可写 application for administrative reconsideration。	中华人民共和国行政复议法（2023修订） 第20,22条 https://jiangsu.chinatax.gov.cn/art/2023/9/1/art_23636_1030.html
行政复议申请期限	行政複議申請期限	time limit for applying for administrative reconsideration	xing2 zheng4 fu4 yi4 shen1 qing3 qi1 xian4	administrative,dispute_resolution	CN	INTERNATIONAL	term	中华人民共和国行政复议法（2023修订）	不可抗力或其他正当理由造成耽误时，期限按条文规则继续计算；行政机关未告知复议权利、机关和期限时另有起算规则及最长一年限制。	oll-cn-admin-labor:cn-admin-reconsideration-time-limit	cn-admin-reconsideration-time-limit	CC-BY-4.0	project_authored	行政复议申请可以依法提出的期间，原则上自知道或者应当知道行政行为之日起六十日计算，法律规定更长期限的除外。	项目释译，非官方译文；time limit 比 limitation period 更中性，避免与民事诉讼时效混同。	中华人民共和国行政复议法（2023修订） 第20条 https://jiangsu.chinatax.gov.cn/art/2023/9/1/art_23636_1030.html
行政复议终止	行政複議終止	termination of administrative reconsideration	xing2 zheng4 fu4 yi4 zhong1 zhi3	administrative,dispute_resolution	CN	INTERNATIONAL	term	中华人民共和国行政复议法（2023修订）	终止不同于中止：例如申请人撤回申请并获准、特定主体终止且无权利义务承受人等情形可导致案件终结；中止原则上仍可能恢复。	oll-cn-admin-labor:cn-admin-reconsideration-termination	cn-admin-reconsideration-termination	CC-BY-4.0	project_authored	行政复议过程中出现法律列举的终结事由时，由行政复议机关决定结束该复议程序的状态。	项目释译，非官方译文；termination 表示复议程序终结，不等同于暂停。	中华人民共和国行政复议法（2023修订） 第39,41条 https://jiangsu.chinatax.gov.cn/art/2023/9/1/art_23636_1030.html
行政契约	行政契約	administrative contract	xing2 zheng4 qi4 yue1	administrative,contracts	待核查	TW	unclassified	憲法法庭書記廳		tw-judicial:560	tw-judicial-4d11172e5a21d3d69cbf	OGDL-Taiwan-1.0	source_attributed			
行政执行法	行政執行法	The Administrative Execution Act	xing2 zheng4 zhi2 xing2 fa3	administrative	待核查	TW	statute	憲法法庭書記廳		tw-judicial:575	tw-judicial-113bdb5ae26fe7e5c902	OGDL-Taiwan-1.0	source_attributed			
行政措施	行政措施	administrative measures	xing2 zheng4 cuo4 shi1	administrative	待核查	TW	unclassified	憲法法庭書記廳		tw-judicial:576	tw-judicial-33aafa758c60d374ae03	OGDL-Taiwan-1.0	source_attributed			
行政救济	行政救濟	administrative remedy	xing2 zheng4 jiu4 ji4	administrative	待核查	TW	unclassified	憲法法庭書記廳		tw-judicial:577	tw-judicial-7119b0563940f49243b7	OGDL-Taiwan-1.0	source_attributed			
行政救济程序;行政争讼程序	行政救濟程序;行政爭訟程序	procedures for administrative remedies		administrative	待核查	TW	unclassified	憲法法庭書記廳		tw-judicial:578	tw-judicial-44a2f074323109369466	OGDL-Taiwan-1.0	source_attributed			
行政机关	行政機關	administrative agency	xing2 zheng4 ji1 guan1	administrative	待核查	TW	unclassified	憲法法庭書記廳		tw-judicial:591	tw-judicial-01d6bffb38e43faa57d8	OGDL-Taiwan-1.0	source_attributed			
行政法	行政法	Administrative Law	xing2 zheng4 fa3	administrative	待核查	TW	unclassified	行政訴訟及懲戒廳		tw-judicial:554	tw-judicial-1d40e896fb6b20ba5422	OGDL-Taiwan-1.0	source_attributed			
行政法规	行政法規	administrative regulation	xing2 zheng4 fa3 gui1	administrative	待核查	TW	unclassified	憲法法庭書記廳		tw-judicial:558	tw-judicial-a036d4500c7f86dbf31c	OGDL-Taiwan-1.0	source_attributed			
行政法院	行政法院	administrative court	xing2 zheng4 fa3 yuan4	administrative,dispute_resolution	待核查	TW	institution	憲法法庭書記廳		tw-judicial:555	tw-judicial-72a53fe474a2b2fd85f1	OGDL-Taiwan-1.0	source_attributed			
行政法院处务规程	行政法院處務規程	Directives for the Operational Procedure of Administrative Court	xing2 zheng4 fa3 yuan4 chu4 wu4 gui1 cheng2	administrative,dispute_resolution	待核查	TW	unclassified	憲法法庭書記廳		tw-judicial:557	tw-judicial-1ccb56ccdf74513a27c2	OGDL-Taiwan-1.0	source_attributed			
行政法院组织法	行政法院組織法	The Administrative Court Organization Act	xing2 zheng4 fa3 yuan4 zu3 zhi1 fa3	administrative,dispute_resolution	待核查	TW	statute	憲法法庭書記廳		tw-judicial:556	tw-judicial-a1afc17c4baad6d1e518	OGDL-Taiwan-1.0	source_attributed			
行政秩序罚；秩序罚	行政秩序罰；秩序罰	penalty for offense against the order of administration		administrative	待核查	TW	unclassified	憲法法庭書記廳		tw-judicial:561	tw-judicial-fca56a6a4f9a0113da36	OGDL-Taiwan-1.0	source_attributed			
行政罚	行政罰	administrative sanction	xing2 zheng4 fa2	administrative	待核查	TW	unclassified	憲法法庭書記廳		tw-judicial:590	tw-judicial-758c44c3d2052a33a7fd	OGDL-Taiwan-1.0	source_attributed			
行政规则	行政規則	administrative directive	xing2 zheng4 gui1 ze2	administrative	待核查	TW	statute	憲法法庭書記廳		tw-judicial:580	tw-judicial-7932fe04491989668420	OGDL-Taiwan-1.0	source_attributed			
行政解释	行政解釋	administrative construction; administrative interpretation	xing2 zheng4 jie3 shi4	administrative	待核查	TW	unclassified	憲法法庭書記廳		tw-judicial:589	tw-judicial-d2137b959719f760c720	OGDL-Taiwan-1.0	source_attributed			
行政诉愿	行政訴願	administrative appeal	xing2 zheng4 su4 yuan4	administrative,dispute_resolution	待核查	TW	unclassified	憲法法庭書記廳		tw-judicial:588	tw-judicial-42c6806566d297e01e9e	OGDL-Taiwan-1.0	source_attributed			
行政诉讼	行政訴訟	administrative litigation	xing2 zheng4 su4 song4	administrative,dispute_resolution	待核查	TW	unclassified	憲法法庭書記廳		tw-judicial:581	tw-judicial-d222294c53ed085dcf08	OGDL-Taiwan-1.0	source_attributed			
行政诉讼及惩戒厅	行政訴訟及懲戒廳	Department of Administrative Litigation and Discipline	xing2 zheng4 su4 song4 ji2 cheng2 jie4 ting1	administrative,dispute_resolution	待核查	TW	unclassified	司法行政廳		tw-judicial:582	tw-judicial-842f024e39f486d8b888	OGDL-Taiwan-1.0	source_attributed			
行政诉讼庭	行政訴訟庭	Administrative Litigation Division	xing2 zheng4 su4 song4 ting2	administrative,dispute_resolution	待核查	TW	unclassified	司法行政廳		tw-judicial:585	tw-judicial-f34b161851fb2932756f	OGDL-Taiwan-1.0	source_attributed			
行政诉讼新制	行政訴訟新制	new system of administrative proceeding	xing2 zheng4 su4 song4 xin1 zhi4	administrative,dispute_resolution	待核查	TW	unclassified	憲法法庭書記廳		tw-judicial:587	tw-judicial-ef2580b83c1072ae30ad	OGDL-Taiwan-1.0	source_attributed			
行政诉讼法	行政訴訟法	Administrative Litigation Act	xing2 zheng4 su4 song4 fa3	administrative,dispute_resolution	待核查	TW	statute	行政訴訟及懲戒廳		tw-judicial:583	tw-judicial-67a4cb7155a45786d651	OGDL-Taiwan-1.0	source_attributed			
行政诉讼法庭	行政訴訟法庭	Administrative Litigation Courtroom	xing2 zheng4 su4 song4 fa3 ting2	administrative,dispute_resolution	待核查	TW	unclassified	司法行政廳		tw-judicial:584	tw-judicial-8b2513de03c3a73016b9	OGDL-Taiwan-1.0	source_attributed			
行政诉讼程序	行政訴訟程序	administrative litigation procedure	xing2 zheng4 su4 song4 cheng2 xu4	administrative,dispute_resolution	待核查	TW	unclassified	憲法法庭書記廳		tw-judicial:586	tw-judicial-13e7e67c794b1793d12a	OGDL-Taiwan-1.0	source_attributed			
行政院	行政院	Executive Yuan	xing2 zheng4 yuan4	administrative	待核查	TW	unclassified	憲法法庭書記廳		tw-judicial:562	tw-judicial-10fdbd5b7fd2fd445941	OGDL-Taiwan-1.0	source_attributed			
行政院主计处电子处理资料中心组织条例	行政院主計處電子處理資料中心組織條例	The Organization Act of The Data Management Processing Center of The Directorate-General of Budget, Accounting and Statistics of The Executive Yuan	xing2 zheng4 yuan4 zhu3 ji4 chu4 dian4 zi5 chu3 li3 zi1 liao4 zhong1 xin1 zu3 zhi1 tiao2 li4	administrative	待核查	TW	statute	憲法法庭書記廳		tw-judicial:567	tw-judicial-5bae7583d664241568c8	OGDL-Taiwan-1.0	source_attributed			
行政院主计处组织法	行政院主計處組織法	Organic Act of Directorate General of Budget, Accounting and Statistics, Executive Yuan	xing2 zheng4 yuan4 zhu3 ji4 chu4 zu3 zhi1 fa3	administrative	待核查	TW	statute	憲法法庭書記廳		tw-judicial:566	tw-judicial-64598d77865c3b69b6fe	OGDL-Taiwan-1.0	source_attributed			
行政院人事行政局地方行政研习中心组织条例	行政院人事行政局地方行政研習中心組織條例	Organic Act of the Regional Civil Service Development Institute of the Central Personnel Administration of the Executive Yuan	xing2 zheng4 yuan4 ren2 shi4 xing2 zheng4 ju2 di4 fang1 xing2 zheng4 yan2 xi2 zhong1 xin1 zu3 zhi1 tiao2 li4	administrative	待核查	TW	statute	憲法法庭書記廳		tw-judicial:563	tw-judicial-28395b0a11e5af3dd93a	OGDL-Taiwan-1.0	source_attributed			
行政院人事行政局组织条例	行政院人事行政局組織條例	Organic Act of Central Personnel Administration, Executive Yuan	xing2 zheng4 yuan4 ren2 shi4 xing2 zheng4 ju2 zu3 zhi1 tiao2 li4	administrative	待核查	TW	statute	憲法法庭書記廳		tw-judicial:564	tw-judicial-e66f6c9b33f2ad980247	OGDL-Taiwan-1.0	source_attributed			
行政院公平交易委员会组织条例	行政院公平交易委員會組織條例	Organic Act of Fair Trade Commission, Executive Yuan	xing2 zheng4 yuan4 gong1 ping2 jiao1 yi4 wei3 yuan2 hui4 zu3 zhi1 tiao2 li4	administrative,competition	待核查	TW	statute	憲法法庭書記廳		tw-judicial:565	tw-judicial-86d84b3c76dafb98a0b0	OGDL-Taiwan-1.0	source_attributed			
行政院原住民族委员会文化园区管理局组织条例	行政院原住民族委員會文化園區管理局組織條例	Organization Regulations Of Bureau Of Culture Park, Council Of Indigenous Peoples,executive Yuan	xing2 zheng4 yuan4 yuan2 zhu4 min2 zu2 wei3 yuan2 hui4 wen2 hua4 yuan2 qu1 guan3 li3 ju2 zu3 zhi1 tiao2 li4	administrative	待核查	TW	statute	憲法法庭書記廳		tw-judicial:569	tw-judicial-4bfafce8f3188699488c	OGDL-Taiwan-1.0	source_attributed			
行政院原住民族委员会组织条例	行政院原住民族委員會組織條例	Council of Indigenous Peoples Executive Yuan Organization Bylaws Bylaws	xing2 zheng4 yuan4 yuan2 zhu4 min2 zu2 wei3 yuan2 hui4 zu3 zhi1 tiao2 li4	administrative	待核查	TW	statute	憲法法庭書記廳		tw-judicial:570	tw-judicial-571659e2eaa36812eeda	OGDL-Taiwan-1.0	source_attributed			
行政院国军退除役官兵辅导委员会各农场有眷场员就医就养或死亡开缺后房舍土地处理要点	行政院國軍退除役官兵輔導委員會各農場有眷場員就醫就養或死亡開缺後房舍土地處理要點	Regulations for Handling of the Houses and Lands Vacated by Married Veterans Working on Plantations Owned by Veterans Affairs Commission After their Hospitalization, Retirement or Death	xing2 zheng4 yuan4 guo2 jun1 tui4 chu2 yi4 guan1 bing1 fu3 dao3 wei3 yuan2 hui4 ge4 nong2 chang3 you3 juan4 chang3 yuan2 jiu4 yi1 jiu4 yang3 huo4 si3 wang2 kai1 que1 hou4 fang2 she4 tu3 di4 chu3 li3 yao4 dian3	administrative,property	待核查	TW	statute	憲法法庭書記廳		tw-judicial:572	tw-judicial-023d1f7b4da8b803ff4e	OGDL-Taiwan-1.0	source_attributed			
行政院暨所属各机关计划预算执行考核奖惩作业要点	行政院暨所屬各機關計畫預算執行考核獎懲作業要點	Regulations for the Operations of the Examination, Reward and Discipline Concerning the Execution of Planned Budget of the Executive Yuan and Its Affilliated Agencies	xing2 zheng4 yuan4 ji4 suo3 shu3 ge4 ji1 guan1 ji4 hua4 yu4 suan4 zhi2 xing2 kao3 he2 jiang3 cheng2 zuo4 ye4 yao4 dian3	administrative	待核查	TW	statute	憲法法庭書記廳		tw-judicial:574	tw-judicial-fcb20d06c9a96497d3ec	OGDL-Taiwan-1.0	source_attributed			
行政院研究发展考核委员会组织条例	行政院研究發展考核委員會組織條例	Organic Act of the Research, Development and Evaluation Commission, Executive Yuan	xing2 zheng4 yuan4 yan2 jiu1 fa1 zhan3 kao3 he2 wei3 yuan2 hui4 zu3 zhi1 tiao2 li4	administrative	待核查	TW	statute	憲法法庭書記廳		tw-judicial:568	tw-judicial-9815061e4fab0967aba5	OGDL-Taiwan-1.0	source_attributed			
行政院经济建设委员会组织条例	行政院經濟建設委員會組織條例	The Organic Act of the Council for Economic Planning and Development, Executive Yuan	xing2 zheng4 yuan4 jing1 ji4 jian4 she4 wei3 yuan2 hui4 zu3 zhi1 tiao2 li4	administrative	待核查	TW	statute	憲法法庭書記廳		tw-judicial:573	tw-judicial-dc86bee6f2ddf3c512d4	OGDL-Taiwan-1.0	source_attributed			
行政院院长	行政院院長	Premier	xing2 zheng4 yuan4 yuan4 zhang3	administrative	待核查	TW	unclassified	憲法法庭書記廳		tw-judicial:571	tw-judicial-484f835414f1167ac04c	OGDL-Taiwan-1.0	source_attributed			
行政（襄阅）庭长室	行政（襄閱）庭長室	Administrative Assistant to The Chief Judge		administrative	待核查	TW	unclassified	司法行政廳		tw-judicial:551	tw-judicial-30a202b28f000b07e942	OGDL-Taiwan-1.0	source_attributed			
行销、交易	行銷、交易	marketing		intellectual_property	待核查	TW	unclassified	A13070000G		tw-tipo-trademark:350	tw-tipo-trademark-d9b8e7616b74eb900052	OGDL-Taiwan-1.0	source_attributed			
补偿地价	補償地價	just compensation	bu3 chang2 di4 jia4	unclassified	待核查	TW	unclassified	憲法法庭書記廳		tw-judicial:1580	tw-judicial-bad25dfeb1207b567ec3	OGDL-Taiwan-1.0	source_attributed			
补偿费	補償費	compensation	bu3 chang2 fei4	unclassified	待核查	TW	unclassified	憲法法庭書記廳		tw-judicial:1581	tw-judicial-5f87b70a4f8fe2344a13	OGDL-Taiwan-1.0	source_attributed			
补充规定	補充規定	supplementary regulations	bu3 chong1 gui1 ding4	unclassified	待核查	TW	unclassified	憲法法庭書記廳		tw-judicial:1577	tw-judicial-b8a4d4daf1c7288690ca	OGDL-Taiwan-1.0	source_attributed			
补救措施	補救措施	measures of remediation	bu3 jiu4 cuo4 shi1	unclassified	待核查	TW	unclassified	憲法法庭書記廳		tw-judicial:1579	tw-judicial-f426e0dfc05a4bee4991	OGDL-Taiwan-1.0	source_attributed			
补正	補正	amendment	bu3 zheng4	unclassified	待核查	TW	unclassified	民事廳		tw-judicial:1578	tw-judicial-e79e3cb9f45f2fe15fb1	OGDL-Taiwan-1.0	source_attributed			
表现自我	表現自我	self-expression	biao3 xian4 zi4 wo3	unclassified	待核查	TW	unclassified	憲法法庭書記廳		tw-judicial:840	tw-judicial-3c500cabfbd59edbb607	OGDL-Taiwan-1.0	source_attributed			
表见代理	表見代理	apparent agency	biao3 jian4 dai4 li3	civil	CN	INTERNATIONAL	term	中华人民共和国民法典（2020）	与一般无权代理比较，条文关键在相对人有理由相信存在代理权。	oll-cn-core:cn-apparent-agency	cn-apparent-agency	CC-BY-4.0	project_authored	行为人虽无代理权，但相对人有理由相信其有代理权，因而代理行为有效的情形。	项目释译，非官方译文；英文只作该中国法概念的语境译法，不声称与其他法域 apparent authority 完全等同。	中华人民共和国民法典（2020） 第172条 https://www.court.gov.cn/zixun/xiangqing/233181.html
表面上证据确凿的案件	表面上證據確鑿的案件	a prima-facie case	biao3 mian4 shang4 zheng4 ju4 que4 zao2 de5 an4 jian4	intellectual_property	待核查	TW	unclassified	A13070000G		tw-tipo-trademark:426	tw-tipo-trademark-e3acdbb5e2c535a5a669	OGDL-Taiwan-1.0	source_attributed			
被上诉人及诉讼代理人席	被上訴人及訴訟代理人席	Appellee and Agent ad litem	bei4 shang4 su4 ren2 ji2 su4 song4 dai4 li3 ren2 xi2	dispute_resolution	待核查	TW	unclassified	司法行政廳		tw-judicial:1333	tw-judicial-8b4235af6fb752b5db6a	OGDL-Taiwan-1.0	source_attributed			
被保证债务	被保證債務	guaranteed obligation	bei4 bao3 zheng4 zhai4 wu4	unclassified	待核查	TW	unclassified	憲法法庭書記廳		tw-judicial:1339	tw-judicial-022b235586034210805b	OGDL-Taiwan-1.0	source_attributed			
被保险人	被保險人	insured	bei4 bao3 xian3 ren2	unclassified	待核查	TW	unclassified	憲法法庭書記廳		tw-judicial:1337	tw-judicial-82b83b3ec531b099e176	OGDL-Taiwan-1.0	source_attributed			
被保险人之量能负担	被保險人之量能負擔	insured payroll-related amount	bei4 bao3 xian3 ren2 zhi1 liang4 neng2 fu4 dan1	unclassified	待核查	TW	unclassified	憲法法庭書記廳		tw-judicial:1338	tw-judicial-60723400b0458f4d440b	OGDL-Taiwan-1.0	source_attributed			
被告及诉讼代理人席	被告及訴訟代理人席	Defendant and Agent ad litem	bei4 gao4 ji2 su4 song4 dai4 li3 ren2 xi2	dispute_resolution	待核查	TW	unclassified	司法行政廳		tw-judicial:1335	tw-judicial-6ae110dd475bd0e2238c	OGDL-Taiwan-1.0	source_attributed			
被告及辅佐人席	被告及輔佐人席	Defendant and Assistant ad litem	bei4 gao4 ji2 fu3 zuo3 ren2 xi2	unclassified	待核查	TW	unclassified	司法行政廳		tw-judicial:1336	tw-judicial-a7fc9ac857da17a4e763	OGDL-Taiwan-1.0	source_attributed			
被害人	被害人	victim	bei4 hai4 ren2	unclassified	待核查	TW	unclassified	憲法法庭書記廳		tw-judicial:1340	tw-judicial-638efeaaaa18dfb654ca	OGDL-Taiwan-1.0	source_attributed			
被害人告诉人及代理人席	被害人告訴人及代理人席	Victim, Complainant, and Agent ad litem	bei4 hai4 ren2 gao4 su4 ren2 ji2 dai4 li3 ren2 xi2	unclassified	待核查	TW	unclassified	司法行政廳		tw-judicial:1341	tw-judicial-828b5b860c7cdb46796d	OGDL-Taiwan-1.0	source_attributed			
被授权人	被授權人	licensee	bei4 shou4 quan2 ren2	intellectual_property	待核查	TW	unclassified	A13070000G		tw-tipo-trademark:341	tw-tipo-trademark-6a6c2d8cd096fe5e2bca	OGDL-Taiwan-1.0	source_attributed			
被收养人	被收養人	adoptee	bei4 shou1 yang3 ren2	family	待核查	TW	unclassified	憲法法庭書記廳		tw-judicial:1334	tw-judicial-23087a19db5f3ffa4f3a	OGDL-Taiwan-1.0	source_attributed			
被继承人	被繼承人	ancestor; decedent	bei4 ji4 cheng2 ren2	family	待核查	TW	unclassified	憲法法庭書記廳		tw-judicial:1342	tw-judicial-4ccdeb3fd5bff759907c	OGDL-Taiwan-1.0	source_attributed			
被继承人财产	被繼承人財產	decedent's estate	bei4 ji4 cheng2 ren2 cai2 chan3	family	待核查	TW	unclassified	憲法法庭書記廳		tw-judicial:1343	tw-judicial-4273164553cd726f8f10	OGDL-Taiwan-1.0	source_attributed			
被误解地	被誤解地	mistakenly	bei4 wu4 jie3 di4	intellectual_property	待核查	TW	unclassified	A13070000G		tw-tipo-trademark:364	tw-tipo-trademark-33bf46cc0747ec4c80b8	OGDL-Taiwan-1.0	source_attributed			
裁判分居、裁判别居	裁判分居、裁判別居	judicial separation		unclassified	待核查	TW	unclassified	憲法法庭書記廳		tw-judicial:1480	tw-judicial-c21a1e8c0b6d6c75cc94	OGDL-Taiwan-1.0	source_attributed			
裁判费	裁判費	court costs	cai2 pan4 fei4	unclassified	待核查	TW	unclassified	憲法法庭書記廳		tw-judicial:1481	tw-judicial-c1c798f958c371fb3a51	OGDL-Taiwan-1.0	source_attributed			
裁定	裁定	ruling	cai2 ding4	dispute_resolution	待核查	TW	unclassified	憲法法庭書記廳		tw-judicial:1482	tw-judicial-625a100312f436ff763e	OGDL-Taiwan-1.0	source_attributed			
裁罚标准	裁罰標準	criteria of fines	cai2 fa2 biao1 zhun3	unclassified	待核查	TW	unclassified	憲法法庭書記廳		tw-judicial:1485	tw-judicial-bffb7d3687af0fee9662	OGDL-Taiwan-1.0	source_attributed			
裁量	裁量	discretion	cai2 liang4	unclassified	待核查	TW	unclassified	憲法法庭書記廳		tw-judicial:1483	tw-judicial-2fb0d50b02a5ef228e07	OGDL-Taiwan-1.0	source_attributed			
裁量范围	裁量範圍	scope of discretion	cai2 liang4 fan4 wei2	unclassified	待核查	TW	unclassified	憲法法庭書記廳		tw-judicial:1484	tw-judicial-bd26056056da35727841	OGDL-Taiwan-1.0	source_attributed			
装饰	裝飾	ornamentation	zhuang1 shi4	intellectual_property	待核查	TW	unclassified	A13070000G		tw-tipo-trademark:391	tw-tipo-trademark-3f6adc5fb416d955807a	OGDL-Taiwan-1.0	source_attributed			
褫夺公权	褫奪公權	deprivation of citizen's right	chi3 duo2 gong1 quan2	unclassified	待核查	TW	unclassified	憲法法庭書記廳		tw-judicial:1915	tw-judicial-c0d6b4f4d5b51765a217	OGDL-Taiwan-1.0	source_attributed			
要式行为	要式行為	formal act	yao4 shi4 xing2 wei2	unclassified	待核查	TW	unclassified	憲法法庭書記廳		tw-judicial:948	tw-judicial-cb62cb2cded20bf1f9c4	OGDL-Taiwan-1.0	source_attributed			
要求、必要条件、规定	要求、必要條件、規定	requirement		intellectual_property	待核查	TW	unclassified	A13070000G		tw-tipo-trademark:494	tw-tipo-trademark-0b74db76b0ea189e8b66	OGDL-Taiwan-1.0	source_attributed			
要求承认某人之身分、所有权或对某物享有某种权利；所要求之物	要求承認某人之身分、所有權或對某物享有某種權利；所要求之物	claim		intellectual_property	待核查	TW	unclassified	A13070000G		tw-tipo-trademark:72	tw-tipo-trademark-13338de3e3a3f476c77e	OGDL-Taiwan-1.0	source_attributed			
要约	要約	offer	yao1 yue1	contracts	CN	INTERNATIONAL	term	中华人民共和国民法典（2020）	同时注意内容确定性与承诺后受约束的意思，不能把所有商业宣传都当作要约。	oll-cn-core:cn-offer	cn-offer	CC-BY-4.0	project_authored	内容具体确定，且表明经受要约人承诺即受约束的订约意思表示。	项目释译，非官方译文；与 invitation to offer 区分。	中华人民共和国民法典（2020） 第472条 https://www.court.gov.cn/zixun/xiangqing/233181.html
要约邀请	要約邀請	invitation to offer	yao1 yue1 yao1 qing3	contracts	CN	INTERNATIONAL	term	中华人民共和国民法典（2020）	拍卖公告、招标公告等通常属于要约邀请；商业广告内容符合要约条件时可以构成要约。	oll-cn-core:cn-invitation-to-offer	cn-invitation-to-offer	CC-BY-4.0	project_authored	希望他人向自己发出要约的表示。	项目释译，非官方译文；也有 invitation to treat 译法；本库保留以要约为对象的表述。	中华人民共和国民法典（2020） 第473条 https://www.court.gov.cn/zixun/xiangqing/233181.html
见证人	見證人	witness	jian4 zheng4 ren2	unclassified	待核查	TW	role	民事廳		tw-judicial:675	tw-judicial-cbd222dfcbb115ecf522	OGDL-Taiwan-1.0	source_attributed			
观察指认室	觀察指認室	Observation and Identification Room	guan1 cha2 zhi3 ren4 shi4	unclassified	待核查	TW	unclassified	司法行政廳		tw-judicial:2118	tw-judicial-e4c98a90a2eb62094bf1	OGDL-Taiwan-1.0	source_attributed			
观念、意义	觀念、意義	meaning		intellectual_property	待核查	TW	unclassified	A13070000G		tw-tipo-trademark:355	tw-tipo-trademark-aa507b0162c8db952918	OGDL-Taiwan-1.0	source_attributed			
观护人	觀護人	Probation Officer	guan1 hu4 ren2	unclassified	待核查	TW	unclassified	司法行政廳		tw-judicial:2119	tw-judicial-2b467b8cec5a3a741feb	OGDL-Taiwan-1.0	source_attributed			
观护人室	觀護人室	Probation Officer Office	guan1 hu4 ren2 shi4	unclassified	待核查	TW	unclassified	司法行政廳		tw-judicial:2120	tw-judicial-37cbdd7327afaa5c807c	OGDL-Taiwan-1.0	source_attributed			
规则	規則	regulation	gui1 ze2	unclassified	待核查	TW	unclassified	憲法法庭書記廳		tw-judicial:1344	tw-judicial-6a97e3d3e8834ee76515	OGDL-Taiwan-1.0	source_attributed			
规则制定权	規則制定權	power of rule making	gui1 ze2 zhi4 ding4 quan2	unclassified	待核查	TW	unclassified	憲法法庭書記廳		tw-judicial:1345	tw-judicial-69a552e7eec63020ede4	OGDL-Taiwan-1.0	source_attributed			
规范	規範	specification	gui1 fan4	intellectual_property	待核查	TW	unclassified	A13070000G		tw-tipo-trademark:533	tw-tipo-trademark-8acfdb6b16bfe72572a4	OGDL-Taiwan-1.0	source_attributed			
规费	規費	government fee	gui1 fei4	intellectual_property	待核查	TW	unclassified	A13070000G		tw-tipo-trademark:262	tw-tipo-trademark-a4204ab1a32b8e6444cb	OGDL-Taiwan-1.0	source_attributed			
视同应税交易	視同應稅交易	deemed taxable transaction	shi4 tong2 ying1 shui4 jiao1 yi4	tax	CN	INTERNATIONAL	term	中华人民共和国增值税法（2024通过）	第五条列举自产或委托加工货物用于集体福利或个人消费、部分无偿转让等情形；“视同”不能扩张到条文未规定的所有无偿行为。	oll-cn-tax-trade:cn-vat-deemed-taxable-transaction	cn-vat-deemed-taxable-transaction	CC-BY-4.0	project_authored	虽不完全符合一般有偿交易形态，但由法律明确视同应税交易并按规定缴纳增值税的特定行为。	项目释译，非官方译文；deemed taxable transaction 强调法律拟制。	中华人民共和国增值税法（2024通过） 第5条 https://fgk.chinatax.gov.cn/zcfgk/c100009/c5237365/content.html
视同行政处分	視同行政處分	deemed administrative act	shi4 tong2 xing2 zheng4 chu3 fen4	administrative	待核查	TW	unclassified	憲法法庭書記廳		tw-judicial:1486	tw-judicial-36ffe76455243769fbda	OGDL-Taiwan-1.0	source_attributed			
视觉上	視覺上	visually	shi4 jue2 shang4	intellectual_property	待核查	TW	unclassified	A13070000G		tw-tipo-trademark:602	tw-tipo-trademark-8abdca4311dc35413941	OGDL-Taiwan-1.0	source_attributed			
视觉可感知的图样	視覺可感知的圖樣	visually perceptible representation	shi4 jue2 ke3 gan3 zhi1 de5 tu2 yang4	intellectual_property	待核查	TW	unclassified	A13070000G		tw-tipo-trademark:603	tw-tipo-trademark-0aa37ad2e337249b187c	OGDL-Taiwan-1.0	source_attributed			
解散之公司	解散之公司	a dissolved company	jie3 san4 zhi1 gong1 si1	company	待核查	TW	unclassified	憲法法庭書記廳		tw-judicial:1583	tw-judicial-a76858d58ed56219fa14	OGDL-Taiwan-1.0	source_attributed			
解散组织	解散組織	disband	jie3 san4 zu3 zhi1	unclassified	待核查	TW	unclassified	憲法法庭書記廳		tw-judicial:1584	tw-judicial-dcb1dfa6a793c8432cf4	OGDL-Taiwan-1.0	source_attributed			
解释	解釋	interpretation	jie3 shi4	unclassified	待核查	TW	unclassified	憲法法庭書記廳		tw-judicial:1585	tw-judicial-73d229f37aa2e6f9ef2c	OGDL-Taiwan-1.0	source_attributed			
解释宪法	解釋憲法	constitutional interpretation	jie3 shi4 xian4 fa3	constitutional	待核查	TW	statute	憲法法庭書記廳		tw-judicial:1586	tw-judicial-11d53090ceaa4e638bf0	OGDL-Taiwan-1.0	source_attributed			
解除	解除	Exemption	jie3 chu2	unclassified	待核查	TW	unclassified	憲法法庭書記廳		tw-judicial:1582	tw-judicial-46587a23a2ecc262868f	OGDL-Taiwan-1.0	source_attributed			
言论自由	言論自由	freedom of speech	yan2 lun4 zi4 you2	unclassified	待核查	TW	unclassified	憲法法庭書記廳		tw-judicial:678	tw-judicial-55fe59c8647e4feb1f10	OGDL-Taiwan-1.0	source_attributed			
言词	言詞	Verbal Arguments	yan2 ci2	unclassified	待核查	TW	unclassified	行政訴訟及懲戒廳		tw-judicial:676	tw-judicial-270c605f9a2333ccab19	OGDL-Taiwan-1.0	source_attributed			
言词辩论	言詞辯論	oral arguments	yan2 ci2 bian4 lun4	unclassified	待核查	TW	unclassified	憲法法庭書記廳		tw-judicial:677	tw-judicial-4802149e4286fb3f9fc2	OGDL-Taiwan-1.0	source_attributed			
警卫值班室	警衛值班室	Room of Security Guard on Duty	jing3 wei4 zhi2 ban1 shi4	unclassified	待核查	TW	unclassified	司法行政廳		tw-judicial:2092	tw-judicial-1bf4a2a8bab010f5975f	OGDL-Taiwan-1.0	source_attributed			
警告函	警告函	warning letter	jing3 gao4 han2	unclassified	待核查	TW	unclassified	憲法法庭書記廳		tw-judicial:2088	tw-judicial-f1af47e6164b5c9cdf89	OGDL-Taiwan-1.0	source_attributed			
警察刑事纪录证明核发条例	警察刑事紀錄證明核發條例	Act Governing Issuance of Police Criminal Record Certificates	jing3 cha2 xing2 shi4 ji4 lu4 zheng4 ming2 he2 fa1 tiao2 li4	criminal	待核查	TW	statute	憲法法庭書記廳		tw-judicial:2090	tw-judicial-416c96ccda589b87f10c	OGDL-Taiwan-1.0	source_attributed			
警察法	警察法	Police Act	jing3 cha2 fa3	unclassified	待核查	TW	unclassified	憲法法庭書記廳		tw-judicial:2091	tw-judicial-905ceba7f1309995f908	OGDL-Taiwan-1.0	source_attributed			
警长室	警長室	Chief Court Police Office	jing3 zhang3 shi4	unclassified	待核查	TW	unclassified	司法行政廳		tw-judicial:2089	tw-judicial-feaf7bb1a7691fc66966	OGDL-Taiwan-1.0	source_attributed			
认为、视作	認為、視作	deem		intellectual_property	待核查	TW	unclassified	A13070000G		tw-tipo-trademark:135	tw-tipo-trademark-5024d62598977a59b5a4	OGDL-Taiwan-1.0	source_attributed			
认出、识别、认识	認出、識別、認識	recognized		intellectual_property	待核查	TW	unclassified	A13070000G		tw-tipo-trademark:464	tw-tipo-trademark-eb1dd87cbc9940a286ad	OGDL-Taiwan-1.0	source_attributed			
认可	認可	certification	ren4 ke3	unclassified	待核查	TW	unclassified	憲法法庭書記廳		tw-judicial:1763	tw-judicial-2e69d9e170d03e191479	OGDL-Taiwan-1.0	source_attributed			
认证	認證	attest	ren4 zheng4	unclassified	待核查	TW	unclassified	民事廳		tw-judicial:1764	tw-judicial-41a8cc75f708febdbe43	OGDL-Taiwan-1.0	source_attributed			
讨论场所	討論場所	forum	tao3 lun4 chang3 suo3	intellectual_property	待核查	TW	unclassified	A13070000G		tw-tipo-trademark:238	tw-tipo-trademark-28acacfa79b14320b2fe	OGDL-Taiwan-1.0	source_attributed			
训练	訓練	Training	xun4 lian4	unclassified	待核查	TW	unclassified	人事處		tw-judicial:1087	tw-judicial-9d150c3e2d2d97447bb9	OGDL-Taiwan-1.0	source_attributed			
议会	議會	assembly; council	yi4 hui4	unclassified	待核查	TW	unclassified	憲法法庭書記廳		tw-judicial:2085	tw-judicial-6c885f871b5016fd9d77	OGDL-Taiwan-1.0	source_attributed			
议会事项	議會事項	legislative affairs	yi4 hui4 shi4 xiang4	unclassified	待核查	TW	unclassified	憲法法庭書記廳		tw-judicial:2086	tw-judicial-7afa6bc989eec6d69568	OGDL-Taiwan-1.0	source_attributed			
议会会议	議會會議	legislative session	yi4 hui4 hui4 yi4	unclassified	待核查	TW	unclassified	憲法法庭書記廳		tw-judicial:2087	tw-judicial-92f34a26d096d4fd32ed	OGDL-Taiwan-1.0	source_attributed			
议员	議員	councilmen; legislators	yi4 yuan2	unclassified	待核查	TW	unclassified	憲法法庭書記廳		tw-judicial:2083	tw-judicial-2832c66e0d339a492e10	OGDL-Taiwan-1.0	source_attributed			
议员言论免责权	議員言論免責權	legislative immunities	yi4 yuan2 yan2 lun4 mian3 ze2 quan2	unclassified	待核查	TW	unclassified	憲法法庭書記廳		tw-judicial:2084	tw-judicial-e88cd28fb6e423565554	OGDL-Taiwan-1.0	source_attributed			
议长	議長	speaker	yi4 zhang3	unclassified	待核查	TW	unclassified	憲法法庭書記廳		tw-judicial:2082	tw-judicial-44d08d6264e045a6d3fd	OGDL-Taiwan-1.0	source_attributed			
讯问室	訊問室	Interrogation Room	xun4 wen4 shi4	unclassified	待核查	TW	unclassified	司法行政廳		tw-judicial:1086	tw-judicial-69b5cd6abbe8d16c2d53	OGDL-Taiwan-1.0	source_attributed			
记号,标志	記號,標誌	notation		intellectual_property	待核查	TW	unclassified	A13070000G		tw-tipo-trademark:374	tw-tipo-trademark-76f80bf6702e54a0fa17	OGDL-Taiwan-1.0	source_attributed			
记者	記者	reporter	ji4 zhe3	unclassified	待核查	TW	unclassified	憲法法庭書記廳		tw-judicial:1082	tw-judicial-5aeb7b05abcece6e68a2	OGDL-Taiwan-1.0	source_attributed			
记者休息室	記者休息室	Press Lounge	ji4 zhe3 xiu1 xi1 shi4	unclassified	待核查	TW	unclassified	司法行政廳		tw-judicial:1083	tw-judicial-34265cd1dd0cc86dc113	OGDL-Taiwan-1.0	source_attributed			
记者室	記者室	Press Room	ji4 zhe3 shi4	unclassified	待核查	TW	unclassified	司法行政廳		tw-judicial:1084	tw-judicial-68af36bf477a62d23f24	OGDL-Taiwan-1.0	source_attributed			
记者席	記者席	Press	ji4 zhe3 xi2	unclassified	待核查	TW	unclassified	司法行政廳		tw-judicial:1085	tw-judicial-003649fb2c76cd2630f8	OGDL-Taiwan-1.0	source_attributed			
讲学自由	講學自由	freedom of teaching	jiang3 xue2 zi4 you2	unclassified	待核查	TW	unclassified	憲法法庭書記廳		tw-judicial:1996	tw-judicial-0c49f371eef9e07bd301	OGDL-Taiwan-1.0	source_attributed			
论证、,证明	論證、,證明	demonstrate		intellectual_property	待核查	TW	unclassified	A13070000G		tw-tipo-trademark:139	tw-tipo-trademark-13d6df22774f2ff8a7e3	OGDL-Taiwan-1.0	source_attributed			
设计师	設計師	Systems Designer	she4 ji4 shi1	unclassified	待核查	TW	unclassified	司法行政廳		tw-judicial:1346	tw-judicial-7471590e324d17fd1494	OGDL-Taiwan-1.0	source_attributed			
证人	證人	witness	zheng4 ren2	unclassified	待核查	TW	role	憲法法庭書記廳		tw-judicial:2053	tw-judicial-be0a522378cc4059e0e0	OGDL-Taiwan-1.0	source_attributed			
证人、鉴定人席	證人、鑑定人席	Witness and Expert Witness		unclassified	待核查	TW	unclassified	司法行政廳		tw-judicial:2054	tw-judicial-e1efccecc3ff3ef87b45	OGDL-Taiwan-1.0	source_attributed			
证人休息室	證人休息室	Witness Lounge	zheng4 ren2 xiu1 xi1 shi4	unclassified	待核查	TW	unclassified	司法行政廳		tw-judicial:2055	tw-judicial-75617b6ffc544211a74e	OGDL-Taiwan-1.0	source_attributed			
证人保护法	證人保護法	Witness Protection Act	zheng4 ren2 bao3 hu4 fa3	unclassified	待核查	TW	statute	憲法法庭書記廳		tw-judicial:2056	tw-judicial-c8f41af35757b5ebe4eb	OGDL-Taiwan-1.0	source_attributed			
证券	證券	security	zheng4 quan4	finance	待核查	TW	unclassified	憲法法庭書記廳		tw-judicial:2057	tw-judicial-0a3cfa7268f1c76590c3	OGDL-Taiwan-1.0	source_attributed			
证券交易所得税	證券交易所得稅	capital gain tax for securities	zheng4 quan4 jiao1 yi4 suo3 de2 shui4	finance,tax	待核查	TW	unclassified	憲法法庭書記廳		tw-judicial:2058	tw-judicial-974c54b612e38d80f78b	OGDL-Taiwan-1.0	source_attributed			
证券交易法	證券交易法	Securities and Exchange Act	zheng4 quan4 jiao1 yi4 fa3	finance	待核查	TW	statute	憲法法庭書記廳		tw-judicial:2059	tw-judicial-04f1d4a1e917f0ee258a	OGDL-Taiwan-1.0	source_attributed			
证券交易税	證券交易稅	securities transaction tax	zheng4 quan4 jiao1 yi4 shui4	finance,tax	待核查	TW	unclassified	憲法法庭書記廳		tw-judicial:2060	tw-judicial-071448eedeffddb5ca53	OGDL-Taiwan-1.0	source_attributed			
证据	證據	evidence	zheng4 ju4	intellectual_property	待核查	TW	unclassified	A13070000G		tw-tipo-trademark:198	tw-tipo-trademark-54e24ae4cc0be6e7331f	OGDL-Taiwan-1.0	source_attributed			
证据的价值	證據的價值	evidentiary value	zheng4 ju4 de5 jia4 zhi2	intellectual_property	待核查	TW	unclassified	A13070000G		tw-tipo-trademark:199	tw-tipo-trademark-d67e621a1358a4ee6d62	OGDL-Taiwan-1.0	source_attributed			
证明	證明	authentication	zheng4 ming2	unclassified	待核查	TW	unclassified	民事廳		tw-judicial:2061	tw-judicial-f0b0b42978137adea32b	OGDL-Taiwan-1.0	source_attributed			
证明	證明	identification	zheng4 ming2	intellectual_property	待核查	TW	unclassified	A13070000G		tw-tipo-trademark:278	tw-tipo-trademark-5b1a9cda0682f227e278	OGDL-Taiwan-1.0	source_attributed			
证明	證明	justify	zheng4 ming2	intellectual_property	待核查	TW	unclassified	A13070000G		tw-tipo-trademark:334	tw-tipo-trademark-f361a025fdd7e30953e0	OGDL-Taiwan-1.0	source_attributed			
证明力	證明力	degree of proof	zheng4 ming2 li4	unclassified	待核查	TW	unclassified	憲法法庭書記廳		tw-judicial:2062	tw-judicial-24d91ccfcd172cfd1423	OGDL-Taiwan-1.0	source_attributed			
证明标章	證明標章	certification mark	zheng4 ming2 biao1 zhang1	intellectual_property	待核查	TW	unclassified	A13070000G		tw-tipo-trademark:66	tw-tipo-trademark-91223f6f5df65bfbe00d	OGDL-Taiwan-1.0	source_attributed			
证物	證物	evidence	zheng4 wu4	unclassified	待核查	TW	unclassified	憲法法庭書記廳		tw-judicial:2063	tw-judicial-a75e2ffbe660dc6b64f7	OGDL-Taiwan-1.0	source_attributed			
识别性	識別性	distinctiveness	shi2 bie2 xing4	intellectual_property	待核查	TW	unclassified	A13070000G		tw-tipo-trademark:160	tw-tipo-trademark-828785c2576f08a33629	OGDL-Taiwan-1.0	source_attributed			
诈骗工具	詐騙工具	instrument of fraud	zha4 pian4 gong1 ju4	intellectual_property	待核查	TW	unclassified	A13070000G		tw-tipo-trademark:308	tw-tipo-trademark-0787af407bdc868004b6	OGDL-Taiwan-1.0	source_attributed			
诉愿	訴願	administrative appeals	su4 yuan4	dispute_resolution	待核查	TW	unclassified	憲法法庭書記廳		tw-judicial:1497	tw-judicial-41b8793d4d23e8110d64	OGDL-Taiwan-1.0	source_attributed			
诉愿及诉讼之权利	訴願及訴訟之權利	rights of lodging complaints and instituting legal proceedings	su4 yuan4 ji2 su4 song4 zhi1 quan2 li4	dispute_resolution	待核查	TW	unclassified	憲法法庭書記廳		tw-judicial:1498	tw-judicial-49c91c7497b8283ad365	OGDL-Taiwan-1.0	source_attributed			
诉愿审议委员会	訴願審議委員會	Petition Reviewing Commission	su4 yuan4 shen3 yi4 wei3 yuan2 hui4	dispute_resolution	待核查	TW	institution	司法行政廳		tw-judicial:1500	tw-judicial-673d632a3fc2c0861967	OGDL-Taiwan-1.0	source_attributed			
诉愿法	訴願法	Administrative Appeal Act	su4 yuan4 fa3	dispute_resolution	待核查	TW	unclassified	憲法法庭書記廳		tw-judicial:1499	tw-judicial-6b981b1ffe0e07e4d9cc	OGDL-Taiwan-1.0	source_attributed			
诉讼代理人	訴訟代理人	agent ad litem	su4 song4 dai4 li3 ren2	dispute_resolution	待核查	TW	unclassified	憲法法庭書記廳		tw-judicial:1488	tw-judicial-1ad36418d38d7cc4659c	OGDL-Taiwan-1.0	source_attributed			
诉讼参加	訴訟參加	Intervention	su4 song4 can1 jia1	dispute_resolution	待核查	TW	unclassified	行政訴訟及懲戒廳		tw-judicial:1491	tw-judicial-015f071be2f45ab80001	OGDL-Taiwan-1.0	source_attributed			
诉讼救助	訴訟救助	litigation in forma pauperis	su4 song4 jiu4 zhu4	dispute_resolution	待核查	TW	unclassified	憲法法庭書記廳		tw-judicial:1492	tw-judicial-7cb55b642fe7b717b7a9	OGDL-Taiwan-1.0	source_attributed			
诉讼时效	訴訟時效	limitation period for civil claims	su4 song4 shi2 xiao4	civil,dispute_resolution	CN	INTERNATIONAL	term	中华人民共和国民法典（2020）	普通期间为三年，法律另有规定的除外；届满并非当然消灭权利，已自愿履行者不得仅以届满请求返还。	oll-cn-core:cn-limitation-period	cn-limitation-period	CC-BY-4.0	project_authored	请求法院保护民事权利所受的法定期间制度，期间届满可产生时效抗辩。	项目释译，非官方译文；不要与诉讼中的提交材料期限混淆。	中华人民共和国民法典（2020） 第188,192条 https://www.court.gov.cn/zixun/xiangqing/233181.html
诉讼时效中断	訴訟時效中斷	interruption of the limitation period	su4 song4 shi2 xiao4 zhong1 duan4	civil,dispute_resolution	CN	INTERNATIONAL	term	中华人民共和国民法典（2020）	从中断或者有关程序终结时起重新计算；不是简单暂停剩余天数。	oll-cn-core:cn-interruption-limitation	cn-interruption-limitation	CC-BY-4.0	project_authored	因履行请求、同意履行、起诉或仲裁等法定事由，使时效期间重新计算的制度。	项目释译，非官方译文；不要与 suspension of the limitation period 混用。	中华人民共和国民法典（2020） 第195条 https://www.court.gov.cn/zixun/xiangqing/233181.html
诉讼时效中止	訴訟時效中止	suspension of the limitation period	su4 song4 shi2 xiao4 zhong1 zhi3	civil,dispute_resolution	CN	INTERNATIONAL	term	中华人民共和国民法典（2020）	中止原因消除之日起满六个月，诉讼时效期间届满；不同于中断后重新计算。	oll-cn-core:cn-suspension-limitation	cn-suspension-limitation	CC-BY-4.0	project_authored	在时效最后六个月内因法定障碍不能行使请求权，而适用特别期间计算规则的制度。	项目释译，非官方译文；suspension 与 interruption 在本库分列。	中华人民共和国民法典（2020） 第194条 https://www.court.gov.cn/zixun/xiangqing/233181.html
诉讼权	訴訟權	right of instituting legal proceedings	su4 song4 quan2	dispute_resolution	待核查	TW	unclassified	憲法法庭書記廳		tw-judicial:1496	tw-judicial-cc5edfdad39ad5b5f88e	OGDL-Taiwan-1.0	source_attributed			
诉讼理由	訴訟理由	cause of action	su4 song4 li3 you2	intellectual_property	待核查	TW	unclassified	A13070000G		tw-tipo-trademark:62	tw-tipo-trademark-ef0cb4f546fbed577bbe	OGDL-Taiwan-1.0	source_attributed			
诉讼程序中之救济	訴訟程序中之救濟	interlocutory relief	su4 song4 cheng2 xu4 zhong1 zhi1 jiu4 ji4	intellectual_property	待核查	TW	unclassified	A13070000G		tw-tipo-trademark:314	tw-tipo-trademark-e2f529f0fab2a94c2319	OGDL-Taiwan-1.0	source_attributed			
诉讼能力	訴訟能力	capacity to ligigate	su4 song4 neng2 li4	dispute_resolution	待核查	TW	unclassified	行政訴訟及懲戒廳		tw-judicial:1490	tw-judicial-a38913cb70737c592782	OGDL-Taiwan-1.0	source_attributed			
诉讼行为	訴訟行為	litigation act	su4 song4 xing2 wei2	dispute_resolution	待核查	TW	unclassified	憲法法庭書記廳		tw-judicial:1489	tw-judicial-6f8e2fa6d0b1cac3c69d	OGDL-Taiwan-1.0	source_attributed			
诉讼要点	訴訟要點	gravamen	su4 song4 yao4 dian3	intellectual_property	待核查	TW	statute	A13070000G		tw-tipo-trademark:268	tw-tipo-trademark-b142bb40003fe73cb5b0	OGDL-Taiwan-1.0	source_attributed			
诉讼费用	訴訟費用	court costs and expenses	su4 song4 fei4 yong4	dispute_resolution	待核查	TW	unclassified	憲法法庭書記廳		tw-judicial:1493	tw-judicial-eeb55ffd22d9821dffd9	OGDL-Taiwan-1.0	source_attributed			
诉讼辅导	訴訟輔導	Litigation Counseling	su4 song4 fu3 dao3	dispute_resolution	待核查	TW	unclassified	司法行政廳		tw-judicial:1494	tw-judicial-e3b3506c23bc4639b919	OGDL-Taiwan-1.0	source_attributed			
诉讼辅导科	訴訟輔導科	Legal Service Section	su4 song4 fu3 dao3 ke1	dispute_resolution	待核查	TW	unclassified	司法行政廳		tw-judicial:1495	tw-judicial-aa046119526dbb2bbb92	OGDL-Taiwan-1.0	source_attributed			
试用期	試用期	probationary period	shi4 yong4 qi1	employment	CN	INTERNATIONAL	term	中华人民共和国劳动合同法（2012修正）	试用期最长长度随劳动合同期限变化；同一用人单位与同一劳动者只能约定一次，且试用期包含在劳动合同期限内。	oll-cn-admin-labor:cn-labor-probation-period	cn-labor-probation-period	CC-BY-4.0	project_authored	劳动合同中依法约定、用于劳动关系初期考察且受合同期限和次数等法定限制的期间。	项目释译，非官方译文；probationary period 指劳动合同法上的试用期。	中华人民共和国劳动合同法（2012修正） 第19条 https://fgk.chinatax.gov.cn/zcfgk/c100009/c5193025/content.html
诚信	誠信	good faith	cheng2 xin4	intellectual_property	待核查	TW	unclassified	A13070000G		tw-tipo-trademark:258	tw-tipo-trademark-759e43836ddf5123d93c	OGDL-Taiwan-1.0	source_attributed			
话务员	話務員	Operator	hua4 wu4 yuan2	unclassified	待核查	TW	unclassified	司法行政廳		tw-judicial:1588	tw-judicial-c64fd7065d3abc18212a	OGDL-Taiwan-1.0	source_attributed			
该条文应自本解释公布之日起，至迟于届满二年时失其效力	該條文應自本解釋公布之日起，至遲於屆滿二年時失其效力	From the date of this Interpretation, said Article shall become void within two years.		unclassified	待核查	TW	unclassified	憲法法庭書記廳		tw-judicial:1587	tw-judicial-ccb4ef7e748baca9a779	OGDL-Taiwan-1.0	source_attributed			
详细资料(申请人)	詳細資料(申請人)	details(of the applicant)		intellectual_property	待核查	TW	unclassified	A13070000G		tw-tipo-trademark:145	tw-tipo-trademark-05236f193af094dab239	OGDL-Taiwan-1.0	source_attributed			
诬告	誣告	malicious prosecution	wu1 gao4	unclassified	待核查	TW	unclassified	憲法法庭書記廳		tw-judicial:1760	tw-judicial-8cf6e61b8a46ae55adb2	OGDL-Taiwan-1.0	source_attributed			
诬告罪	誣告罪	malicious accusation	wu1 gao4 zui4	criminal	待核查	TW	unclassified	憲法法庭書記廳		tw-judicial:1761	tw-judicial-df656a9da1964b1d78e6	OGDL-Taiwan-1.0	source_attributed			
诬陷	誣陷	framing	wu1 xian4	unclassified	待核查	TW	unclassified	憲法法庭書記廳		tw-judicial:1762	tw-judicial-c9c3196d0f7132f6046a	OGDL-Taiwan-1.0	source_attributed			
误写	誤寫	clerical error	wu4 xie3	unclassified	待核查	TW	unclassified	民事廳		tw-judicial:1765	tw-judicial-9ffede58d2f9fd80c510	OGDL-Taiwan-1.0	source_attributed			
误认	誤認	mistakenly believe	wu4 ren4	intellectual_property	待核查	TW	unclassified	A13070000G		tw-tipo-trademark:365	tw-tipo-trademark-3cb23f0fbfeab036c439	OGDL-Taiwan-1.0	source_attributed			
误认	誤認	mistake	wu4 ren4	intellectual_property	待核查	TW	unclassified	A13070000G		tw-tipo-trademark:363	tw-tipo-trademark-46e53d5421a8a5beb22b	OGDL-Taiwan-1.0	source_attributed			
请求	請求	application	qing3 qiu2	unclassified	待核查	TW	unclassified	民事廳		tw-judicial:1836	tw-judicial-7a2bdee53870e19ab143	OGDL-Taiwan-1.0	source_attributed			
读音	讀音	sound	du2 yin1	intellectual_property	待核查	TW	unclassified	A13070000G		tw-tipo-trademark:524	tw-tipo-trademark-761557fd143f6b8ce378	OGDL-Taiwan-1.0	source_attributed			
读音、外观、观念	讀音、外觀、觀念	S.A.M.		intellectual_property	待核查	TW	unclassified	A13070000G		tw-tipo-trademark:500	tw-tipo-trademark-66ff56675745978794d7	OGDL-Taiwan-1.0	source_attributed			
读音近似	讀音近似	be similar in sound	du2 yin1 jin4 si4	intellectual_property	待核查	TW	unclassified	A13070000G		tw-tipo-trademark:525	tw-tipo-trademark-45115bfbeed84b7a95e2	OGDL-Taiwan-1.0	source_attributed			
诽谤罪	誹謗罪	criminal defamation	fei3 bang4 zui4	criminal	待核查	TW	unclassified	憲法法庭書記廳		tw-judicial:1858	tw-judicial-44db17969462827deaf6	OGDL-Taiwan-1.0	source_attributed			
诽谤除罪化	誹謗除罪化	decriminalization of defamation	fei3 bang4 chu2 zui4 hua4	criminal	待核查	TW	unclassified	憲法法庭書記廳		tw-judicial:1857	tw-judicial-995d3af7f3d17b441eb4	OGDL-Taiwan-1.0	source_attributed			
课予义务诉讼	課予義務訴訟	Administrative Actions for Effecting	ke4 yu3 yi4 wu4 su4 song4	dispute_resolution	待核查	TW	unclassified	行政訴訟及懲戒廳		tw-judicial:1837	tw-judicial-8baf89f804e4a169fc77	OGDL-Taiwan-1.0	source_attributed			
课税公平	課稅公平	fairness	ke4 shui4 gong1 ping2	tax	待核查	TW	unclassified	憲法法庭書記廳		tw-judicial:1838	tw-judicial-0853c7ccdbc1cb2bdc90	OGDL-Taiwan-1.0	source_attributed			
课税原因	課稅原因	cause of taxation	ke4 shui4 yuan2 yin1	tax	待核查	TW	unclassified	憲法法庭書記廳		tw-judicial:1841	tw-judicial-0960b91b7abbfe4689af	OGDL-Taiwan-1.0	source_attributed			
课税年度	課稅年度	taxable year	ke4 shui4 nian2 du4	tax	待核查	TW	unclassified	憲法法庭書記廳		tw-judicial:1839	tw-judicial-1c1ac5b0014fd3771c53	OGDL-Taiwan-1.0	source_attributed			
课税所得额	課稅所得額	taxable income	ke4 shui4 suo3 de5 e2	tax	待核查	TW	unclassified	憲法法庭書記廳		tw-judicial:1840	tw-judicial-b4fe7626390b7be6677e	OGDL-Taiwan-1.0	source_attributed			
调任	調任	Transfer	diao4 ren4	unclassified	待核查	TW	unclassified	人事處		tw-judicial:1842	tw-judicial-7d7e985479e61bc69ceb	OGDL-Taiwan-1.0	source_attributed			
调办事法官	調辦事法官	Judge (or Rapporteur Judge)	diao4 ban4 shi4 fa3 guan1	unclassified	待核查	TW	role	司法行政廳		tw-judicial:1856	tw-judicial-19de9289d2418b1d1826	OGDL-Taiwan-1.0	source_attributed			
调查	調查	inquiry	diao4 cha2	intellectual_property	待核查	TW	unclassified	A13070000G		tw-tipo-trademark:304	tw-tipo-trademark-7917f8213cd877477d68	OGDL-Taiwan-1.0	source_attributed			
调查、侦查	調查、偵查	investigation		criminal	待核查	TW	unclassified	憲法法庭書記廳		tw-judicial:1843	tw-judicial-3af1840f0bdbc78ecd7d	OGDL-Taiwan-1.0	source_attributed			
调查保护室	調查保護室	Investigation and Probation Office	diao4 cha2 bao3 hu4 shi4	unclassified	待核查	TW	unclassified	司法行政廳		tw-judicial:1844	tw-judicial-5adc46787af86c82eabc	OGDL-Taiwan-1.0	source_attributed			
调查权	調查權	investigation power	diao4 cha2 quan2	unclassified	待核查	TW	unclassified	憲法法庭書記廳		tw-judicial:1845	tw-judicial-d9f0d6ab683b0bce0973	OGDL-Taiwan-1.0	source_attributed			
调解	調解	mediation	tiao2 jie3	dispute_resolution	待核查	TW	unclassified	憲法法庭書記廳		tw-judicial:1846	tw-judicial-bd6c0ba926052127a987	OGDL-Taiwan-1.0	source_attributed			
调解、商谈	調解、商談	mediation		dispute_resolution	待核查	TW	unclassified	少年及家事廳		tw-judicial:1847	tw-judicial-98e98e96d33120c79631	OGDL-Taiwan-1.0	source_attributed			
调解委员	調解委員	Mediator	tiao2 jie3 wei3 yuan2	dispute_resolution	待核查	TW	unclassified	民事廳		tw-judicial:1848	tw-judicial-d25a926e011f9953b4bc	OGDL-Taiwan-1.0	source_attributed			
调解委员报到准备室	調解委員報到準備室	Mediator's Registration	tiao2 jie3 wei3 yuan2 bao4 dao4 zhun3 bei4 shi4	dispute_resolution	待核查	TW	unclassified	民事廳		tw-judicial:1851	tw-judicial-9eaadc1b9eae4b47b42e	OGDL-Taiwan-1.0	source_attributed			
调解委员（事业组）	調解委員（事業組）	Mediator(Division of Management)		dispute_resolution	待核查	TW	unclassified	民事廳		tw-judicial:1849	tw-judicial-9fbf19d6080db787fe75	OGDL-Taiwan-1.0	source_attributed			
调解委员（劳动组）	調解委員（勞動組）	Mediator(Division of Labor)		dispute_resolution,employment	待核查	TW	unclassified	民事廳		tw-judicial:1850	tw-judicial-2120eb207718b9dab455	OGDL-Taiwan-1.0	source_attributed			
调解室	調解室	Mediation Room	tiao2 jie3 shi4	dispute_resolution	待核查	TW	unclassified	民事廳		tw-judicial:1852	tw-judicial-126f7b9d6009effb57f7	OGDL-Taiwan-1.0	source_attributed			
调解室	調解室	Mediation Room	tiao2 jie3 shi4	dispute_resolution	待核查	TW	unclassified	司法行政廳		tw-judicial:1853	tw-judicial-6532795af56d9b4e3261	OGDL-Taiwan-1.0	source_attributed			
调解报到处	調解報到處	Check-in Counter (Mediation)	tiao2 jie3 bao4 dao4 chu4	dispute_resolution	待核查	TW	unclassified	司法行政廳		tw-judicial:1854	tw-judicial-8d12898d6bab9781e83e	OGDL-Taiwan-1.0	source_attributed			
调解评议室	調解評議室	Mediation Meeting Room	tiao2 jie3 ping2 yi4 shi4	dispute_resolution	待核查	TW	unclassified	民事廳		tw-judicial:1855	tw-judicial-b75ca96104d9b5e46c0e	OGDL-Taiwan-1.0	source_attributed			
贞操义务	貞操義務	marital obligation of fidelity	zhen1 cao1 yi4 wu4	unclassified	待核查	TW	unclassified	憲法法庭書記廳		tw-judicial:949	tw-judicial-3481836aea3142f48362	OGDL-Taiwan-1.0	source_attributed			
财产权	財產權	Right to property	cai2 chan3 quan2	unclassified	待核查	TW	unclassified	憲法法庭書記廳		tw-judicial:1093	tw-judicial-5841635bce5a45677ebd	OGDL-Taiwan-1.0	source_attributed			
财团法人	財團法人	foundation	cai2 tuan2 fa3 ren2	unclassified	待核查	TW	unclassified	民事廳		tw-judicial:1094	tw-judicial-8f817cfa8bafa32425eb	OGDL-Taiwan-1.0	source_attributed			
财政收支划分法	財政收支劃分法	Act Governing the Allocation of Government Revenues and Expenditures	cai2 zheng4 shou1 zhi1 hua4 fen1 fa3	unclassified	待核查	TW	statute	憲法法庭書記廳		tw-judicial:1089	tw-judicial-cdf08e8bfdd37a6d9dd5	OGDL-Taiwan-1.0	source_attributed			
财政自主权	財政自主權	self-governing financial power	cai2 zheng4 zi4 zhu3 quan2	unclassified	待核查	TW	unclassified	憲法法庭書記廳		tw-judicial:1090	tw-judicial-69c646c2aad92026497f	OGDL-Taiwan-1.0	source_attributed			
财政责任分配	財政責任分配	sharing of financial responsibility	cai2 zheng4 ze2 ren4 fen1 pei4	unclassified	待核查	TW	unclassified	憲法法庭書記廳		tw-judicial:1091	tw-judicial-840a39d3562f3e66594e	OGDL-Taiwan-1.0	source_attributed			
财政部国库署组织条例	財政部國庫署組織條例	Organization Act of the Department of National Treasury of the Ministry of Finance	cai2 zheng4 bu4 guo2 ku4 shu3 zu3 zhi1 tiao2 li4	unclassified	待核查	TW	statute	憲法法庭書記廳		tw-judicial:1092	tw-judicial-1e1a1abaf02049d23a4b	OGDL-Taiwan-1.0	source_attributed			
财物案件处理办法	財物案件處理辦法	Regulations Governing the Handling of Financial Penalties Cases	cai2 wu4 an4 jian4 chu3 li3 ban4 fa3	unclassified	待核查	TW	statute	憲法法庭書記廳		tw-judicial:1088	tw-judicial-97a0f03170b55d103c6a	OGDL-Taiwan-1.0	source_attributed			
责任;负担	責任;負擔	burden		intellectual_property	待核查	TW	unclassified	A13070000G		tw-tipo-trademark:54	tw-tipo-trademark-8073674f6e03f19031eb	OGDL-Taiwan-1.0	source_attributed			
责任政治	責任政治	politics of accountablility	ze2 ren4 zheng4 zhi4	unclassified	待核查	TW	unclassified	憲法法庭書記廳		tw-judicial:1347	tw-judicial-5375d086fb9616eed7f6	OGDL-Taiwan-1.0	source_attributed			
货柜集散站	貨櫃集散站	container yard	huo4 gui4 ji2 san4 zhan4	unclassified	待核查	TW	unclassified	憲法法庭書記廳		tw-judicial:1352	tw-judicial-8f87edbe3b8f94d78054	OGDL-Taiwan-1.0	source_attributed			
货物	貨物	commodity	huo4 wu4	unclassified	待核查	TW	unclassified	憲法法庭書記廳		tw-judicial:1348	tw-judicial-59db2a2c567efbe3cb69	OGDL-Taiwan-1.0	source_attributed			
货物原产地	貨物原產地	origin of goods	huo4 wu4 yuan2 chan3 di4	tax,trade	CN	INTERNATIONAL	term	中华人民共和国关税法（2024）	第十一条规定完全获得与最后完成实质性改变等基本原产地判断，并要求进口货物原产地依法律和有关规定具体确定；原产地直接影响税率适用。	oll-cn-tax-trade:cn-customs-origin	cn-customs-origin	CC-BY-4.0	project_authored	为适用关税规则而依法确定货物来源国家或地区的法律属性。	项目释译，非官方译文；origin of goods 在此指关税法上的货物原产地。	中华人民共和国关税法（2024） 第11,12,31条 https://fgk.chinatax.gov.cn/zcfgk/c100009/c5234556/content.html
货物税	貨物稅	commodity tax	huo4 wu4 shui4	tax	待核查	TW	unclassified	憲法法庭書記廳		tw-judicial:1349	tw-judicial-85d05b7aaac087cd321b	OGDL-Taiwan-1.0	source_attributed			
货物税条例	貨物稅條例	Commodity Tax Act	huo4 wu4 shui4 tiao2 li4	tax	待核查	TW	statute	憲法法庭書記廳		tw-judicial:1350	tw-judicial-1158cde560430fac7e69	OGDL-Taiwan-1.0	source_attributed			
货物税稽征规则	貨物稅稽徵規則	Regulations for the Collection of Commodity Tax	huo4 wu4 shui4 ji1 zheng1 gui1 ze2	tax	待核查	TW	statute	憲法法庭書記廳		tw-judicial:1351	tw-judicial-14e5bd69cf309a3eb0e3	OGDL-Taiwan-1.0	source_attributed			
货物进出口	貨物進出口	import and export of goods	huo4 wu4 jin4 chu1 kou3	trade	CN	INTERNATIONAL	term	中华人民共和国对外贸易法（2025第二次修订）	第二条将货物进出口与技术进出口、国际服务贸易并列纳入对外贸易；具体限制、许可、原产地及救济规则另有条文规定。	oll-cn-tax-trade:cn-trade-in-goods	cn-trade-in-goods	CC-BY-4.0	project_authored	作为《对外贸易法》对外贸易组成部分的货物进口与出口活动。	项目释译，非官方译文；import and export of goods 用于本法货物贸易语境。	中华人民共和国对外贸易法（2025第二次修订） 第2,16条 https://www.baiyinqu.gov.cn/XZJDBMDW/bmdw/byqswjn/fdzdgknr/lzyj/zcfg/art/2025/art_f4f31ac31bb8407a8b8d6afd5ac8f411.html
质询	質詢	interpellation	zhi4 xun2	unclassified	待核查	TW	unclassified	憲法法庭書記廳		tw-judicial:1859	tw-judicial-130f4f86785c3c1facb8	OGDL-Taiwan-1.0	source_attributed			
贪污治罪条例	貪污治罪條例	Anti-Corruption Act	tan1 wu1 zhi4 zui4 tiao2 li4	criminal	待核查	TW	statute	憲法法庭書記廳		tw-judicial:1353	tw-judicial-12103dc34216bb5a1b10	OGDL-Taiwan-1.0	source_attributed			
贬低、轻视、毁谤	貶低、輕視、毀謗	disparage		intellectual_property	待核查	TW	unclassified	A13070000G		tw-tipo-trademark:156	tw-tipo-trademark-05262509fe822c096887	OGDL-Taiwan-1.0	source_attributed			
购买人	購買人	purchaser	gou4 mai3 ren2	intellectual_property	待核查	TW	unclassified	A13070000G		tw-tipo-trademark:456	tw-tipo-trademark-8f8ec9c06df6f4900604	OGDL-Taiwan-1.0	source_attributed			
贵宾室	貴賓室	Guest Room	gui4 bin1 shi4	unclassified	待核查	TW	unclassified	司法行政廳		tw-judicial:1501	tw-judicial-6f4347df2bcefb5f6b07	OGDL-Taiwan-1.0	source_attributed			
贸易法	貿易法	Foreign Trade Act	mao4 yi4 fa3	trade	待核查	TW	unclassified	憲法法庭書記廳		tw-judicial:1502	tw-judicial-88521d99ceea06a8242e	OGDL-Taiwan-1.0	source_attributed			
赃物	贓物	stolen or looted goods	zang1 wu4	unclassified	待核查	TW	unclassified	憲法法庭書記廳		tw-judicial:2096	tw-judicial-6a8407dc59d75f96ea59	OGDL-Taiwan-1.0	source_attributed			
赃证物库	贓證物庫	Loot & Evidence Storage	zang1 zheng4 wu4 ku4	unclassified	待核查	TW	unclassified	司法行政廳		tw-judicial:2097	tw-judicial-d18ad6a886b76c43a1af	OGDL-Taiwan-1.0	source_attributed			
资产净值	資產淨值	net worth of assets	zi1 chan3 jing4 zhi2	unclassified	待核查	TW	unclassified	憲法法庭書記廳		tw-judicial:1596	tw-judicial-38f012a0b3bd3d7f079d	OGDL-Taiwan-1.0	source_attributed			
资料	資料	material	zi1 liao4	intellectual_property	待核查	TW	unclassified	A13070000G		tw-tipo-trademark:352	tw-tipo-trademark-5c02d1c7f7ad7829d1bd	OGDL-Taiwan-1.0	source_attributed			
资料室	資料室	Data Office	zi1 liao4 shi4	unclassified	待核查	TW	unclassified	司法行政廳		tw-judicial:1591	tw-judicial-0870322e4ab2ea074e19	OGDL-Taiwan-1.0	source_attributed			
资料科	資料科	Data Section	zi1 liao4 ke1	unclassified	待核查	TW	unclassified	司法行政廳		tw-judicial:1592	tw-judicial-9095dcd8bd075b136e55	OGDL-Taiwan-1.0	source_attributed			
资本	資本	capital	zi1 ben3	unclassified	待核查	TW	unclassified	憲法法庭書記廳		tw-judicial:1589	tw-judicial-8b862a9873d07741e3a8	OGDL-Taiwan-1.0	source_attributed			
资本公积	資本公積	capital surplus	zi1 ben3 gong1 ji1	unclassified	待核查	TW	unclassified	憲法法庭書記廳		tw-judicial:1590	tw-judicial-449b22e66aea7df0df27	OGDL-Taiwan-1.0	source_attributed			
资讯处	資訊處	Department of Information Technology	zi1 xun4 chu4	unclassified	待核查	TW	unclassified	司法行政廳		tw-judicial:1594	tw-judicial-fef74c2a4828cf8c4c90	OGDL-Taiwan-1.0	source_attributed			
资讯室	資訊室	Information Management Office	zi1 xun4 shi4	unclassified	待核查	TW	unclassified	司法行政廳		tw-judicial:1593	tw-judicial-470471a802afc51235a8	OGDL-Taiwan-1.0	source_attributed			
资讯管理师	資訊管理師	Systems Coordinator	zi1 xun4 guan3 li3 shi1	unclassified	待核查	TW	unclassified	司法行政廳		tw-judicial:1595	tw-judicial-af67a24b567b586e2a48	OGDL-Taiwan-1.0	source_attributed			
资遣	資遣	Severance	zi1 qian3	unclassified	待核查	TW	unclassified	人事處		tw-judicial:1597	tw-judicial-f5ecac28947775e210da	OGDL-Taiwan-1.0	source_attributed			
赎回不动产的权利	贖回不動產的權利	right to redeem	shu2 hui2 bu4 dong4 chan3 de5 quan2 li4	property	待核查	TW	unclassified	憲法法庭書記廳		tw-judicial:2104	tw-judicial-f4cb50b3222a97fd08f0	OGDL-Taiwan-1.0	source_attributed			
赔偿	賠償	compensation	pei2 chang2	intellectual_property	待核查	TW	unclassified	A13070000G		tw-tipo-trademark:95	tw-tipo-trademark-d83642b145bd07eb52ca	OGDL-Taiwan-1.0	source_attributed			
赘夫	贅夫	chui-fu	zhui4 fu1	unclassified	待核查	TW	unclassified	憲法法庭書記廳		tw-judicial:2015	tw-judicial-3442666f6c4005c6f05e	OGDL-Taiwan-1.0	source_attributed			
赞助者	贊助者	sponsorship	zan4 zhu4 zhe3	intellectual_property	待核查	TW	unclassified	A13070000G		tw-tipo-trademark:536	tw-tipo-trademark-36e18c6d50c1a98c3da8	OGDL-Taiwan-1.0	source_attributed			
赠与	贈與	gift	zeng4 yu3	unclassified	待核查	TW	unclassified	憲法法庭書記廳		tw-judicial:2064	tw-judicial-ec7ee482950bafb4918c	OGDL-Taiwan-1.0	source_attributed			
赠与税	贈與稅	gift tax	zeng4 yu3 shui4	tax	待核查	TW	unclassified	憲法法庭書記廳		tw-judicial:2065	tw-judicial-a581c97c94fcdd0a7ed6	OGDL-Taiwan-1.0	source_attributed			
赦免	赦免	amnesty; pardon	she4 mian3	unclassified	待核查	TW	unclassified	憲法法庭書記廳		tw-judicial:1354	tw-judicial-a22b4013ee4458c6143c	OGDL-Taiwan-1.0	source_attributed			
赦免法	赦免法	Amnesty Act	she4 mian3 fa3	unclassified	待核查	TW	unclassified	憲法法庭書記廳		tw-judicial:1355	tw-judicial-f2af02c1b5481174d015	OGDL-Taiwan-1.0	source_attributed			
走私	走私	smuggling	zou3 si1	unclassified	待核查	TW	unclassified	憲法法庭書記廳		tw-judicial:679	tw-judicial-d2cde35420c8dfbf7a8d	OGDL-Taiwan-1.0	source_attributed			
起诉	起訴	indictment	qi3 su4	unclassified	待核查	TW	unclassified	憲法法庭書記廳		tw-judicial:1095	tw-judicial-1781edc00e5c0942a768	OGDL-Taiwan-1.0	source_attributed			
超出党派	超出黨派	Non-partisan	chao1 chu1 dang3 pai4	unclassified	待核查	TW	unclassified	憲法法庭書記廳		tw-judicial:1503	tw-judicial-fd955f6325aab0f9f448	OGDL-Taiwan-1.0	source_attributed			
足以、足够的、充分的	足以、足夠的、充分的	sufficient		intellectual_property	待核查	TW	unclassified	A13070000G		tw-tipo-trademark:545	tw-tipo-trademark-f776ed31c96f371b3a8a	OGDL-Taiwan-1.0	source_attributed			
足以核驳	足以核駁	be sufficient to support a refusal	zu2 yi3 he2 bo2	intellectual_property	待核查	TW	unclassified	A13070000G		tw-tipo-trademark:546	tw-tipo-trademark-0dd7adf61594484d4903	OGDL-Taiwan-1.0	source_attributed			
跨境服务贸易	跨境服務貿易	cross-border trade in services	kua4 jing4 fu2 wu4 mao4 yi4	trade	CN	INTERNATIONAL	term	中华人民共和国对外贸易法（2025第二次修订）	第三十一条明确把上述三种模式统称为跨境服务贸易；商业存在模式在该条另行要求遵守外商投资法等规定，因此不要把四种模式全部塞入此法定简称。	oll-cn-tax-trade:cn-cross-border-trade-in-services	cn-cross-border-trade-in-services	CC-BY-4.0	project_authored	境外服务提供者以跨境交付、境外消费和自然人移动模式开展的国际服务贸易。	项目释译，非官方译文；cross-border trade in services 严格按第三十一条的统称范围使用。	中华人民共和国对外贸易法（2025第二次修订） 第27,31条 https://www.baiyinqu.gov.cn/XZJDBMDW/bmdw/byqswjn/fdzdgknr/lzyj/zcfg/art/2025/art_f4f31ac31bb8407a8b8d6afd5ac8f411.html
跨境服务贸易负面清单	跨境服務貿易負面清單	negative list for cross-border trade in services	kua4 jing4 fu2 wu4 mao4 yi4 fu4 mian4 qing1 dan1	trade	CN	INTERNATIONAL	document	中华人民共和国对外贸易法（2025第二次修订）	第三十一条确立跨境服务贸易负面清单管理制度；对国际条约、协定存在更优惠规定的，条文允许按有关规定执行。	oll-cn-tax-trade:cn-cross-border-services-negative-list	cn-cross-border-services-negative-list	CC-BY-4.0	project_authored	由国务院对外贸易主管部门会同有关部门制定、调整并发布，用于管理跨境服务贸易准入或限制事项的负面清单。	项目释译，非官方译文；negative list for cross-border trade in services 对应本法专门清单名称。	中华人民共和国对外贸易法（2025第二次修订） 第31条 https://www.baiyinqu.gov.cn/XZJDBMDW/bmdw/byqswjn/fdzdgknr/lzyj/zcfg/art/2025/art_f4f31ac31bb8407a8b8d6afd5ac8f411.html
身体自由	身體自由	physical freedom	shen1 ti3 zi4 you2	unclassified	待核查	TW	unclassified	憲法法庭書記廳		tw-judicial:682	tw-judicial-d0569c8ba2aa2fb5fe3f	OGDL-Taiwan-1.0	source_attributed			
身心障碍厕所	身心障礙廁所	Disabled Restroom	shen1 xin1 zhang4 ai4 ce4 suo3	unclassified	待核查	TW	unclassified	司法行政廳		tw-judicial:681	tw-judicial-0b373a93a26bd8d0010d	OGDL-Taiwan-1.0	source_attributed			
身心障碍者保护法	身心障礙者保護法	Physically and Mentally Disabled Citizens Protection Act	shen1 xin1 zhang4 ai4 zhe3 bao3 hu4 fa3	unclassified	待核查	TW	statute	憲法法庭書記廳		tw-judicial:680	tw-judicial-b2c58a3650a7d97ed9ab	OGDL-Taiwan-1.0	source_attributed			
车库	車庫	Garage	che1 ku4	unclassified	待核查	TW	unclassified	司法行政廳		tw-judicial:683	tw-judicial-b3d0d9fc4b6995fec6c0	OGDL-Taiwan-1.0	source_attributed			
车祸逃逸	車禍逃逸	hit-and-run	che1 huo4 tao2 yi4	unclassified	待核查	TW	unclassified	憲法法庭書記廳		tw-judicial:684	tw-judicial-5e8d5a66f84e95cc676e	OGDL-Taiwan-1.0	source_attributed			
转交、递送	轉交、遞送	forward		intellectual_property	待核查	TW	unclassified	A13070000G		tw-tipo-trademark:239	tw-tipo-trademark-6d06789b98c36ab7cefd	OGDL-Taiwan-1.0	source_attributed			
转介	轉介	Referral	zhuan3 jie4	unclassified	待核查	TW	unclassified	少年及家事廳		tw-judicial:2016	tw-judicial-d9480096d649ee986ece	OGDL-Taiwan-1.0	source_attributed			
转任	轉任	transfer among different personnel systems	zhuan3 ren4	unclassified	待核查	TW	unclassified	人事處		tw-judicial:2017	tw-judicial-c7fe1eee72686bb4e702	OGDL-Taiwan-1.0	source_attributed			
转投资	轉投資	re-investment	zhuan3 tou2 zi1	unclassified	待核查	TW	unclassified	憲法法庭書記廳		tw-judicial:2018	tw-judicial-c659c0dccd574109f062	OGDL-Taiwan-1.0	source_attributed			
转运舱单	轉運艙單	transshipment manifest	zhuan3 yun4 cang1 dan1	unclassified	待核查	TW	unclassified	憲法法庭書記廳		tw-judicial:2019	tw-judicial-3c209a2346948028129b	OGDL-Taiwan-1.0	source_attributed			
轻便轨道	輕便軌道	light rails	qing1 bian4 gui3 dao4	unclassified	待核查	TW	unclassified	憲法法庭書記廳		tw-judicial:1770	tw-judicial-a0db882d945c133d2f38	OGDL-Taiwan-1.0	source_attributed			
轻视、蔑视、耻辱、丢脸	輕視、蔑視、恥辱、丟臉	contempt		intellectual_property	待核查	TW	unclassified	A13070000G		tw-tipo-trademark:112	tw-tipo-trademark-90e59f81498f5fcdd90f	OGDL-Taiwan-1.0	source_attributed			
载货清单	載貨清單	manifest	zai4 huo4 qing1 dan1	unclassified	待核查	TW	unclassified	憲法法庭書記廳		tw-judicial:1598	tw-judicial-6d19aa01e7fbd02cd2d7	OGDL-Taiwan-1.0	source_attributed			
较不有名	較不有名	less-well-known	jiao4 bu4 you3 ming2	intellectual_property	待核查	TW	unclassified	A13070000G		tw-tipo-trademark:339	tw-tipo-trademark-1ac46fb842e654217eee	OGDL-Taiwan-1.0	source_attributed			
辅佐人	輔佐人	Assistants	fu3 zuo3 ren2	unclassified	待核查	TW	unclassified	行政訴訟及懲戒廳		tw-judicial:1767	tw-judicial-68d9be3230f7a24824f9	OGDL-Taiwan-1.0	source_attributed			
辅佐人	輔佐人	Assistants	fu3 zuo3 ren2	unclassified	待核查	TW	unclassified	民事廳		tw-judicial:1766	tw-judicial-a1015bc74a76b0534c30	OGDL-Taiwan-1.0	source_attributed			
辅助注册簿	輔助註冊簿	supplemental register	fu3 zhu4 zhu4 ce4 bu4	intellectual_property	待核查	TW	unclassified	A13070000G		tw-tipo-trademark:549	tw-tipo-trademark-8168114d5a46e4881a2f	OGDL-Taiwan-1.0	source_attributed			
辅助电子报到区	輔助電子報到區	Automated Check-in Assistance Area	fu3 zhu4 dian4 zi5 bao4 dao4 qu1	unclassified	待核查	TW	unclassified	司法行政廳		tw-judicial:1768	tw-judicial-1706fcc5f1e9543b8b90	OGDL-Taiwan-1.0	source_attributed			
辅育院	輔育院	Reform School	fu3 yu4 yuan4	unclassified	待核查	TW	unclassified	少年及家事廳		tw-judicial:1769	tw-judicial-c3bc65863f3be96e04ae	OGDL-Taiwan-1.0	source_attributed			
辞职	辭職	Resignation	ci2 zhi2	unclassified	待核查	TW	unclassified	人事處		tw-judicial:2066	tw-judicial-ac6c3d82f7a8944d039f	OGDL-Taiwan-1.0	source_attributed			
辨别、区分	辨別、區分	differentiate		intellectual_property	待核查	TW	unclassified	A13070000G		tw-tipo-trademark:149	tw-tipo-trademark-039ebac93d543d1b167a	OGDL-Taiwan-1.0	source_attributed			
辨识来源	辨識來源	source identification	bian4 shi2 lai2 yuan2	intellectual_property	待核查	TW	unclassified	A13070000G		tw-tipo-trademark:529	tw-tipo-trademark-84ab5e86f9ca17aecba3	OGDL-Taiwan-1.0	source_attributed			
辩护人席	辯護人席	Defender	bian4 hu4 ren2 xi2	unclassified	待核查	TW	unclassified	司法行政廳		tw-judicial:2098	tw-judicial-976bc1c8ae4b2c5548b5	OGDL-Taiwan-1.0	source_attributed			
迁徙自由	遷徙自由	freedom of movement	qian1 xi3 zi4 you2	unclassified	待核查	TW	unclassified	憲法法庭書記廳		tw-judicial:1863	tw-judicial-01b7cdd9a7a05fee923d	OGDL-Taiwan-1.0	source_attributed			
过失	過失	negligence	guo4 shi1	unclassified	待核查	TW	unclassified	憲法法庭書記廳		tw-judicial:1622	tw-judicial-82e68d4c829a0e4bd03b	OGDL-Taiwan-1.0	source_attributed			
过渡期间	過渡期間	interim period; transition period	guo4 du4 qi1 jian1	unclassified	待核查	TW	unclassified	憲法法庭書記廳		tw-judicial:1623	tw-judicial-6374daf792fec58c2c46	OGDL-Taiwan-1.0	source_attributed			
过错责任	過錯責任	fault-based tort liability	guo4 cuo4 ze2 ren4	civil	CN	INTERNATIONAL	term	中华人民共和国民法典（2020）	法律推定过错时，行为人不能证明无过错的，应承担相应责任。	oll-cn-core:cn-fault-tort-liability	cn-fault-tort-liability	CC-BY-4.0	project_authored	行为人因过错侵害他人民事权益并造成损害时承担侵权责任的归责方式。	项目释译，非官方译文；限定侵权责任语境，与一般道德责备区分。	中华人民共和国民法典（2020） 第1165条 https://www.court.gov.cn/zixun/xiangqing/233181.html
运送契约	運送契約	carriage contract	yun4 song4 qi4 yue1	contracts	待核查	TW	unclassified	憲法法庭書記廳		tw-judicial:1610	tw-judicial-a213edad226cb8589e93	OGDL-Taiwan-1.0	source_attributed			
这二个商标的读音不相同	這二個商標的讀音不相同	These two marks are not pronounced the same.	zhe4 er4 ge4 shang1 biao1 di4 du2 yin1 bu4 xiang1 tong2	intellectual_property	待核查	TW	unclassified	A13070000G		tw-tipo-trademark:445	tw-tipo-trademark-9699c5234ebfc657f117	OGDL-Taiwan-1.0	source_attributed			
这些商品被分类在不同的国际类别	這些商品被分類在不同的國際類別	These goods are classified in different international classes.	zhe4 xie1 shang1 pin3 bei4 fen1 lei4 zai4 bu4 tong2 de5 guo2 ji4 lei4 bie2	intellectual_property	待核查	TW	unclassified	A13070000G		tw-tipo-trademark:77	tw-tipo-trademark-86d2b0a2356e265f0bb4	OGDL-Taiwan-1.0	source_attributed			
进修	進修	Advanced Studies	jin4 xiu1	unclassified	待核查	TW	unclassified	人事處		tw-judicial:1505	tw-judicial-74dbd9399e01d59ebfb9	OGDL-Taiwan-1.0	source_attributed			
进出口税则	進出口稅則	Import and Export Tariff	jin4 chu1 kou3 shui4 ze2	tax,trade	CN	INTERNATIONAL	document	中华人民共和国关税法（2024）	第四条规定关税税目、税率及其适用规则等依照《中华人民共和国进出口税则》执行。	oll-cn-tax-trade:cn-customs-tariff-schedule	cn-customs-tariff-schedule	CC-BY-4.0	project_authored	《关税法》所附、用于规定进出口货物关税税目、税率及相关适用规则的税则。	项目释译，非官方译文；Import and Export Tariff 用于本法所附《税则》，不表示引用官方英文标题。	中华人民共和国关税法（2024） 第4条 https://fgk.chinatax.gov.cn/zcfgk/c100009/c5234556/content.html
进出口许可证管理	進出口許可證管理	import and export licensing	jin4 chu1 kou3 xu3 ke3 zheng4 guan3 li3	trade	CN	INTERNATIONAL	term	中华人民共和国对外贸易法（2025第二次修订）	第二十一条规定限制进出口货物可实行许可证管理，限制进出口技术实行许可证管理；许可机关和程序依国务院规定。	oll-cn-tax-trade:cn-import-export-licensing	cn-import-export-licensing	CC-BY-4.0	project_authored	对法定限制进出口的货物或技术，通过取得主管部门许可后方可进口或出口的管理机制。	项目释译，非官方译文；import and export licensing 指法定许可管理机制。	中华人民共和国对外贸易法（2025第二次修订） 第21条 https://www.baiyinqu.gov.cn/XZJDBMDW/bmdw/byqswjn/fdzdgknr/lzyj/zcfg/art/2025/art_f4f31ac31bb8407a8b8d6afd5ac8f411.html
进出口货物原产地管理	進出口貨物原產地管理	origin administration for import and export goods	jin4 chu1 kou3 huo4 wu4 yuan2 chan3 di4 guan3 li3	trade	CN	INTERNATIONAL	term	中华人民共和国对外贸易法（2025第二次修订）	第二十五条规定国家对进出口货物进行原产地管理，并将具体确定规则指向有关法律和国务院及其部门规定；本条本身不穷尽具体原产地规则。	oll-cn-tax-trade:cn-import-export-origin-administration	cn-import-export-origin-administration	CC-BY-4.0	project_authored	国家依法对进出口货物的原产地进行确定和管理的制度。	项目释译，非官方译文；origin administration 强调管理制度，具体 origin rules 需结合关税等规范。	中华人民共和国对外贸易法（2025第二次修订） 第25条 https://www.baiyinqu.gov.cn/XZJDBMDW/bmdw/byqswjn/fdzdgknr/lzyj/zcfg/art/2025/art_f4f31ac31bb8407a8b8d6afd5ac8f411.html
进口、输入	進口、輸入	import		intellectual_property	待核查	TW	unclassified	A13070000G		tw-tipo-trademark:287	tw-tipo-trademark-cba0b70d86bbba713d43	OGDL-Taiwan-1.0	source_attributed			
进口货物计税价格	進口貨物計稅價格	customs value of imported goods	jin4 kou3 huo4 wu4 ji4 shui4 jia4 ge2	tax,trade	CN	INTERNATIONAL	term	中华人民共和国关税法（2024）	第二十四条规定成交价格法的基础和条件；第三十一条允许海关依申请或依职权依法确定计税价格。该概念不能简单等同于合同发票价格。	oll-cn-tax-trade:cn-customs-value	cn-customs-value	CC-BY-4.0	project_authored	用于计算进口关税的进口货物计税价格，原则上以符合条件的成交价格并计入运抵境内输入地点起卸前的运输、相关费用和保险费等因素确定。	项目释译，非官方译文；customs value of imported goods 强调海关计税口径。	中华人民共和国关税法（2024） 第24,31条 https://fgk.chinatax.gov.cn/zcfgk/c100009/c5234556/content.html
进项税额	進項稅額	input VAT	jin4 xiang4 shui4 e2	tax	CN	INTERNATIONAL	term	中华人民共和国增值税法（2024通过）	进项税额并非当然全部可以抵扣；第十六条要求凭法律、行政法规或者国务院规定的增值税扣税凭证从销项税额中抵扣。	oll-cn-tax-trade:cn-vat-input-tax	cn-vat-input-tax	CC-BY-4.0	project_authored	纳税人购进货物、服务、无形资产或者不动产时支付或者负担的增值税税额。	项目释译，非官方译文；input VAT 对应购进端承担的增值税税额。	中华人民共和国增值税法（2024通过） 第14,16条 https://fgk.chinatax.gov.cn/zcfgk/c100009/c5237365/content.html
违反道路交通管理事件统一裁罚标准及处理细则	違反道路交通管理事件統一裁罰標準及處理細則	Uniform Punishment Standard Forms and Rules for Handling the Matters of Violating Road Traffic Regulations	wei2 fan3 dao4 lu4 jiao1 tong1 guan3 li3 shi4 jian4 tong3 yi1 cai2 fa2 biao1 zhun3 ji2 chu3 li3 xi4 ze2	unclassified	待核查	TW	statute	憲法法庭書記廳		tw-judicial:1616	tw-judicial-1e04b8c0199d4969d1c9	OGDL-Taiwan-1.0	source_attributed			
违反道路交通管理事件统一裁罚标准表	違反道路交通管理事件統一裁罰標準表	Uniform Punishment Standards for Handling the Matters of Violating Road Traffic Regulations	wei2 fan3 dao4 lu4 jiao1 tong1 guan3 li3 shi4 jian4 tong3 yi1 cai2 fa2 biao1 zhun3 biao3	unclassified	待核查	TW	unclassified	憲法法庭書記廳		tw-judicial:1617	tw-judicial-9fc0ecc101a3e2488598	OGDL-Taiwan-1.0	source_attributed			
违宪	違憲	unconstitutional	wei2 xian4	constitutional	待核查	TW	unclassified	憲法法庭書記廳		tw-judicial:1620	tw-judicial-b7d83a4fffe505b39eab	OGDL-Taiwan-1.0	source_attributed			
违法及失职	違法及失職	illegal or delinquent	wei2 fa3 ji2 shi1 zhi2	unclassified	待核查	TW	unclassified	行政訴訟及懲戒廳		tw-judicial:1618	tw-judicial-bea3762861ef81672540	OGDL-Taiwan-1.0	source_attributed			
违法行为	違法行為	illegal conduct	wei2 fa3 xing2 wei2	unclassified	待核查	TW	unclassified	憲法法庭書記廳		tw-judicial:1619	tw-judicial-4e6c94fff8ef81262c7f	OGDL-Taiwan-1.0	source_attributed			
违约责任	違約責任	liability for breach of contract	wei2 yue1 ze2 ren4	contracts	CN	INTERNATIONAL	term	中华人民共和国民法典（2020）	责任形式并不限于赔钱，也可包括继续履行或采取补救措施。	oll-cn-core:cn-liability-breach	cn-liability-breach	CC-BY-4.0	project_authored	不履行合同义务或履行不符合约定时承担的继续履行、补救、赔偿等责任。	项目释译，非官方译文；breach 在此限定为合同义务违反。	中华人民共和国民法典（2020） 第577条 https://www.court.gov.cn/zixun/xiangqing/233181.html
违约金	違約金	agreed damages for breach	wei2 yue1 jin1	contracts	CN	INTERNATIONAL	term	中华人民共和国民法典（2020）	低于损失或过分高于损失时，法院或仲裁机构可依法应请求调整；迟延履行违约金不当然替代履行。	oll-cn-core:cn-agreed-damages	cn-agreed-damages	CC-BY-4.0	project_authored	当事人预先约定违约时应支付的金额，或者据约定方法计算的赔偿金额。	项目释译，非官方译文；不强行等同其他法域 liquidated damages 与 penalty 的分类。	中华人民共和国民法典（2020） 第585条 https://www.court.gov.cn/zixun/xiangqing/233181.html
违警罚法	違警罰法	Act Governing the Punishment of Police Offences	wei2 jing3 fa2 fa3	unclassified	待核查	TW	statute	憲法法庭書記廳		tw-judicial:1621	tw-judicial-0bc52bbe1fb79f4375d9	OGDL-Taiwan-1.0	source_attributed			
连带责任保证	連帶責任保證	joint and several guarantee	lian2 dai4 ze2 ren4 bao3 zheng4	contracts,finance	CN	INTERNATIONAL	term	中华人民共和国民法典（2020）	债务人不履行到期债务等情形发生时，债权人可请求保证人在其保证范围内承担责任。	oll-cn-core:cn-joint-several-guarantee	cn-joint-several-guarantee	CC-BY-4.0	project_authored	约定保证人与债务人就债务承担连带责任的保证方式。	项目释译，非官方译文；与一般保证分列，不以英文 guarantee 单独推断责任方式。	中华人民共和国民法典（2020） 第688条 https://www.court.gov.cn/zixun/xiangqing/233181.html
连接的	連接的	joint	lian2 jie1 de5	intellectual_property	待核查	TW	unclassified	A13070000G		tw-tipo-trademark:330	tw-tipo-trademark-99aa180cd614bba89d29	OGDL-Taiwan-1.0	source_attributed			
连续三年未使用	連續三年未使用	nonuse for three consecutive years	lian2 xu4 san1 nian2 wei4 shi3 yong4	intellectual_property	待核查	TW	unclassified	A13070000G		tw-tipo-trademark:588	tw-tipo-trademark-0931975795b169c73992	OGDL-Taiwan-1.0	source_attributed			
迫在眉睫的危险	迫在眉睫的危險	imminent danger	po4 zai4 mei2 jie2 de5 wei1 xian3	unclassified	待核查	TW	unclassified	憲法法庭書記廳		tw-judicial:959	tw-judicial-60e82864b07de31790d5	OGDL-Taiwan-1.0	source_attributed			
迷惑的、骗人的、虚伪的、欺诈的	迷惑的、騙人的、虛偽的、欺詐的	deceptive		intellectual_property	待核查	TW	unclassified	A13070000G		tw-tipo-trademark:129	tw-tipo-trademark-83a4a7ced1ef8aa13462	OGDL-Taiwan-1.0	source_attributed			
追加预算	追加預算	Additional Budget	zhui1 jia1 yu4 suan4	unclassified	待核查	TW	unclassified	憲法法庭書記廳		tw-judicial:1107	tw-judicial-d47b0677a6f3df3b2447	OGDL-Taiwan-1.0	source_attributed			
追认	追認	ratification	zhui1 ren4	unclassified	待核查	TW	unclassified	憲法法庭書記廳		tw-judicial:1110	tw-judicial-abb9730c9e3e48a492c8	OGDL-Taiwan-1.0	source_attributed			
追诉时效	追訴時效	limitation period of prosecution	zhui1 su4 shi2 xiao4	unclassified	待核查	TW	unclassified	憲法法庭書記廳		tw-judicial:1108	tw-judicial-5faf9924a3de7de4e4f5	OGDL-Taiwan-1.0	source_attributed			
追诉权	追訴權	power to prosecute	zhui1 su4 quan2	unclassified	待核查	TW	unclassified	憲法法庭書記廳		tw-judicial:1109	tw-judicial-921b203a0eb393ea8e26	OGDL-Taiwan-1.0	source_attributed			
退休	退休	Retirement	tui4 xiu1	unclassified	待核查	TW	unclassified	人事處		tw-judicial:1097	tw-judicial-c1c1a55ec489494cb1b1	OGDL-Taiwan-1.0	source_attributed			
退休俸及生活补助费人员自行就任公职支领待遇注意事项	退休俸及生活補助費人員自行就任公職支領待遇注意事項	Precautionary Matters on Payment of Compensation to Those Who after Receipt of Pension or Living Subsidy Voluntarily Resume Public Service	tui4 xiu1 feng4 ji2 sheng1 huo2 bu3 zhu4 fei4 ren2 yuan2 zi4 xing2 jiu4 ren4 gong1 zhi2 zhi1 ling3 dai4 yu4 zhu4 yi4 shi4 xiang4	unclassified	待核查	TW	unclassified	憲法法庭書記廳		tw-judicial:1101	tw-judicial-167aaa5e434d662f6cc8	OGDL-Taiwan-1.0	source_attributed			
退休公务人员退休金优惠存款办法	退休公務人員退休金優惠存款辦法	Regulations Governing the Favorable Interest for Pension of Retired Public Functionaries	tui4 xiu1 gong1 wu4 ren2 yuan2 tui4 xiu1 jin1 you1 hui4 cun2 kuan3 ban4 fa3	unclassified	待核查	TW	statute	憲法法庭書記廳		tw-judicial:1098	tw-judicial-4ccbd6fb7bce2f3b89f8	OGDL-Taiwan-1.0	source_attributed			
退休金	退休金	pension	tui4 xiu1 jin1	unclassified	待核查	TW	unclassified	憲法法庭書記廳		tw-judicial:1099	tw-judicial-8a56578faf3c7cba8d5b	OGDL-Taiwan-1.0	source_attributed			
退休金其他现金给与补偿金	退休金其他現金給與補償金	supplementary compensation for pension and other cash benefits	tui4 xiu1 jin1 qi2 ta1 xian4 jin1 ji3 yu3 bu3 chang2 jin1	unclassified	待核查	TW	unclassified	憲法法庭書記廳		tw-judicial:1100	tw-judicial-4376bfcda4cb46c30f36	OGDL-Taiwan-1.0	source_attributed			
退学或类此之处分行为	退學或類此之處分行為	discharge or similar action	tui4 xue2 huo4 lei4 ci3 zhi1 chu3 fen4 xing2 wei2	unclassified	待核查	TW	unclassified	憲法法庭書記廳		tw-judicial:1103	tw-judicial-aa591e6f79b9a8fd6e5e	OGDL-Taiwan-1.0	source_attributed			
退税	退稅	tax refund	tui4 shui4	tax	待核查	TW	unclassified	憲法法庭書記廳		tw-judicial:1102	tw-judicial-a0ab06f80dd679b1520b	OGDL-Taiwan-1.0	source_attributed			
退职	退職	discharge	tui4 zhi2	unclassified	待核查	TW	unclassified	憲法法庭書記廳		tw-judicial:1104	tw-judicial-cb4e454e4f595312fcdb	OGDL-Taiwan-1.0	source_attributed			
退费	退費	arrange a refund	tui4 fei4	intellectual_property	待核查	TW	unclassified	A13070000G		tw-tipo-trademark:39	tw-tipo-trademark-b87405ba9dab9d48bf82	OGDL-Taiwan-1.0	source_attributed			
送达	送達	Service of Process	song4 da2	unclassified	待核查	TW	unclassified	行政訴訟及懲戒廳		tw-judicial:1096	tw-judicial-0637f4d204c52a5c17bf	OGDL-Taiwan-1.0	source_attributed			
适当、妥当、正当、得体	適當、妥當、正當、得體	propriety		intellectual_property	待核查	TW	unclassified	A13070000G		tw-tipo-trademark:450	tw-tipo-trademark-dee495d9a60f799bb017	OGDL-Taiwan-1.0	source_attributed			
适用	適用	application	shi4 yong4	unclassified	待核查	TW	unclassified	憲法法庭書記廳		tw-judicial:1860	tw-judicial-364cf5ad83ebef79612a	OGDL-Taiwan-1.0	source_attributed			
适用法律错误;适用法律显有错误;适用法规错误;适用法规显有错误	適用法律錯誤;適用法律顯有錯誤;適用法規錯誤;適用法規顯有錯誤	clearly erroneous in the application of law; apparent erroneous application of provisions of law		unclassified	待核查	TW	unclassified	憲法法庭書記廳		tw-judicial:1861	tw-judicial-1c832402e7afcd16bf2a	OGDL-Taiwan-1.0	source_attributed			
适用法规显有错误	適用法規顯有錯誤	apparent error in law / clearly erroneous in the application of law	shi4 yong4 fa3 gui1 xian3 you3 cuo4 wu4	unclassified	待核查	TW	unclassified	民事廳		tw-judicial:1862	tw-judicial-ae8e1bfcb7abe173db82	OGDL-Taiwan-1.0	source_attributed			
逃漏税	逃漏稅	tax evasion	tao2 lou4 shui4	tax	待核查	TW	unclassified	憲法法庭書記廳		tw-judicial:1105	tw-judicial-ba04610519ec0a46f657	OGDL-Taiwan-1.0	source_attributed			
逃漏税款	逃漏稅款	tax evasion	tao2 lou4 shui4 kuan3	tax	待核查	TW	unclassified	憲法法庭書記廳		tw-judicial:1106	tw-judicial-17ca11afc80ee9f6c29f	OGDL-Taiwan-1.0	source_attributed			
选举	選舉	election	xuan3 ju3	unclassified	待核查	TW	unclassified	憲法法庭書記廳		tw-judicial:1928	tw-judicial-654d76aad5fac59e1e0b	OGDL-Taiwan-1.0	source_attributed			
选定当事人	選定當事人	Selection of Parties	xuan3 ding4 dang1 shi4 ren2	unclassified	待核查	TW	role	行政訴訟及懲戒廳		tw-judicial:1926	tw-judicial-0c622b8b521e80c4be58	OGDL-Taiwan-1.0	source_attributed			
选择自由	選擇自由	freedom of choice	xuan3 ze2 zi4 you2	unclassified	待核查	TW	unclassified	憲法法庭書記廳		tw-judicial:1927	tw-judicial-ed5e8253acf6460ea9d1	OGDL-Taiwan-1.0	source_attributed			
透明	透明	transparency	tou4 ming2	unclassified	待核查	TW	unclassified	憲法法庭書記廳		tw-judicial:1363	tw-judicial-8f750e9457e4f27c1380	OGDL-Taiwan-1.0	source_attributed			
递补	遞補	replacement of vacant seat	di4 bu3	unclassified	待核查	TW	unclassified	憲法法庭書記廳		tw-judicial:1771	tw-judicial-c7a733d45553b8ab04ad	OGDL-Taiwan-1.0	source_attributed			
通体判断原则	通體判斷原則	global assessment	tong1 ti3 pan4 duan4 yuan2 ze2	intellectual_property	待核查	TW	unclassified	A13070000G		tw-tipo-trademark:257	tw-tipo-trademark-4d5014e794eb66d19203	OGDL-Taiwan-1.0	source_attributed			
通奸	通姦	adultery	tong1 jian1	unclassified	待核查	TW	unclassified	憲法法庭書記廳		tw-judicial:1357	tw-judicial-10b42953bb1abaad9dd0	OGDL-Taiwan-1.0	source_attributed			
通用名称	通用名稱	generic	tong1 yong4 ming2 cheng1	intellectual_property	待核查	TW	unclassified	A13070000G		tw-tipo-trademark:253	tw-tipo-trademark-860f6d2e5b95a046088f	OGDL-Taiwan-1.0	source_attributed			
通知书	通知書	notification	tong1 zhi1 shu1	unclassified	待核查	TW	document	憲法法庭書記廳		tw-judicial:1356	tw-judicial-75ef5c0ed566f9e066c5	OGDL-Taiwan-1.0	source_attributed			
通知函	通知函	action	tong1 zhi1 han2	intellectual_property	待核查	TW	unclassified	A13070000G		tw-tipo-trademark:9	tw-tipo-trademark-48dd999a0d79c96b1c73	OGDL-Taiwan-1.0	source_attributed			
通缉资料室	通緝資料室	Data of Wanted Persons Room	tong1 ji1 zi1 liao4 shi4	unclassified	待核查	TW	unclassified	司法行政廳		tw-judicial:1358	tw-judicial-a3141f6fa3f703acc72e	OGDL-Taiwan-1.0	source_attributed			
通译	通譯	Interpreter	tong1 yi4	unclassified	待核查	TW	unclassified	司法行政廳		tw-judicial:1359	tw-judicial-31bb076512ecdadb3f7e	OGDL-Taiwan-1.0	source_attributed			
通译、录音、卷证传递席	通譯、錄音、卷證傳遞席	Interpreter, recording, and passing the documents/evidence		unclassified	待核查	TW	unclassified	司法行政廳		tw-judicial:1360	tw-judicial-df357a9861bfbb88884e	OGDL-Taiwan-1.0	source_attributed			
通译室	通譯室	Court Interpreter Office	tong1 yi4 shi4	unclassified	待核查	TW	unclassified	司法行政廳		tw-judicial:1361	tw-judicial-a971646a1cb0c09837b2	OGDL-Taiwan-1.0	source_attributed			
速记员	速記員	Stenographer	su4 ji4 yuan2	unclassified	待核查	TW	unclassified	司法行政廳		tw-judicial:1362	tw-judicial-8a20d0a816591fc2a3bb	OGDL-Taiwan-1.0	source_attributed			
逮捕拘禁	逮捕拘禁	arrest and detain	dai4 bu3 ju1 jin4	criminal	待核查	TW	unclassified	憲法法庭書記廳		tw-judicial:1504	tw-judicial-4d3c13fdaf1ba0184909	OGDL-Taiwan-1.0	source_attributed			
逾期申报	逾期申報	late declaration	yu2 qi1 shen1 bao4	unclassified	待核查	TW	unclassified	憲法法庭書記廳		tw-judicial:1624	tw-judicial-7aaf36d275461dd8e066	OGDL-Taiwan-1.0	source_attributed			
道路交通安全规则	道路交通安全規則	Regulations Governing Road Traffic Safety	dao4 lu4 jiao1 tong1 an1 quan2 gui1 ze2	unclassified	待核查	TW	statute	憲法法庭書記廳		tw-judicial:1612	tw-judicial-843eb4883213d8624208	OGDL-Taiwan-1.0	source_attributed			
道路交通安全讲习	道路交通安全講習	traffic safety lesson	dao4 lu4 jiao1 tong1 an1 quan2 jiang3 xi2	unclassified	待核查	TW	unclassified	憲法法庭書記廳		tw-judicial:1613	tw-judicial-78b5b31044d156325eac	OGDL-Taiwan-1.0	source_attributed			
道路交通管理	道路交通管理	road traffic regulation	dao4 lu4 jiao1 tong1 guan3 li3	unclassified	待核查	TW	unclassified	憲法法庭書記廳		tw-judicial:1614	tw-judicial-7cac50034eb7b2542b73	OGDL-Taiwan-1.0	source_attributed			
道路交通管理处罚条例	道路交通管理處罰條例	Road Traffic Management and Penalty Act	dao4 lu4 jiao1 tong1 guan3 li3 chu3 fa2 tiao2 li4	unclassified	待核查	TW	statute	憲法法庭書記廳		tw-judicial:1615	tw-judicial-9c138a01cb60860e990e	OGDL-Taiwan-1.0	source_attributed			
遗产	遺產	estate of a deceased person	yi2 chan3	family	CN	INTERNATIONAL	term	中华人民共和国民法典（2020）	依法或依性质不得继承的财产不能继承；应注意与他人财产的区分。	oll-cn-core:cn-estate	cn-estate	CC-BY-4.0	project_authored	自然人死亡时遗留的个人合法财产。	项目释译，非官方译文；estate 在其他语境还可指地产，本词限定继承语境。	中华人民共和国民法典（2020） 第1122条 https://www.court.gov.cn/zixun/xiangqing/233181.html
遗产	遺產	decedent's estate	yi2 chan3	family	待核查	TW	unclassified	憲法法庭書記廳		tw-judicial:1929	tw-judicial-71372bab5c5d36694394	OGDL-Taiwan-1.0	source_attributed			
遗产上权利	遺產上權利	right to the estate	yi2 chan3 shang4 quan2 li4	family	待核查	TW	unclassified	憲法法庭書記廳		tw-judicial:1930	tw-judicial-d20afbc7bef698b1cfac	OGDL-Taiwan-1.0	source_attributed			
遗产价值	遺產價值	value of the estate	yi2 chan3 jia4 zhi2	family	待核查	TW	unclassified	憲法法庭書記廳		tw-judicial:1935	tw-judicial-10d497acbb99deef06dc	OGDL-Taiwan-1.0	source_attributed			
遗产及赠与税法	遺產及贈與稅法	Estate and Gift Tax Act	yi2 chan3 ji2 zeng4 yu3 shui4 fa3	family,tax	待核查	TW	statute	憲法法庭書記廳		tw-judicial:1931	tw-judicial-78f9dad52ea384645da3	OGDL-Taiwan-1.0	source_attributed			
遗产及赠与税法施行细则	遺產及贈與稅法施行細則	The Enforcement Rules of the Estate and Gift Tax Act	yi2 chan3 ji2 zeng4 yu3 shui4 fa3 shi1 xing2 xi4 ze2	family,tax	待核查	TW	statute	憲法法庭書記廳		tw-judicial:1932	tw-judicial-9a7cf1c24a724f112b35	OGDL-Taiwan-1.0	source_attributed			
遗产税	遺產稅	estate tax; inheritance tax	yi2 chan3 shui4	family,tax	待核查	TW	unclassified	憲法法庭書記廳		tw-judicial:1933	tw-judicial-a4ba833ef4e881a05bb4	OGDL-Taiwan-1.0	source_attributed			
遗产税法	遺產稅法	Estate Tax Act	yi2 chan3 shui4 fa3	family,tax	待核查	TW	statute	憲法法庭書記廳		tw-judicial:1934	tw-judicial-978aa17ccf3951762d37	OGDL-Taiwan-1.0	source_attributed			
遗属利益	遺屬利益	survivor's benefits	yi2 shu3 li4 yi4	unclassified	待核查	TW	unclassified	憲法法庭書記廳		tw-judicial:1936	tw-judicial-9c299a036e02ae10f263	OGDL-Taiwan-1.0	source_attributed			
遗属津贴	遺屬津貼	survivor allowance	yi2 shu3 jin1 tie1	unclassified	待核查	TW	unclassified	憲法法庭書記廳		tw-judicial:1937	tw-judicial-ae67749017fd7c2ba34e	OGDL-Taiwan-1.0	source_attributed			
遴选	遴選	election	lin2 xuan3	unclassified	待核查	TW	unclassified	憲法法庭書記廳		tw-judicial:1925	tw-judicial-bd29f35dac0e8a6ff938	OGDL-Taiwan-1.0	source_attributed			
避免、防止	避免、防止	preclude		intellectual_property	待核查	TW	unclassified	A13070000G		tw-tipo-trademark:419	tw-tipo-trademark-f65886fcb34d25475607	OGDL-Taiwan-1.0	source_attributed			
避免混淆	避免混淆	preclude confusion	bi4 mian3 hun4 xiao2	intellectual_property	待核查	TW	unclassified	A13070000G		tw-tipo-trademark:420	tw-tipo-trademark-a944438fc0b6c9beb7ec	OGDL-Taiwan-1.0	source_attributed			
避免紧急危难	避免緊急危難	to avert an imminent crisis	bi4 mian3 jin3 ji2 wei1 nan4	unclassified	待核查	TW	unclassified	憲法法庭書記廳		tw-judicial:1997	tw-judicial-f664efc72dc011abd62b	OGDL-Taiwan-1.0	source_attributed			
邮件损失补偿	郵件損失補償	indemnity for loss of mails	you2 jian4 sun3 shi1 bu3 chang2	unclassified	待核查	TW	unclassified	憲法法庭書記廳		tw-judicial:1506	tw-judicial-fc97d76d50a25c89cfe1	OGDL-Taiwan-1.0	source_attributed			
邮政事业	郵政事業	postal services	you2 zheng4 shi4 ye4	unclassified	待核查	TW	unclassified	憲法法庭書記廳		tw-judicial:1507	tw-judicial-4a09c1d9c98c3200b308	OGDL-Taiwan-1.0	source_attributed			
邮政储金汇业局	郵政儲金匯業局	Directorate General of Postal Remittances and Saving Bank	you2 zheng4 chu3 jin1 hui4 ye4 ju2	unclassified	待核查	TW	unclassified	憲法法庭書記廳		tw-judicial:1511	tw-judicial-370828e65d9ab353ce9d	OGDL-Taiwan-1.0	source_attributed			
邮政机关	郵政機關	postal administration	you2 zheng4 ji1 guan1	unclassified	待核查	TW	unclassified	憲法法庭書記廳		tw-judicial:1510	tw-judicial-b8697ed35c6f3dca358e	OGDL-Taiwan-1.0	source_attributed			
邮政法	郵政法	Postal Act	you2 zheng4 fa3	unclassified	待核查	TW	unclassified	憲法法庭書記廳		tw-judicial:1508	tw-judicial-944bd30af2cd95f52f10	OGDL-Taiwan-1.0	source_attributed			
邮政规则	郵政規則	Rules Governing the Administration of Post Offices	you2 zheng4 gui1 ze2	unclassified	待核查	TW	statute	憲法法庭書記廳		tw-judicial:1509	tw-judicial-d34689b52442afe1d10d	OGDL-Taiwan-1.0	source_attributed			
部分	部分	portion (+of)	bu4 fen4	intellectual_property	待核查	TW	unclassified	A13070000G		tw-tipo-trademark:415	tw-tipo-trademark-e8d24d1f3af7e652e171	OGDL-Taiwan-1.0	source_attributed			
都市计划	都市計畫	urban planning	du1 shi4 ji4 hua4	unclassified	待核查	TW	unclassified	憲法法庭書記廳		tw-judicial:1364	tw-judicial-34e0bafb50652f09d6a8	OGDL-Taiwan-1.0	source_attributed			
都市计划公共实施用地多目标方案	都市計畫公共實施用地多目標方案	Multi-Purpose Plans for Reserved Public Use Land under Urban Planning	du1 shi4 ji4 hua4 gong1 gong4 shi2 shi1 yong4 di4 duo1 mu4 biao1 fang1 an4	unclassified	待核查	TW	unclassified	憲法法庭書記廳		tw-judicial:1365	tw-judicial-e2ecdeae6e05f20e2cb9	OGDL-Taiwan-1.0	source_attributed			
都市计划桩测定及管理办法	都市計劃樁測定及管理辦法	Regulations Governing the Surveying and Administration of Urban Planning Monuments	du1 shi4 ji4 hua4 zhuang1 ce4 ding4 ji2 guan3 li3 ban4 fa3	unclassified	待核查	TW	statute	憲法法庭書記廳		tw-judicial:1368	tw-judicial-2e165e1ea208d740cc57	OGDL-Taiwan-1.0	source_attributed			
都市计划法	都市計畫法	Urban Planning Law	du1 shi4 ji4 hua4 fa3	unclassified	待核查	TW	statute	憲法法庭書記廳		tw-judicial:1367	tw-judicial-f961f9597b5c02b51367	OGDL-Taiwan-1.0	source_attributed			
都市计划用地	都市計畫用地	land reserved for urban planning use	du1 shi4 ji4 hua4 yong4 di4	unclassified	待核查	TW	unclassified	憲法法庭書記廳		tw-judicial:1366	tw-judicial-e92642e6b1bfc7ecb179	OGDL-Taiwan-1.0	source_attributed			
配偶	配偶	spouse	pei4 ou3	unclassified	待核查	TW	unclassified	憲法法庭書記廳		tw-judicial:1111	tw-judicial-a8a11110312a19159727	OGDL-Taiwan-1.0	source_attributed			
采尿室	採尿室	Urine Sample Gathering Room	cai3 niao4 shi4	unclassified	待核查	TW	unclassified	司法行政廳		tw-judicial:1270	tw-judicial-3b5b87f3150052400dde	OGDL-Taiwan-1.0	source_attributed			
采验尿液	採驗尿液	Urine sample gathering	cai3 yan4 niao4 ye4	unclassified	待核查	TW	unclassified	少年及家事廳		tw-judicial:1271	tw-judicial-a12b9373bc4659f4277a	OGDL-Taiwan-1.0	source_attributed			
重复处罚	重複處罰	double punishment	chong2 fu4 chu3 fa2	unclassified	待核查	TW	unclassified	憲法法庭書記廳		tw-judicial:967	tw-judicial-8b09c083e5b06c24ca50	OGDL-Taiwan-1.0	source_attributed			
重复追诉	重複追訴	double jeopardy	chong2 fu4 zhui1 su4	unclassified	待核查	TW	unclassified	憲法法庭書記廳		tw-judicial:966	tw-judicial-c089b6e951ed4bf73d50	OGDL-Taiwan-1.0	source_attributed			
重大变故	重大變故	severe calamity	zhong4 da4 bian4 gu4	unclassified	待核查	TW	unclassified	憲法法庭書記廳		tw-judicial:961	tw-judicial-faadbed302611e6ca057	OGDL-Taiwan-1.0	source_attributed			
重大明显瑕疵	重大明顯瑕疵	clearly and grossly flawed	zhong4 da4 ming2 xian3 xia2 ci1	unclassified	待核查	TW	unclassified	憲法法庭書記廳		tw-judicial:960	tw-judicial-39932ec7db1af7324c41	OGDL-Taiwan-1.0	source_attributed			
重大误解	重大誤解	material mistake	zhong4 da4 wu4 jie3	civil,contracts	CN	INTERNATIONAL	term	中华人民共和国民法典（2020）	第一百四十七条规定请求法院或仲裁机构撤销；不要直接把它记为当然无效。	oll-cn-core:cn-material-mistake	cn-material-mistake	CC-BY-4.0	project_authored	对实施民事法律行为具有重要影响的误解，可成为请求撤销该行为的事由。	项目释译，非官方译文；material 在此指重大或重要，不是物质。	中华人民共和国民法典（2020） 第147条 https://www.court.gov.cn/zixun/xiangqing/233181.html
重婚; 重婚（行为）	重婚; 重婚（行為）	bigamy		family	待核查	TW	unclassified	憲法法庭書記廳		tw-judicial:963	tw-judicial-86ddbeae2b37ed3e29d1	OGDL-Taiwan-1.0	source_attributed			
重婚者	重婚者	bigamous	chong2 hun1 zhe3	family	待核查	TW	unclassified	憲法法庭書記廳		tw-judicial:964	tw-judicial-5e5ac02533488e53ae85	OGDL-Taiwan-1.0	source_attributed			
重婚（婚姻）	重婚（婚姻）	bigamous marriage		family	待核查	TW	unclassified	憲法法庭書記廳		tw-judicial:962	tw-judicial-f15c6fd7a0c02c034577	OGDL-Taiwan-1.0	source_attributed			
重新审理	重新審理	DE NOVO TRIAL	chong2 xin1 shen3 li3	unclassified	待核查	TW	unclassified	行政訴訟及懲戒廳		tw-judicial:965	tw-judicial-a07b2d78b7ef17db1a6f	OGDL-Taiwan-1.0	source_attributed			
野生动物保育法	野生動物保育法	Wildlife Conservation Act	ye3 sheng1 dong4 wu4 bao3 yu4 fa3	unclassified	待核查	TW	statute	憲法法庭書記廳		tw-judicial:1369	tw-judicial-d67ed7bc21f124eb7dd5	OGDL-Taiwan-1.0	source_attributed			
金融机构	金融機構	financial institution	jin1 rong2 ji1 gou4	finance	待核查	TW	unclassified	憲法法庭書記廳		tw-judicial:842	tw-judicial-97cef1295e5592e142c2	OGDL-Taiwan-1.0	source_attributed			
金融机构监管接管办法	金融機構監管接管辦法	Regulations Governing the Supervision and Taking-Over of Financial Institutions	jin1 rong2 ji1 gou4 jian1 guan3 jie1 guan3 ban4 fa3	finance	待核查	TW	statute	憲法法庭書記廳		tw-judicial:843	tw-judicial-fb8d1710b10fa746aaee	OGDL-Taiwan-1.0	source_attributed			
金钱给付	金錢給付	monetary payment	jin1 qian2 ji3 fu4	unclassified	待核查	TW	unclassified	憲法法庭書記廳		tw-judicial:844	tw-judicial-543dbe7e63a8d7488097	OGDL-Taiwan-1.0	source_attributed			
金马地区役龄男子检定为已训乙种国民兵实施办法	金馬地區役齡男子檢定為已訓乙種國民兵實施辦法	Enforcement Regulations Governing the Eligible Male for Military Service to be Considered as Trained Class B Militiaman in Kinmen-Matsu Region	jin1 ma3 di4 qu1 yi4 ling2 nan2 zi5 jian3 ding4 wei4 yi3 xun4 yi3 zhong3 guo2 min2 bing1 shi2 shi1 ban4 fa3	unclassified	待核查	TW	statute	憲法法庭書記廳		tw-judicial:841	tw-judicial-9900df819728170b8172	OGDL-Taiwan-1.0	source_attributed			
鉴定人休息室	鑑定人休息室	Expert Witness Lounge	jian4 ding4 ren2 xiu1 xi1 shi4	unclassified	待核查	TW	unclassified	民事廳		tw-judicial:2105	tw-judicial-cbb8786c6ea0fe68e4fc	OGDL-Taiwan-1.0	source_attributed			
银元	銀元	ying yuan,1 ying yuan=3 NT$	yin2 yuan2	unclassified	待核查	TW	unclassified	憲法法庭書記廳		tw-judicial:1772	tw-judicial-0df8aaaf45fd9189ebb3	OGDL-Taiwan-1.0	source_attributed			
银行法	銀行法	The Banking Act of The Republic of China	yin2 hang2 fa3	finance	待核查	TW	unclassified	憲法法庭書記廳		tw-judicial:1773	tw-judicial-8be06b79d13b9dbde90f	OGDL-Taiwan-1.0	source_attributed			
销售凭证	銷售憑証	sales voucher	xiao1 shou4 ping2 zheng4	unclassified	待核查	TW	unclassified	憲法法庭書記廳		tw-judicial:1865	tw-judicial-f74682799d95f066e12f	OGDL-Taiwan-1.0	source_attributed			
销售货物或劳务	銷售貨物或勞務	sale of goods or services	xiao1 shou4 huo4 wu4 huo4 lao2 wu4	unclassified	待核查	TW	unclassified	憲法法庭書記廳		tw-judicial:1864	tw-judicial-169012f8029b3fdcbaca	OGDL-Taiwan-1.0	source_attributed			
销售额	銷售額	sales amount for VAT purposes	xiao1 shou4 e2	tax	CN	INTERNATIONAL	term	中华人民共和国增值税法（2024通过）	第十七条的销售额是增值税计税概念，不宜直接等同于会计收入或合同标价。	oll-cn-tax-trade:cn-vat-sales-amount	cn-vat-sales-amount	CC-BY-4.0	project_authored	纳税人发生应税交易取得的相关全部价款，包括货币和非货币形式经济利益对应的价款，但不包括法律明确排除的增值税税额。	项目释译，非官方译文；for VAT purposes 用于提示该概念具有税法口径。	中华人民共和国增值税法（2024通过） 第17条 https://fgk.chinatax.gov.cn/zcfgk/c100009/c5237365/content.html
销项税额	銷項稅額	output VAT	xiao1 xiang4 shui4 e2	tax	CN	INTERNATIONAL	term	中华人民共和国增值税法（2024通过）	一般计税方法下，应纳税额原则上由当期销项税额抵扣当期进项税额后的余额确定。	oll-cn-tax-trade:cn-vat-output-tax	cn-vat-output-tax	CC-BY-4.0	project_authored	纳税人发生应税交易时，按照销售额乘以适用增值税税率计算的增值税税额。	项目释译，非官方译文；output VAT 对应销项税额，强调销售端计算税额。	中华人民共和国增值税法（2024通过） 第14,16条 https://fgk.chinatax.gov.cn/zcfgk/c100009/c5237365/content.html
错误的描述	錯誤的描述	misdescription	cuo4 wu4 de5 miao2 shu4	intellectual_property	待核查	TW	unclassified	A13070000G		tw-tipo-trademark:362	tw-tipo-trademark-5bca68a89399584fd70b	OGDL-Taiwan-1.0	source_attributed			
镶牙生管理规则	鑲牙生管理規則	Regulations Governing the Supervision of the Practitioners of Odontrypy	xiang1 ya2 sheng1 guan3 li3 gui1 ze2	unclassified	待核查	TW	statute	憲法法庭書記廳		tw-judicial:2121	tw-judicial-48ca958840faa6ab10af	OGDL-Taiwan-1.0	source_attributed			
长期居留	長期居留	long-term residency	chang2 qi1 ju1 liu2	unclassified	待核查	TW	unclassified	憲法法庭書記廳		tw-judicial:845	tw-judicial-e3722b06a9ae0a5d5bec	OGDL-Taiwan-1.0	source_attributed			
问题、争议、议题	問題、爭議、議題	issue		intellectual_property	待核查	TW	unclassified	A13070000G		tw-tipo-trademark:326	tw-tipo-trademark-90f215498116ca5f56b6	OGDL-Taiwan-1.0	source_attributed			
间接处分	間接處分	indirect measure	jian4 jie1 chu3 fen4	unclassified	待核查	TW	unclassified	憲法法庭書記廳		tw-judicial:1516	tw-judicial-65ae62b84486a453ff74	OGDL-Taiwan-1.0	source_attributed			
间接证据	間接證據	indirect evidence	jian4 jie1 zheng4 ju4	dispute_resolution	待核查	TW	unclassified	憲法法庭書記廳		tw-judicial:1517	tw-judicial-0de195b30f8adb4441c8	OGDL-Taiwan-1.0	source_attributed			
阅卷	閱卷	Reviewing Case Files and Documents	yue4 juan4	unclassified	待核查	TW	unclassified	司法行政廳		tw-judicial:1866	tw-judicial-3c81d903dc165f1b4e55	OGDL-Taiwan-1.0	source_attributed			
阅卷室	閱卷室	File Reading Room	yue4 juan4 shi4	unclassified	待核查	TW	unclassified	司法行政廳		tw-judicial:1867	tw-judicial-082d66c0488e200465ee	OGDL-Taiwan-1.0	source_attributed			
阐明权	闡明權	power of inquiry	chan3 ming2 quan2	unclassified	待核查	TW	unclassified	憲法法庭書記廳		tw-judicial:2093	tw-judicial-1e358b32705383bccf1f	OGDL-Taiwan-1.0	source_attributed			
防弊措施	防弊措施	Preventive Measures Against Corruption and Malfeasance	fang2 bi4 cuo4 shi1	unclassified	待核查	TW	unclassified	政風處		tw-judicial:686	tw-judicial-b813cb1affe6399528a8	OGDL-Taiwan-1.0	source_attributed			
防护商标	防護商標	defensive mark	fang2 hu4 shang1 biao1	intellectual_property	待核查	TW	unclassified	A13070000G		tw-tipo-trademark:136	tw-tipo-trademark-1a8ce9db8e461755a9a9	OGDL-Taiwan-1.0	source_attributed			
防止妨害他人自由	防止妨害他人自由	prevent infringement upon the freedoms of other persons	fang2 zhi3 fang2 hai4 ta1 ren2 zi4 you2	unclassified	待核查	TW	unclassified	憲法法庭書記廳		tw-judicial:685	tw-judicial-e3c005415321f65307a1	OGDL-Taiwan-1.0	source_attributed			
阴影混淆	陰影混淆	shade confusion	yin1 ying3 hun4 xiao2	intellectual_property	待核查	TW	unclassified	A13070000G		tw-tipo-trademark:509	tw-tipo-trademark-7698ec462d5b0e70ae9d	OGDL-Taiwan-1.0	source_attributed			
阻却违法	阻卻違法	affirmative defense	zu3 que4 wei2 fa3	unclassified	待核查	TW	statute	憲法法庭書記廳		tw-judicial:846	tw-judicial-6287ffab3cefc50526b6	OGDL-Taiwan-1.0	source_attributed			
附属	附屬	pertain	fu4 shu3	intellectual_property	待核查	TW	unclassified	A13070000G		tw-tipo-trademark:407	tw-tipo-trademark-9b3cd31cbe55a89bd39d	OGDL-Taiwan-1.0	source_attributed			
附条件买卖	附條件買賣	conditional sale	fu4 tiao2 jian4 mai3 mai4	contracts	待核查	TW	unclassified	憲法法庭書記廳		tw-judicial:847	tw-judicial-3c62f0892dbdf6ff753b	OGDL-Taiwan-1.0	source_attributed			
陆海空军军官士官任官条例	陸海空軍軍官士官任官條例	Act of Commission for Officers and Noncommissioned Officers of the Armed Forces Commission Act for Officers and Noncommissioned Officers of the Armed Forces	lu4 hai3 kong1 jun1 jun1 guan1 shi4 guan1 ren4 guan1 tiao2 li4	unclassified	待核查	TW	statute	憲法法庭書記廳		tw-judicial:1372	tw-judicial-d5d752d49a1039590fc4	OGDL-Taiwan-1.0	source_attributed			
陆海空军军官服役条例	陸海空軍軍官服役條例	Armed Forces Officers Service Act	lu4 hai3 kong1 jun1 jun1 guan1 fu2 yi4 tiao2 li4	unclassified	待核查	TW	statute	憲法法庭書記廳		tw-judicial:1373	tw-judicial-3ec4b2ea9a8feb63a41a	OGDL-Taiwan-1.0	source_attributed			
陆海空军军官服役条例施行细则	陸海空軍軍官服役條例施行細則	Enforcement Rules of Armed Forces Officers Service Act	lu4 hai3 kong1 jun1 jun1 guan1 fu2 yi4 tiao2 li4 shi1 xing2 xi4 ze2	unclassified	待核查	TW	statute	憲法法庭書記廳		tw-judicial:1374	tw-judicial-a3f221e94514f6591dc5	OGDL-Taiwan-1.0	source_attributed			
陆海空军刑法	陸海空軍刑法	Criminal Code of the Armed Forces	lu4 hai3 kong1 jun1 xing2 fa3	criminal	待核查	TW	statute	憲法法庭書記廳		tw-judicial:1371	tw-judicial-d9e4be8c149731f18610	OGDL-Taiwan-1.0	source_attributed			
陆海空军奖励条例	陸海空軍獎勵條例	Act of Medal of Honor of the Armed Forces	lu4 hai3 kong1 jun1 jiang3 li4 tiao2 li4	unclassified	待核查	TW	statute	憲法法庭書記廳		tw-judicial:1377	tw-judicial-e8754f5520723d8b6475	OGDL-Taiwan-1.0	source_attributed			
陆海空军审判法	陸海空軍審判法	Armed Forces Trial Act	lu4 hai3 kong1 jun1 shen3 pan4 fa3	dispute_resolution	待核查	TW	statute	憲法法庭書記廳		tw-judicial:1376	tw-judicial-40d70ad823050788bf05	OGDL-Taiwan-1.0	source_attributed			
陆海空军惩罚法	陸海空軍懲罰法	Armed Forces Punishment Act	lu4 hai3 kong1 jun1 cheng2 fa2 fa3	unclassified	待核查	TW	statute	憲法法庭書記廳		tw-judicial:1378	tw-judicial-19241b3c3d31f24b23a4	OGDL-Taiwan-1.0	source_attributed			
陆海空军无军职军官处理办法	陸海空軍無軍職軍官處理辦法	Regulations Governing the Handling of Armed Forces Non-Duty Officers	lu4 hai3 kong1 jun1 wu2 jun1 zhi2 jun1 guan1 chu3 li3 ban4 fa3	unclassified	待核查	TW	statute	憲法法庭書記廳		tw-judicial:1375	tw-judicial-f418835be3c3ea67ee27	OGDL-Taiwan-1.0	source_attributed			
陈情、请愿、申请	陳情、請願、申請	petition		intellectual_property	待核查	TW	unclassified	A13070000G		tw-tipo-trademark:409	tw-tipo-trademark-375c2c1e22e119756afc	OGDL-Taiwan-1.0	source_attributed			
陈述、主张、论点	陳述、主張、論點	proposition		intellectual_property	待核查	TW	unclassified	A13070000G		tw-tipo-trademark:449	tw-tipo-trademark-43917d00fa22633d9e59	OGDL-Taiwan-1.0	source_attributed			
陈述权	陳述權	right to make representations	chen2 shu4 quan2	administrative	CN	INTERNATIONAL	term	中华人民共和国行政处罚法（2021修订）	行政机关作出处罚决定前应告知相关权利，并充分听取当事人意见；当事人的陈述不能成为加重处罚的理由。	oll-cn-admin-labor:cn-admin-statement-right	cn-admin-statement-right	CC-BY-4.0	project_authored	行政处罚程序中，当事人就拟受处罚事项陈述事实、意见和理由的程序性权利。	项目释译，非官方译文；make representations 强调向行政机关陈述意见，不等同于诉讼中的 oral argument。	中华人民共和国行政处罚法（2021修订） 第7,44,45条 https://fgk.chinatax.gov.cn/zcfgk/c100009/c5211778/content.html
降级	降級	demote	jiang4 ji2	unclassified	待核查	TW	unclassified	憲法法庭書記廳		tw-judicial:971	tw-judicial-f3bb849f4d34d9f7b7a3	OGDL-Taiwan-1.0	source_attributed			
限制欠税人或欠税营利事业负责人出境办法	限制欠稅人或欠稅營利事業負責人出境辦法	Regulations Governing the Restriction on the Persons or Representatives of Profit-Making-Enterprise Defaulting on Tax Payments to Apply for Exit Permit	xian4 zhi4 qian4 shui4 ren2 huo4 qian4 shui4 ying2 li4 shi4 ye4 fu4 ze2 ren2 chu1 jing4 ban4 fa3	tax	待核查	TW	statute	憲法法庭書記廳		tw-judicial:968	tw-judicial-3065ffe6fce6bcd39224	OGDL-Taiwan-1.0	source_attributed			
限制民事行为能力	限制民事行爲能力	limited capacity for civil juristic acts	xian4 zhi4 min2 shi4 xing2 wei2 neng2 li4	civil	CN	INTERNATIONAL	term	中华人民共和国民法典（2020）	八周岁以上未成年人，以及不能完全辨认自己行为的成年人，适用不同条款；纯获利益或与其认知状况相适应的行为可独立实施。	oll-cn-core:cn-limited-capacity	cn-limited-capacity	CC-BY-4.0	project_authored	实施民事法律行为受到法律限制，需要法定代理、同意或追认的行为能力状态。	项目释译，非官方译文；limited 不表示完全没有行为能力。	中华人民共和国民法典（2020） 第19,22条 https://www.court.gov.cn/zixun/xiangqing/233181.html
限制进出口货物	限制進出口貨物	goods subject to import or export restrictions	xian4 zhi4 jin4 chu1 kou3 huo4 wu4	trade	CN	INTERNATIONAL	term	中华人民共和国对外贸易法（2025第二次修订）	第二十一条说明限制进出口货物实行配额、许可证等管理；这不同于法律上的禁止进出口。	oll-cn-tax-trade:cn-restricted-import-export-goods	cn-restricted-import-export-goods	CC-BY-4.0	project_authored	国家依法限制进口或出口、并实行配额、许可证等方式管理的货物。	项目释译，非官方译文；goods subject to import or export restrictions 突出“限制”而非绝对禁止。	中华人民共和国对外贸易法（2025第二次修订） 第21条 https://www.baiyinqu.gov.cn/XZJDBMDW/bmdw/byqswjn/fdzdgknr/lzyj/zcfg/art/2025/art_f4f31ac31bb8407a8b8d6afd5ac8f411.html
限定继承	限定繼承	entail	xian4 ding4 ji4 cheng2	family	待核查	TW	unclassified	少年及家事廳		tw-judicial:969	tw-judicial-b60eac57ce48ce7c992b	OGDL-Taiwan-1.0	source_attributed			
限期离境	限期離境	order to exit within a specified period	xian4 qi1 li2 jing4	unclassified	待核查	TW	unclassified	憲法法庭書記廳		tw-judicial:970	tw-judicial-1dd672638027bda74a48	OGDL-Taiwan-1.0	source_attributed			
院长	院長	Chief Judge或President	yuan4 zhang3	unclassified	待核查	TW	unclassified	司法行政廳		tw-judicial:1112	tw-judicial-62a993ce40475f4da340	OGDL-Taiwan-1.0	source_attributed			
院长室	院長室	Chief Judge's Office或President's Office	yuan4 zhang3 shi4	unclassified	待核查	TW	unclassified	司法行政廳		tw-judicial:1113	tw-judicial-cb7b09d2d8a01d99ded5	OGDL-Taiwan-1.0	source_attributed			
院长室主任	院長室主任	Director	yuan4 zhang3 shi4 zhu3 ren4	unclassified	待核查	TW	unclassified	司法行政廳		tw-judicial:1114	tw-judicial-0e0fa472098865e90a3a	OGDL-Taiwan-1.0	source_attributed			
除权判决	除權判決	invalidating judgment	chu2 quan2 pan4 jue2	dispute_resolution	待核查	TW	unclassified	憲法法庭書記廳		tw-judicial:1115	tw-judicial-37696299957dfbe90856	OGDL-Taiwan-1.0	source_attributed			
除非证据记纪录显示 申请人可能使用商标于违法交易。	除非證據記紀錄顯示 申請人可能使用商標於違法交易。	The Office will not make an inquiry unless evidence of record clearly indicates that the applicant may be trafficking in marks.		intellectual_property	待核查	TW	unclassified	A13070000G		tw-tipo-trademark:305	tw-tipo-trademark-be42a5910c2e103bfb08	OGDL-Taiwan-1.0	source_attributed			
陪同人、诉讼参加人及代理人席	陪同人、訴訟參加人及代理人席	Support Person, Participant, and Representative of Victims		dispute_resolution	待核查	TW	unclassified	憲法法庭書記廳		tw-judicial:1370	tw-judicial-b4b2aa3791c9a8dc263f	OGDL-Taiwan-1.0	source_attributed			
隐私权	隱私權	right to privacy	yin3 si1 quan2	civil,privacy	CN	INTERNATIONAL	term	中华人民共和国民法典（2020）	个人信息中的私密信息优先适用隐私权规定；个人信息与隐私并非完全同义。	oll-cn-core:cn-privacy-right	cn-privacy-right	CC-BY-4.0	project_authored	自然人对私人生活安宁及不愿他人知晓的私密空间、活动和信息所享有的权利。	项目释译，非官方译文；本词条说明民法典语境，不直接概括全部数据保护权利。	中华人民共和国民法典（2020） 第1032,1034条 https://www.court.gov.cn/zixun/xiangqing/233181.html
隐私权	隱私權	right of privacy	yin3 si1 quan2	privacy	待核查	TW	unclassified	憲法法庭書記廳		tw-judicial:1998	tw-judicial-f51b19a8aa715d7aa0a0	OGDL-Taiwan-1.0	source_attributed			
集会游行法	集會遊行法	Assembly and Parade Act	ji2 hui4 you2 xing2 fa3	unclassified	待核查	TW	statute	憲法法庭書記廳		tw-judicial:1519	tw-judicial-745538bace737eddce41	OGDL-Taiwan-1.0	source_attributed			
集水区	集水區	catchment area	ji2 shui3 qu1	unclassified	待核查	TW	unclassified	憲法法庭書記廳		tw-judicial:1518	tw-judicial-71a1e7e9a856902f6a09	OGDL-Taiwan-1.0	source_attributed			
雇员	雇員	Assistant Clerk	gu4 yuan2	unclassified	待核查	TW	unclassified	司法行政廳		tw-judicial:1520	tw-judicial-16ec4dfb35fce4f844af	OGDL-Taiwan-1.0	source_attributed			
需用土地人	需用土地人	condemnor	xu1 yong4 tu3 di4 ren2	property	待核查	TW	unclassified	憲法法庭書記廳		tw-judicial:1774	tw-judicial-2b4af8650fc21ae40063	OGDL-Taiwan-1.0	source_attributed			
非属类名之名称	非屬類名之名稱	non-generic term	fei1 shu3 lei4 ming2 zhi1 ming2 cheng1	intellectual_property	待核查	TW	unclassified	A13070000G		tw-tipo-trademark:372	tw-tipo-trademark-206d9e3206d40a63d8b0	OGDL-Taiwan-1.0	source_attributed			
非常上诉	非常上訴	extraordinary appeal	fei1 chang2 shang4 su4	dispute_resolution	待核查	TW	unclassified	憲法法庭書記廳		tw-judicial:849	tw-judicial-626f75e56733aec9c0a3	OGDL-Taiwan-1.0	source_attributed			
非常上诉救济	非常上訴救濟	remedy of extraordinary appeal	fei1 chang2 shang4 su4 jiu4 ji4	dispute_resolution	待核查	TW	unclassified	憲法法庭書記廳		tw-judicial:850	tw-judicial-013789927240c6095b6b	OGDL-Taiwan-1.0	source_attributed			
非法人组织	非法人組織	unincorporated organization	fei1 fa3 ren2 zu3 zhi1	civil,company	CN	INTERNATIONAL	term	中华人民共和国民法典（2020）	条文列举个人独资企业、合伙企业及不具有法人资格的专业服务机构等。	oll-cn-core:cn-unincorporated-organization	cn-unincorporated-organization	CC-BY-4.0	project_authored	不具有法人资格，但能够依法以自己的名义从事民事活动的组织。	项目释译，非官方译文；unincorporated 在此对应中国民法分类，不自动等同某一外国法组织类型。	中华人民共和国民法典（2020） 第102条 https://www.court.gov.cn/zixun/xiangqing/233181.html
非营业收入	非營業收入	non-operating income	fei1 ying2 ye4 shou1 ru4	unclassified	待核查	TW	unclassified	憲法法庭書記廳		tw-judicial:853	tw-judicial-ab658ad939dd9c2514e0	OGDL-Taiwan-1.0	source_attributed			
非营利法人	非營利法人	non-profit legal person	fei1 ying2 li4 fa3 ren2	civil	CN	INTERNATIONAL	term	中华人民共和国民法典（2020）	判断要点包括设立目的和不分配利润；不能仅凭是否收取费用判断。	oll-cn-core:cn-non-profit-legal-person	cn-non-profit-legal-person	CC-BY-4.0	project_authored	为公益或者其他非营利目的成立，且不向出资人、设立人或会员分配所获利润的法人。	项目释译，非官方译文；non-profit 不宜误译成完全不得取得收入。	中华人民共和国民法典（2020） 第87条 https://www.court.gov.cn/zixun/xiangqing/233181.html
非行政处分	非行政處分	non-administrative act	fei1 xing2 zheng4 chu3 fen4	administrative	待核查	TW	unclassified	憲法法庭書記廳		tw-judicial:848	tw-judicial-927135093ca35254b24e	OGDL-Taiwan-1.0	source_attributed			
非要式、非正式	非要式、非正式	informality		intellectual_property	待核查	TW	unclassified	A13070000G		tw-tipo-trademark:298	tw-tipo-trademark-6ecd781a6e698e37608d	OGDL-Taiwan-1.0	source_attributed			
非要式原则	非要式原則	principle of informality	fei1 yao4 shi4 yuan2 ze2	intellectual_property	待核查	TW	unclassified	A13070000G		tw-tipo-trademark:299	tw-tipo-trademark-2e699155046912d4401a	OGDL-Taiwan-1.0	source_attributed			
非讼事件处理中心	非訟事件處理中心	Center for Non-Contentious Matters	fei1 song4 shi4 jian4 chu3 li3 zhong1 xin1	unclassified	待核查	TW	unclassified	司法行政廳		tw-judicial:851	tw-judicial-8a4703103ac9eebd5561	OGDL-Taiwan-1.0	source_attributed			
非都市土地使用管制规则	非都市土地使用管制規則	Regulations Governing the Utilization Control of Non-Urban Land	fei1 du1 shi4 tu3 di4 shi3 yong4 guan3 zhi4 gui1 ze2	property	待核查	TW	statute	憲法法庭書記廳		tw-judicial:852	tw-judicial-97481e6cfb966731e7ff	OGDL-Taiwan-1.0	source_attributed			
顾问室	顧問室	Advisor	gu4 wen4 shi4	unclassified	待核查	TW	unclassified	司法行政廳		tw-judicial:2099	tw-judicial-1d29b5c82eeac2baa579	OGDL-Taiwan-1.0	source_attributed			
预备军官	預備軍官	reserve military officers	yu4 bei4 jun1 guan1	unclassified	待核查	TW	unclassified	憲法法庭書記廳		tw-judicial:1631	tw-judicial-4588a765f59c994746e0	OGDL-Taiwan-1.0	source_attributed			
预算	預算	budget	yu4 suan4	unclassified	待核查	TW	unclassified	會計處		tw-judicial:1632	tw-judicial-c1a83d68c519b9a27fc6	OGDL-Taiwan-1.0	source_attributed			
预算总额	預算總額	total budget	yu4 suan4 zong3 e2	unclassified	待核查	TW	unclassified	憲法法庭書記廳		tw-judicial:1635	tw-judicial-7eceb3028f38a601eaa1	OGDL-Taiwan-1.0	source_attributed			
预算案	預算案	Budget Proposal	yu4 suan4 an4	unclassified	待核查	TW	unclassified	會計處		tw-judicial:1634	tw-judicial-929e4d50cca628ce6068	OGDL-Taiwan-1.0	source_attributed			
预算法	預算法	Budget Act	yu4 suan4 fa3	unclassified	待核查	TW	unclassified	憲法法庭書記廳		tw-judicial:1633	tw-judicial-bba1cc4b4c33956190a7	OGDL-Taiwan-1.0	source_attributed			
预防性禁制令	預防性禁制令	quia timet injunction	yu4 fang2 xing4 jin4 zhi4 ling4	intellectual_property	待核查	TW	unclassified	A13070000G		tw-tipo-trademark:461	tw-tipo-trademark-153908e76552e88a1eee	OGDL-Taiwan-1.0	source_attributed			
领受人	領受人	recipient	ling3 shou4 ren2	unclassified	待核查	TW	unclassified	憲法法庭書記廳		tw-judicial:1775	tw-judicial-0335b09a6cbac59d0fa4	OGDL-Taiwan-1.0	source_attributed			
频繁地、屡次地	頻繁地、屢次地	frequently		intellectual_property	待核查	TW	unclassified	A13070000G		tw-tipo-trademark:244	tw-tipo-trademark-516b5cd1cff807c7a402	OGDL-Taiwan-1.0	source_attributed			
餐厅	餐廳	Restaurant	can1 ting1	unclassified	待核查	TW	unclassified	司法行政廳		tw-judicial:1939	tw-judicial-21d60e5f3d905c07e268	OGDL-Taiwan-1.0	source_attributed			
饮水机	飲水機	Drinking Fountain	yin3 shui3 ji1	unclassified	待核查	TW	unclassified	司法行政廳		tw-judicial:1521	tw-judicial-7b942c03f1cf88ad9f0a	OGDL-Taiwan-1.0	source_attributed			
饮用水管理条例	飲用水管理條例	Drinking Water Management Act	yin3 yong4 shui3 guan3 li3 tiao2 li4	unclassified	待核查	TW	statute	憲法法庭書記廳		tw-judicial:1522	tw-judicial-21605002fdd408e6eaa2	OGDL-Taiwan-1.0	source_attributed			
饰有纹章的盾	飾有紋章的盾	escutcheon	shi4 you3 wen2 zhang1 de5 dun4	intellectual_property	待核查	TW	unclassified	A13070000G		tw-tipo-trademark:192	tw-tipo-trademark-6ab19ba21f3a062f00d1	OGDL-Taiwan-1.0	source_attributed			
饲料管理法	飼料管理法	Feeds Control Act	si4 liao4 guan3 li3 fa3	unclassified	待核查	TW	statute	憲法法庭書記廳		tw-judicial:1636	tw-judicial-6581e6b2b8b2a12c0d39	OGDL-Taiwan-1.0	source_attributed			
香港澳门关系条例	香港澳門關係條例	Laws and Regulations Regarding Hong Kong & Macao Affairs	xiang1 gang3 ao4 men2 guan1 xi4 tiao2 li4	unclassified	待核查	TW	statute	憲法法庭書記廳		tw-judicial:972	tw-judicial-f3c707f6d6062478e06c	OGDL-Taiwan-1.0	source_attributed			
马德里议定书	馬德里議定書	Madrid Protocol	ma3 de2 li3 yi4 ding4 shu1	intellectual_property	待核查	TW	unclassified	A13070000G		tw-tipo-trademark:348	tw-tipo-trademark-88d83cb621c1dea16bf7	OGDL-Taiwan-1.0	source_attributed			
驳回诉讼	駁回訴訟	dismissal	bo2 hui2 su4 song4	intellectual_property	待核查	TW	unclassified	A13070000G		tw-tipo-trademark:155	tw-tipo-trademark-f48d99662751d0b3fc59	OGDL-Taiwan-1.0	source_attributed			
驻华外国机构及其人员特权暨豁免条例	駐華外國機構及其人員特權暨豁免條例	Act Governing the Privileges and Immunities of Foreign Offices and their Personnel in the Republic of China	zhu4 hua2 wai4 guo2 ji1 gou4 ji2 qi2 ren2 yuan2 te4 quan2 ji4 huo4 mian3 tiao2 li4	unclassified	待核查	TW	statute	憲法法庭書記廳		tw-judicial:1874	tw-judicial-7ed8f2b4775c21f342f4	OGDL-Taiwan-1.0	source_attributed			
驻卫警	駐衛警	Security Guard	zhu4 wei4 jing3	unclassified	待核查	TW	unclassified	司法行政廳		tw-judicial:1875	tw-judicial-414258cf0b1d9be9c1f9	OGDL-Taiwan-1.0	source_attributed			
驻卫警室	駐衛警室	Security Guard	zhu4 wei4 jing3 shi4	unclassified	待核查	TW	unclassified	司法行政廳		tw-judicial:1877	tw-judicial-cbade7bccc073494af57	OGDL-Taiwan-1.0	source_attributed			
驻卫警小队长	駐衛警小隊長	Chief of Security Guard	zhu4 wei4 jing3 xiao3 dui4 zhang3	unclassified	待核查	TW	unclassified	司法行政廳		tw-judicial:1876	tw-judicial-2659843b97f8b53fa82a	OGDL-Taiwan-1.0	source_attributed			
驻外使领馆组织条例	駐外使領館組織條例	Organic Act of the Embassies and Consulates of the Republic of China	zhu4 wai4 shi3 ling3 guan3 zu3 zhi1 tiao2 li4	unclassified	待核查	TW	statute	憲法法庭書記廳		tw-judicial:1873	tw-judicial-92b70968f32d4bca9b37	OGDL-Taiwan-1.0	source_attributed			
驾车肇事逃逸	駕車肇事逃逸	hit-and-run accident	jia4 che1 zhao4 shi4 tao2 yi4	unclassified	待核查	TW	unclassified	憲法法庭書記廳		tw-judicial:1878	tw-judicial-df4a77161d7aae925c58	OGDL-Taiwan-1.0	source_attributed			
驾驶（公务车）	駕駛（公務車）	Driver		unclassified	待核查	TW	unclassified	司法行政廳		tw-judicial:1879	tw-judicial-d463fe09ef377eb4df00	OGDL-Taiwan-1.0	source_attributed			
驾驶（首长座车）	駕駛（首長座車）	Chauffeur		unclassified	待核查	TW	unclassified	司法行政廳		tw-judicial:1880	tw-judicial-4cd6668ede6a7c1d465f	OGDL-Taiwan-1.0	source_attributed			
骗子、冒充者	騙子、冒充者	imposter		intellectual_property	待核查	TW	unclassified	A13070000G		tw-tipo-trademark:288	tw-tipo-trademark-d898189c737b8b2686d9	OGDL-Taiwan-1.0	source_attributed			
高级管理人员	高級管理人員	senior management personnel	gao1 ji2 guan3 li3 ren2 yuan2	company	CN	INTERNATIONAL	role	中华人民共和国公司法（2023修订）	这里是特定法律范围，不等于所有岗位名称中带高级的员工。	oll-cn-core:cn-senior-management	cn-senior-management	CC-BY-4.0	project_authored	公司法列举的经理、副经理、财务负责人、上市公司董事会秘书及章程规定的其他人员。	项目释译，非官方译文；需结合本法列举及公司章程理解。	中华人民共和国公司法（2023修订） 第265条 https://fgk.chinatax.gov.cn/zcfgk/c100009/c5233383/content.html
高级管理师	高級管理師	Senior Systems Coordinator	gao1 ji2 guan3 li3 shi1	unclassified	待核查	TW	unclassified	司法行政廳		tw-judicial:1117	tw-judicial-4eff380c1fee20c2dc37	OGDL-Taiwan-1.0	source_attributed			
高雄高等行政法院	高雄高等行政法院	Kaohsiung High Administrative Court	gao1 xiong2 gao1 deng3 xing2 zheng4 fa3 yuan4	administrative,dispute_resolution	待核查	TW	institution	司法行政廳		tw-judicial:1118	tw-judicial-924df1f1d4bdf0f79edc	OGDL-Taiwan-1.0	source_attributed			
麻醉药品管理条例	麻醉藥品管理條例	Narcotics Control Act	ma2 zui4 yao4 pin3 guan3 li3 tiao2 li4	unclassified	待核查	TW	statute	憲法法庭書記廳		tw-judicial:1379	tw-judicial-97f0cd0720b949b8fc81	OGDL-Taiwan-1.0	source_attributed			
（演员的）艺名	（演員的）藝名	stage name		intellectual_property	待核查	TW	unclassified	A13070000G		tw-tipo-trademark:537	tw-tipo-trademark-d500ff7825b3a42a2ea9	OGDL-Taiwan-1.0	source_attributed			
